0 0
1 1
2 1
3 2
4 2
5 2
6 2
7 3
8 3
9 3
10 3
11 3
12 3
13 4
14 4
15 4
16 4
17 4
18 4
19 4
20 4
21 5
22 5
23 5
24 5
25 5
26 5
27 5
28 5
29 5
30 5
31 6
32 6
33 6
34 6
35 6
36 6
37 6
38 6
39 6
40 6
41 6
42 6
43 7
44 7
45 7
46 7
47 7
48 7
49 7
50 7
51 7
52 7
53 7
54 7
55 7
56 7
57 8
58 8
59 8
60 8
61 8
62 8
63 8
64 8
65 8
66 8
67 8
68 8
69 8
70 8
71 8
72 8
73 9
74 9
75 9
76 9
77 9
78 9
79 9
80 9
81 9
82 9
83 9
84 9
85 9
86 9
87 9
88 9
89 9
90 9
91 10
92 10
93 10
94 10
95 10
96 10
97 10
98 10
99 10
100 10
101 10
102 10
103 10
104 10
105 10
106 10
107 10
108 10
109 10
110 10
111 11
112 11
113 11
114 11
115 11
116 11
117 11
118 11
119 11
120 11
121 11
122 11
123 11
124 11
125 11
126 11
127 11
128 11
129 11
130 11
131 11
132 11
133 12
134 12
135 12
136 12
137 12
138 12
139 12
140 12
141 12
142 12
143 12
144 12
145 12
146 12
147 12
148 12
149 12
150 12
151 12
152 12
153 12
154 12
155 12
156 12
157 13
158 13
159 13
160 13
161 13
162 13
163 13
164 13
165 13
166 13
167 13
168 13
169 13
170 13
171 13
172 13
173 13
174 13
175 13
176 13
177 13
178 13
179 13
180 13
181 13
182 13
183 14
184 14
185 14
186 14
187 14
188 14
189 14
190 14
191 14
192 14
193 14
194 14
195 14
196 14
197 14
198 14
199 14
200 14
201 14
202 14
203 14
204 14
205 14
206 14
207 14
208 14
209 14
210 14
211 15
212 15
213 15
214 15
215 15
216 15
217 15
218 15
219 15
220 15
221 15
222 15
223 15
224 15
225 15
226 15
227 15
228 15
229 15
230 15
231 15
232 15
233 15
234 15
235 15
236 15
237 15
238 15
239 15
240 15
241 16
242 16
243 16
244 16
245 16
246 16
247 16
248 16
249 16
250 16
251 16
252 16
253 16
254 16
255 16
256 16
257 16
258 16
259 16
260 16
261 16
262 16
263 16
264 16
265 16
266 16
267 16
268 16
269 16
270 16
271 16
272 16
273 17
274 17
275 17
276 17
277 17
278 17
279 17
280 17
281 17
282 17
283 17
284 17
285 17
286 17
287 17
288 17
289 17
290 17
291 17
292 17
293 17
294 17
295 17
296 17
297 17
298 17
299 17
300 17
301 17
302 17
303 17
304 17
305 17
306 17
307 18
308 18
309 18
310 18
311 18
312 18
313 18
314 18
315 18
316 18
317 18
318 18
319 18
320 18
321 18
322 18
323 18
324 18
325 18
326 18
327 18
328 18
329 18
330 18
331 18
332 18
333 18
334 18
335 18
336 18
337 18
338 18
339 18
340 18
341 18
342 18
343 19
344 19
345 19
346 19
347 19
348 19
349 19
350 19
351 19
352 19
353 19
354 19
355 19
356 19
357 19
358 19
359 19
360 19
361 19
362 19
363 19
364 19
365 19
366 19
367 19
368 19
369 19
370 19
371 19
372 19
373 19
374 19
375 19
376 19
377 19
378 19
379 19
380 19
381 20
382 20
383 20
384 20
385 20
386 20
387 20
388 20
389 20
390 20
391 20
392 20
393 20
394 20
395 20
396 20
397 20
398 20
399 20
400 20
401 20
402 20
403 20
404 20
405 20
406 20
407 20
408 20
409 20
410 20
411 20
412 20
413 20
414 20
415 20
416 20
417 20
418 20
419 20
420 20
421 21
422 21
423 21
424 21
425 21
426 21
427 21
428 21
429 21
430 21
431 21
432 21
433 21
434 21
435 21
436 21
437 21
438 21
439 21
440 21
441 21
442 21
443 21
444 21
445 21
446 21
447 21
448 21
449 21
450 21
451 21
452 21
453 21
454 21
455 21
456 21
457 21
458 21
459 21
460 21
461 21
462 21
463 22
464 22
465 22
466 22
467 22
468 22
469 22
470 22
471 22
472 22
473 22
474 22
475 22
476 22
477 22
478 22
479 22
480 22
481 22
482 22
483 22
484 22
485 22
486 22
487 22
488 22
489 22
490 22
491 22
492 22
493 22
494 22
495 22
496 22
497 22
498 22
499 22
500 22
501 22
502 22
503 22
504 22
505 22
506 22
507 23
508 23
509 23
510 23
511 23
512 23
513 23
514 23
515 23
516 23
517 23
518 23
519 23
520 23
521 23
522 23
523 23
524 23
525 23
526 23
527 23
528 23
529 23
530 23
531 23
532 23
533 23
534 23
535 23
536 23
537 23
538 23
539 23
540 23
541 23
542 23
543 23
544 23
545 23
546 23
547 23
548 23
549 23
550 23
551 23
552 23
553 24
554 24
555 24
556 24
557 24
558 24
559 24
560 24
561 24
562 24
563 24
564 24
565 24
566 24
567 24
568 24
569 24
570 24
571 24
572 24
573 24
574 24
575 24
576 24
577 24
578 24
579 24
580 24
581 24
582 24
583 24
584 24
585 24
586 24
587 24
588 24
589 24
590 24
591 24
592 24
593 24
594 24
595 24
596 24
597 24
598 24
599 24
600 24
601 25
602 25
603 25
604 25
605 25
606 25
607 25
608 25
609 25
610 25
611 25
612 25
613 25
614 25
615 25
616 25
617 25
618 25
619 25
620 25
621 25
622 25
623 25
624 25
625 25
626 25
627 25
628 25
629 25
630 25
631 25
632 25
633 25
634 25
635 25
636 25
637 25
638 25
639 25
640 25
641 25
642 25
643 25
644 25
645 25
646 25
647 25
648 25
649 25
650 25
651 26
652 26
653 26
654 26
655 26
656 26
657 26
658 26
659 26
660 26
661 26
662 26
663 26
664 26
665 26
666 26
667 26
668 26
669 26
670 26
671 26
672 26
673 26
674 26
675 26
676 26
677 26
678 26
679 26
680 26
681 26
682 26
683 26
684 26
685 26
686 26
687 26
688 26
689 26
690 26
691 26
692 26
693 26
694 26
695 26
696 26
697 26
698 26
699 26
700 26
701 26
702 26
703 27
704 27
705 27
706 27
707 27
708 27
709 27
710 27
711 27
712 27
713 27
714 27
715 27
716 27
717 27
718 27
719 27
720 27
721 27
722 27
723 27
724 27
725 27
726 27
727 27
728 27
729 27
730 27
731 27
732 27
733 27
734 27
735 27
736 27
737 27
738 27
739 27
740 27
741 27
742 27
743 27
744 27
745 27
746 27
747 27
748 27
749 27
750 27
751 27
752 27
753 27
754 27
755 27
756 27
757 28
758 28
759 28
760 28
761 28
762 28
763 28
764 28
765 28
766 28
767 28
768 28
769 28
770 28
771 28
772 28
773 28
774 28
775 28
776 28
777 28
778 28
779 28
780 28
781 28
782 28
783 28
784 28
785 28
786 28
787 28
788 28
789 28
790 28
791 28
792 28
793 28
794 28
795 28
796 28
797 28
798 28
799 28
800 28
801 28
802 28
803 28
804 28
805 28
806 28
807 28
808 28
809 28
810 28
811 28
812 28
813 29
814 29
815 29
816 29
817 29
818 29
819 29
820 29
821 29
822 29
823 29
824 29
825 29
826 29
827 29
828 29
829 29
830 29
831 29
832 29
833 29
834 29
835 29
836 29
837 29
838 29
839 29
840 29
841 29
842 29
843 29
844 29
845 29
846 29
847 29
848 29
849 29
850 29
851 29
852 29
853 29
854 29
855 29
856 29
857 29
858 29
859 29
860 29
861 29
862 29
863 29
864 29
865 29
866 29
867 29
868 29
869 29
870 29
871 30
872 30
873 30
874 30
875 30
876 30
877 30
878 30
879 30
880 30
881 30
882 30
883 30
884 30
885 30
886 30
887 30
888 30
889 30
890 30
891 30
892 30
893 30
894 30
895 30
896 30
897 30
898 30
899 30
900 30
901 30
902 30
903 30
904 30
905 30
906 30
907 30
908 30
909 30
910 30
911 30
912 30
913 30
914 30
915 30
916 30
917 30
918 30
919 30
920 30
921 30
922 30
923 30
924 30
925 30
926 30
927 30
928 30
929 30
930 30
931 31
932 31
933 31
934 31
935 31
936 31
937 31
938 31
939 31
940 31
941 31
942 31
943 31
944 31
945 31
946 31
947 31
948 31
949 31
950 31
951 31
952 31
953 31
954 31
955 31
956 31
957 31
958 31
959 31
960 31
961 31
962 31
963 31
964 31
965 31
966 31
967 31
968 31
969 31
970 31
971 31
972 31
973 31
974 31
975 31
976 31
977 31
978 31
979 31
980 31
981 31
982 31
983 31
984 31
985 31
986 31
987 31
988 31
989 31
990 31
991 31
992 31
993 32
994 32
995 32
996 32
997 32
998 32
999 32
1000 32
1001 32
1002 32
1003 32
1004 32
1005 32
1006 32
1007 32
1008 32
1009 32
1010 32
1011 32
1012 32
1013 32
1014 32
1015 32
1016 32
1017 32
1018 32
1019 32
1020 32
1021 32
1022 32
1023 32
1024 32
1025 32
1026 32
1027 32
1028 32
1029 32
1030 32
1031 32
1032 32
1033 32
1034 32
1035 32
1036 32
1037 32
1038 32
1039 32
1040 32
1041 32
1042 32
1043 32
1044 32
1045 32
1046 32
1047 32
1048 32
1049 32
1050 32
1051 32
1052 32
1053 32
1054 32
1055 32
1056 32
1057 33
1058 33
1059 33
1060 33
1061 33
1062 33
1063 33
1064 33
1065 33
1066 33
1067 33
1068 33
1069 33
1070 33
1071 33
1072 33
1073 33
1074 33
1075 33
1076 33
1077 33
1078 33
1079 33
1080 33
1081 33
1082 33
1083 33
1084 33
1085 33
1086 33
1087 33
1088 33
1089 33
1090 33
1091 33
1092 33
1093 33
1094 33
1095 33
1096 33
1097 33
1098 33
1099 33
1100 33
1101 33
1102 33
1103 33
1104 33
1105 33
1106 33
1107 33
1108 33
1109 33
1110 33
1111 33
1112 33
1113 33
1114 33
1115 33
1116 33
1117 33
1118 33
1119 33
1120 33
1121 33
1122 33
1123 34
1124 34
1125 34
1126 34
1127 34
1128 34
1129 34
1130 34
1131 34
1132 34
1133 34
1134 34
1135 34
1136 34
1137 34
1138 34
1139 34
1140 34
1141 34
1142 34
1143 34
1144 34
1145 34
1146 34
1147 34
1148 34
1149 34
1150 34
1151 34
1152 34
1153 34
1154 34
1155 34
1156 34
1157 34
1158 34
1159 34
1160 34
1161 34
1162 34
1163 34
1164 34
1165 34
1166 34
1167 34
1168 34
1169 34
1170 34
1171 34
1172 34
1173 34
1174 34
1175 34
1176 34
1177 34
1178 34
1179 34
1180 34
1181 34
1182 34
1183 34
1184 34
1185 34
1186 34
1187 34
1188 34
1189 34
1190 34
1191 35
1192 35
1193 35
1194 35
1195 35
1196 35
1197 35
1198 35
1199 35
1200 35
1201 35
1202 35
1203 35
1204 35
1205 35
1206 35
1207 35
1208 35
1209 35
1210 35
1211 35
1212 35
1213 35
1214 35
1215 35
1216 35
1217 35
1218 35
1219 35
1220 35
1221 35
1222 35
1223 35
1224 35
1225 35
1226 35
1227 35
1228 35
1229 35
1230 35
1231 35
1232 35
1233 35
1234 35
1235 35
1236 35
1237 35
1238 35
1239 35
1240 35
1241 35
1242 35
1243 35
1244 35
1245 35
1246 35
1247 35
1248 35
1249 35
1250 35
1251 35
1252 35
1253 35
1254 35
1255 35
1256 35
1257 35
1258 35
1259 35
1260 35
1261 36
1262 36
1263 36
1264 36
1265 36
1266 36
1267 36
1268 36
1269 36
1270 36
1271 36
1272 36
1273 36
1274 36
1275 36
1276 36
1277 36
1278 36
1279 36
1280 36
1281 36
1282 36
1283 36
1284 36
1285 36
1286 36
1287 36
1288 36
1289 36
1290 36
1291 36
1292 36
1293 36
1294 36
1295 36
1296 36
1297 36
1298 36
1299 36
1300 36
1301 36
1302 36
1303 36
1304 36
1305 36
1306 36
1307 36
1308 36
1309 36
1310 36
1311 36
1312 36
1313 36
1314 36
1315 36
1316 36
1317 36
1318 36
1319 36
1320 36
1321 36
1322 36
1323 36
1324 36
1325 36
1326 36
1327 36
1328 36
1329 36
1330 36
1331 36
1332 36
1333 37
1334 37
1335 37
1336 37
1337 37
1338 37
1339 37
1340 37
1341 37
1342 37
1343 37
1344 37
1345 37
1346 37
1347 37
1348 37
1349 37
1350 37
1351 37
1352 37
1353 37
1354 37
1355 37
1356 37
1357 37
1358 37
1359 37
1360 37
1361 37
1362 37
1363 37
1364 37
1365 37
1366 37
1367 37
1368 37
1369 37
1370 37
1371 37
1372 37
1373 37
1374 37
1375 37
1376 37
1377 37
1378 37
1379 37
1380 37
1381 37
1382 37
1383 37
1384 37
1385 37
1386 37
1387 37
1388 37
1389 37
1390 37
1391 37
1392 37
1393 37
1394 37
1395 37
1396 37
1397 37
1398 37
1399 37
1400 37
1401 37
1402 37
1403 37
1404 37
1405 37
1406 37
1407 38
1408 38
1409 38
1410 38
1411 38
1412 38
1413 38
1414 38
1415 38
1416 38
1417 38
1418 38
1419 38
1420 38
1421 38
1422 38
1423 38
1424 38
1425 38
1426 38
1427 38
1428 38
1429 38
1430 38
1431 38
1432 38
1433 38
1434 38
1435 38
1436 38
1437 38
1438 38
1439 38
1440 38
1441 38
1442 38
1443 38
1444 38
1445 38
1446 38
1447 38
1448 38
1449 38
1450 38
1451 38
1452 38
1453 38
1454 38
1455 38
1456 38
1457 38
1458 38
1459 38
1460 38
1461 38
1462 38
1463 38
1464 38
1465 38
1466 38
1467 38
1468 38
1469 38
1470 38
1471 38
1472 38
1473 38
1474 38
1475 38
1476 38
1477 38
1478 38
1479 38
1480 38
1481 38
1482 38
1483 39
1484 39
1485 39
1486 39
1487 39
1488 39
1489 39
1490 39
1491 39
1492 39
1493 39
1494 39
1495 39
1496 39
1497 39
1498 39
1499 39
1500 39
1501 39
1502 39
1503 39
1504 39
1505 39
1506 39
1507 39
1508 39
1509 39
1510 39
1511 39
1512 39
1513 39
1514 39
1515 39
1516 39
1517 39
1518 39
1519 39
1520 39
1521 39
1522 39
1523 39
1524 39
1525 39
1526 39
1527 39
1528 39
1529 39
1530 39
1531 39
1532 39
1533 39
1534 39
1535 39
1536 39
1537 39
1538 39
1539 39
1540 39
1541 39
1542 39
1543 39
1544 39
1545 39
1546 39
1547 39
1548 39
1549 39
1550 39
1551 39
1552 39
1553 39
1554 39
1555 39
1556 39
1557 39
1558 39
1559 39
1560 39
1561 40
1562 40
1563 40
1564 40
1565 40
1566 40
1567 40
1568 40
1569 40
1570 40
1571 40
1572 40
1573 40
1574 40
1575 40
1576 40
1577 40
1578 40
1579 40
1580 40
1581 40
1582 40
1583 40
1584 40
1585 40
1586 40
1587 40
1588 40
1589 40
1590 40
1591 40
1592 40
1593 40
1594 40
1595 40
1596 40
1597 40
1598 40
1599 40
1600 40
1601 40
1602 40
1603 40
1604 40
1605 40
1606 40
1607 40
1608 40
1609 40
1610 40
1611 40
1612 40
1613 40
1614 40
1615 40
1616 40
1617 40
1618 40
1619 40
1620 40
1621 40
1622 40
1623 40
1624 40
1625 40
1626 40
1627 40
1628 40
1629 40
1630 40
1631 40
1632 40
1633 40
1634 40
1635 40
1636 40
1637 40
1638 40
1639 40
1640 40
1641 41
1642 41
1643 41
1644 41
1645 41
1646 41
1647 41
1648 41
1649 41
1650 41
1651 41
1652 41
1653 41
1654 41
1655 41
1656 41
1657 41
1658 41
1659 41
1660 41
1661 41
1662 41
1663 41
1664 41
1665 41
1666 41
1667 41
1668 41
1669 41
1670 41
1671 41
1672 41
1673 41
1674 41
1675 41
1676 41
1677 41
1678 41
1679 41
1680 41
1681 41
1682 41
1683 41
1684 41
1685 41
1686 41
1687 41
1688 41
1689 41
1690 41
1691 41
1692 41
1693 41
1694 41
1695 41
1696 41
1697 41
1698 41
1699 41
1700 41
1701 41
1702 41
1703 41
1704 41
1705 41
1706 41
1707 41
1708 41
1709 41
1710 41
1711 41
1712 41
1713 41
1714 41
1715 41
1716 41
1717 41
1718 41
1719 41
1720 41
1721 41
1722 41
1723 42
1724 42
1725 42
1726 42
1727 42
1728 42
1729 42
1730 42
1731 42
1732 42
1733 42
1734 42
1735 42
1736 42
1737 42
1738 42
1739 42
1740 42
1741 42
1742 42
1743 42
1744 42
1745 42
1746 42
1747 42
1748 42
1749 42
1750 42
1751 42
1752 42
1753 42
1754 42
1755 42
1756 42
1757 42
1758 42
1759 42
1760 42
1761 42
1762 42
1763 42
1764 42
1765 42
1766 42
1767 42
1768 42
1769 42
1770 42
1771 42
1772 42
1773 42
1774 42
1775 42
1776 42
1777 42
1778 42
1779 42
1780 42
1781 42
1782 42
1783 42
1784 42
1785 42
1786 42
1787 42
1788 42
1789 42
1790 42
1791 42
1792 42
1793 42
1794 42
1795 42
1796 42
1797 42
1798 42
1799 42
1800 42
1801 42
1802 42
1803 42
1804 42
1805 42
1806 42
1807 43
1808 43
1809 43
1810 43
1811 43
1812 43
1813 43
1814 43
1815 43
1816 43
1817 43
1818 43
1819 43
1820 43
1821 43
1822 43
1823 43
1824 43
1825 43
1826 43
1827 43
1828 43
1829 43
1830 43
1831 43
1832 43
1833 43
1834 43
1835 43
1836 43
1837 43
1838 43
1839 43
1840 43
1841 43
1842 43
1843 43
1844 43
1845 43
1846 43
1847 43
1848 43
1849 43
1850 43
1851 43
1852 43
1853 43
1854 43
1855 43
1856 43
1857 43
1858 43
1859 43
1860 43
1861 43
1862 43
1863 43
1864 43
1865 43
1866 43
1867 43
1868 43
1869 43
1870 43
1871 43
1872 43
1873 43
1874 43
1875 43
1876 43
1877 43
1878 43
1879 43
1880 43
1881 43
1882 43
1883 43
1884 43
1885 43
1886 43
1887 43
1888 43
1889 43
1890 43
1891 43
1892 43
1893 44
1894 44
1895 44
1896 44
1897 44
1898 44
1899 44
1900 44
1901 44
1902 44
1903 44
1904 44
1905 44
1906 44
1907 44
1908 44
1909 44
1910 44
1911 44
1912 44
1913 44
1914 44
1915 44
1916 44
1917 44
1918 44
1919 44
1920 44
1921 44
1922 44
1923 44
1924 44
1925 44
1926 44
1927 44
1928 44
1929 44
1930 44
1931 44
1932 44
1933 44
1934 44
1935 44
1936 44
1937 44
1938 44
1939 44
1940 44
1941 44
1942 44
1943 44
1944 44
1945 44
1946 44
1947 44
1948 44
1949 44
1950 44
1951 44
1952 44
1953 44
1954 44
1955 44
1956 44
1957 44
1958 44
1959 44
1960 44
1961 44
1962 44
1963 44
1964 44
1965 44
1966 44
1967 44
1968 44
1969 44
1970 44
1971 44
1972 44
1973 44
1974 44
1975 44
1976 44
1977 44
1978 44
1979 44
1980 44
1981 45
1982 45
1983 45
1984 45
1985 45
1986 45
1987 45
1988 45
1989 45
1990 45
1991 45
1992 45
1993 45
1994 45
1995 45
1996 45
1997 45
1998 45
1999 45
2000 45
2001 45
2002 45
2003 45
2004 45
2005 45
2006 45
2007 45
2008 45
2009 45
2010 45
2011 45
2012 45
2013 45
2014 45
2015 45
2016 45
2017 45
2018 45
2019 45
2020 45
2021 45
2022 45
2023 45
2024 45
2025 45
2026 45
2027 45
2028 45
2029 45
2030 45
2031 45
2032 45
2033 45
2034 45
2035 45
2036 45
2037 45
2038 45
2039 45
2040 45
2041 45
2042 45
2043 45
2044 45
2045 45
2046 45
2047 45
2048 45
2049 45
2050 45
2051 45
2052 45
2053 45
2054 45
2055 45
2056 45
2057 45
2058 45
2059 45
2060 45
2061 45
2062 45
2063 45
2064 45
2065 45
2066 45
2067 45
2068 45
2069 45
2070 45
2071 46
2072 46
2073 46
2074 46
2075 46
2076 46
2077 46
2078 46
2079 46
2080 46
2081 46
2082 46
2083 46
2084 46
2085 46
2086 46
2087 46
2088 46
2089 46
2090 46
2091 46
2092 46
2093 46
2094 46
2095 46
2096 46
2097 46
2098 46
2099 46
2100 46
2101 46
2102 46
2103 46
2104 46
2105 46
2106 46
2107 46
2108 46
2109 46
2110 46
2111 46
2112 46
2113 46
2114 46
2115 46
2116 46
2117 46
2118 46
2119 46
2120 46
2121 46
2122 46
2123 46
2124 46
2125 46
2126 46
2127 46
2128 46
2129 46
2130 46
2131 46
2132 46
2133 46
2134 46
2135 46
2136 46
2137 46
2138 46
2139 46
2140 46
2141 46
2142 46
2143 46
2144 46
2145 46
2146 46
2147 46
2148 46
2149 46
2150 46
2151 46
2152 46
2153 46
2154 46
2155 46
2156 46
2157 46
2158 46
2159 46
2160 46
2161 46
2162 46
2163 47
2164 47
2165 47
2166 47
2167 47
2168 47
2169 47
2170 47
2171 47
2172 47
2173 47
2174 47
2175 47
2176 47
2177 47
2178 47
2179 47
2180 47
2181 47
2182 47
2183 47
2184 47
2185 47
2186 47
2187 47
2188 47
2189 47
2190 47
2191 47
2192 47
2193 47
2194 47
2195 47
2196 47
2197 47
2198 47
2199 47
2200 47
2201 47
2202 47
2203 47
2204 47
2205 47
2206 47
2207 47
2208 47
2209 47
2210 47
2211 47
2212 47
2213 47
2214 47
2215 47
2216 47
2217 47
2218 47
2219 47
2220 47
2221 47
2222 47
2223 47
2224 47
2225 47
2226 47
2227 47
2228 47
2229 47
2230 47
2231 47
2232 47
2233 47
2234 47
2235 47
2236 47
2237 47
2238 47
2239 47
2240 47
2241 47
2242 47
2243 47
2244 47
2245 47
2246 47
2247 47
2248 47
2249 47
2250 47
2251 47
2252 47
2253 47
2254 47
2255 47
2256 47
2257 48
2258 48
2259 48
2260 48
2261 48
2262 48
2263 48
2264 48
2265 48
2266 48
2267 48
2268 48
2269 48
2270 48
2271 48
2272 48
2273 48
2274 48
2275 48
2276 48
2277 48
2278 48
2279 48
2280 48
2281 48
2282 48
2283 48
2284 48
2285 48
2286 48
2287 48
2288 48
2289 48
2290 48
2291 48
2292 48
2293 48
2294 48
2295 48
2296 48
2297 48
2298 48
2299 48
2300 48
2301 48
2302 48
2303 48
2304 48
2305 48
2306 48
2307 48
2308 48
2309 48
2310 48
2311 48
2312 48
2313 48
2314 48
2315 48
2316 48
2317 48
2318 48
2319 48
2320 48
2321 48
2322 48
2323 48
2324 48
2325 48
2326 48
2327 48
2328 48
2329 48
2330 48
2331 48
2332 48
2333 48
2334 48
2335 48
2336 48
2337 48
2338 48
2339 48
2340 48
2341 48
2342 48
2343 48
2344 48
2345 48
2346 48
2347 48
2348 48
2349 48
2350 48
2351 48
2352 48
2353 49
2354 49
2355 49
2356 49
2357 49
2358 49
2359 49
2360 49
2361 49
2362 49
2363 49
2364 49
2365 49
2366 49
2367 49
2368 49
2369 49
2370 49
2371 49
2372 49
2373 49
2374 49
2375 49
2376 49
2377 49
2378 49
2379 49
2380 49
2381 49
2382 49
2383 49
2384 49
2385 49
2386 49
2387 49
2388 49
2389 49
2390 49
2391 49
2392 49
2393 49
2394 49
2395 49
2396 49
2397 49
2398 49
2399 49
2400 49
2401 49
2402 49
2403 49
2404 49
2405 49
2406 49
2407 49
2408 49
2409 49
2410 49
2411 49
2412 49
2413 49
2414 49
2415 49
2416 49
2417 49
2418 49
2419 49
2420 49
2421 49
2422 49
2423 49
2424 49
2425 49
2426 49
2427 49
2428 49
2429 49
2430 49
2431 49
2432 49
2433 49
2434 49
2435 49
2436 49
2437 49
2438 49
2439 49
2440 49
2441 49
2442 49
2443 49
2444 49
2445 49
2446 49
2447 49
2448 49
2449 49
2450 49
2451 50
2452 50
2453 50
2454 50
2455 50
2456 50
2457 50
2458 50
2459 50
2460 50
2461 50
2462 50
2463 50
2464 50
2465 50
2466 50
2467 50
2468 50
2469 50
2470 50
2471 50
2472 50
2473 50
2474 50
2475 50
2476 50
2477 50
2478 50
2479 50
2480 50
2481 50
2482 50
2483 50
2484 50
2485 50
2486 50
2487 50
2488 50
2489 50
2490 50
2491 50
2492 50
2493 50
2494 50
2495 50
2496 50
2497 50
2498 50
2499 50
2500 50
2501 50
2502 50
2503 50
2504 50
2505 50
2506 50
2507 50
2508 50
2509 50
2510 50
2511 50
2512 50
2513 50
2514 50
2515 50
2516 50
2517 50
2518 50
2519 50
2520 50
2521 50
2522 50
2523 50
2524 50
2525 50
2526 50
2527 50
2528 50
2529 50
2530 50
2531 50
2532 50
2533 50
2534 50
2535 50
2536 50
2537 50
2538 50
2539 50
2540 50
2541 50
2542 50
2543 50
2544 50
2545 50
2546 50
2547 50
2548 50
2549 50
2550 50
2551 51
2552 51
2553 51
2554 51
2555 51
2556 51
2557 51
2558 51
2559 51
2560 51
2561 51
2562 51
2563 51
2564 51
2565 51
2566 51
2567 51
2568 51
2569 51
2570 51
2571 51
2572 51
2573 51
2574 51
2575 51
2576 51
2577 51
2578 51
2579 51
2580 51
2581 51
2582 51
2583 51
2584 51
2585 51
2586 51
2587 51
2588 51
2589 51
2590 51
2591 51
2592 51
2593 51
2594 51
2595 51
2596 51
2597 51
2598 51
2599 51
2600 51
2601 51
2602 51
2603 51
2604 51
2605 51
2606 51
2607 51
2608 51
2609 51
2610 51
2611 51
2612 51
2613 51
2614 51
2615 51
2616 51
2617 51
2618 51
2619 51
2620 51
2621 51
2622 51
2623 51
2624 51
2625 51
2626 51
2627 51
2628 51
2629 51
2630 51
2631 51
2632 51
2633 51
2634 51
2635 51
2636 51
2637 51
2638 51
2639 51
2640 51
2641 51
2642 51
2643 51
2644 51
2645 51
2646 51
2647 51
2648 51
2649 51
2650 51
2651 51
2652 51
2653 52
2654 52
2655 52
2656 52
2657 52
2658 52
2659 52
2660 52
2661 52
2662 52
2663 52
2664 52
2665 52
2666 52
2667 52
2668 52
2669 52
2670 52
2671 52
2672 52
2673 52
2674 52
2675 52
2676 52
2677 52
2678 52
2679 52
2680 52
2681 52
2682 52
2683 52
2684 52
2685 52
2686 52
2687 52
2688 52
2689 52
2690 52
2691 52
2692 52
2693 52
2694 52
2695 52
2696 52
2697 52
2698 52
2699 52
2700 52
2701 52
2702 52
2703 52
2704 52
2705 52
2706 52
2707 52
2708 52
2709 52
2710 52
2711 52
2712 52
2713 52
2714 52
2715 52
2716 52
2717 52
2718 52
2719 52
2720 52
2721 52
2722 52
2723 52
2724 52
2725 52
2726 52
2727 52
2728 52
2729 52
2730 52
2731 52
2732 52
2733 52
2734 52
2735 52
2736 52
2737 52
2738 52
2739 52
2740 52
2741 52
2742 52
2743 52
2744 52
2745 52
2746 52
2747 52
2748 52
2749 52
2750 52
2751 52
2752 52
2753 52
2754 52
2755 52
2756 52
2757 53
2758 53
2759 53
2760 53
2761 53
2762 53
2763 53
2764 53
2765 53
2766 53
2767 53
2768 53
2769 53
2770 53
2771 53
2772 53
2773 53
2774 53
2775 53
2776 53
2777 53
2778 53
2779 53
2780 53
2781 53
2782 53
2783 53
2784 53
2785 53
2786 53
2787 53
2788 53
2789 53
2790 53
2791 53
2792 53
2793 53
2794 53
2795 53
2796 53
2797 53
2798 53
2799 53
2800 53
2801 53
2802 53
2803 53
2804 53
2805 53
2806 53
2807 53
2808 53
2809 53
2810 53
2811 53
2812 53
2813 53
2814 53
2815 53
2816 53
2817 53
2818 53
2819 53
2820 53
2821 53
2822 53
2823 53
2824 53
2825 53
2826 53
2827 53
2828 53
2829 53
2830 53
2831 53
2832 53
2833 53
2834 53
2835 53
2836 53
2837 53
2838 53
2839 53
2840 53
2841 53
2842 53
2843 53
2844 53
2845 53
2846 53
2847 53
2848 53
2849 53
2850 53
2851 53
2852 53
2853 53
2854 53
2855 53
2856 53
2857 53
2858 53
2859 53
2860 53
2861 53
2862 53
2863 54
2864 54
2865 54
2866 54
2867 54
2868 54
2869 54
2870 54
2871 54
2872 54
2873 54
2874 54
2875 54
2876 54
2877 54
2878 54
2879 54
2880 54
2881 54
2882 54
2883 54
2884 54
2885 54
2886 54
2887 54
2888 54
2889 54
2890 54
2891 54
2892 54
2893 54
2894 54
2895 54
2896 54
2897 54
2898 54
2899 54
2900 54
2901 54
2902 54
2903 54
2904 54
2905 54
2906 54
2907 54
2908 54
2909 54
2910 54
2911 54
2912 54
2913 54
2914 54
2915 54
2916 54
2917 54
2918 54
2919 54
2920 54
2921 54
2922 54
2923 54
2924 54
2925 54
2926 54
2927 54
2928 54
2929 54
2930 54
2931 54
2932 54
2933 54
2934 54
2935 54
2936 54
2937 54
2938 54
2939 54
2940 54
2941 54
2942 54
2943 54
2944 54
2945 54
2946 54
2947 54
2948 54
2949 54
2950 54
2951 54
2952 54
2953 54
2954 54
2955 54
2956 54
2957 54
2958 54
2959 54
2960 54
2961 54
2962 54
2963 54
2964 54
2965 54
2966 54
2967 54
2968 54
2969 54
2970 54
2971 55
2972 55
2973 55
2974 55
2975 55
2976 55
2977 55
2978 55
2979 55
2980 55
2981 55
2982 55
2983 55
2984 55
2985 55
2986 55
2987 55
2988 55
2989 55
2990 55
2991 55
2992 55
2993 55
2994 55
2995 55
2996 55
2997 55
2998 55
2999 55
3000 55
3001 55
3002 55
3003 55
3004 55
3005 55
3006 55
3007 55
3008 55
3009 55
3010 55
3011 55
3012 55
3013 55
3014 55
3015 55
3016 55
3017 55
3018 55
3019 55
3020 55
3021 55
3022 55
3023 55
3024 55
3025 55
3026 55
3027 55
3028 55
3029 55
3030 55
3031 55
3032 55
3033 55
3034 55
3035 55
3036 55
3037 55
3038 55
3039 55
3040 55
3041 55
3042 55
3043 55
3044 55
3045 55
3046 55
3047 55
3048 55
3049 55
3050 55
3051 55
3052 55
3053 55
3054 55
3055 55
3056 55
3057 55
3058 55
3059 55
3060 55
3061 55
3062 55
3063 55
3064 55
3065 55
3066 55
3067 55
3068 55
3069 55
3070 55
3071 55
3072 55
3073 55
3074 55
3075 55
3076 55
3077 55
3078 55
3079 55
3080 55
3081 56
3082 56
3083 56
3084 56
3085 56
3086 56
3087 56
3088 56
3089 56
3090 56
3091 56
3092 56
3093 56
3094 56
3095 56
3096 56
3097 56
3098 56
3099 56
3100 56
3101 56
3102 56
3103 56
3104 56
3105 56
3106 56
3107 56
3108 56
3109 56
3110 56
3111 56
3112 56
3113 56
3114 56
3115 56
3116 56
3117 56
3118 56
3119 56
3120 56
3121 56
3122 56
3123 56
3124 56
3125 56
3126 56
3127 56
3128 56
3129 56
3130 56
3131 56
3132 56
3133 56
3134 56
3135 56
3136 56
3137 56
3138 56
3139 56
3140 56
3141 56
3142 56
3143 56
3144 56
3145 56
3146 56
3147 56
3148 56
3149 56
3150 56
3151 56
3152 56
3153 56
3154 56
3155 56
3156 56
3157 56
3158 56
3159 56
3160 56
3161 56
3162 56
3163 56
3164 56
3165 56
3166 56
3167 56
3168 56
3169 56
3170 56
3171 56
3172 56
3173 56
3174 56
3175 56
3176 56
3177 56
3178 56
3179 56
3180 56
3181 56
3182 56
3183 56
3184 56
3185 56
3186 56
3187 56
3188 56
3189 56
3190 56
3191 56
3192 56
3193 57
3194 57
3195 57
3196 57
3197 57
3198 57
3199 57
3200 57
3201 57
3202 57
3203 57
3204 57
3205 57
3206 57
3207 57
3208 57
3209 57
3210 57
3211 57
3212 57
3213 57
3214 57
3215 57
3216 57
3217 57
3218 57
3219 57
3220 57
3221 57
3222 57
3223 57
3224 57
3225 57
3226 57
3227 57
3228 57
3229 57
3230 57
3231 57
3232 57
3233 57
3234 57
3235 57
3236 57
3237 57
3238 57
3239 57
3240 57
3241 57
3242 57
3243 57
3244 57
3245 57
3246 57
3247 57
3248 57
3249 57
3250 57
3251 57
3252 57
3253 57
3254 57
3255 57
3256 57
3257 57
3258 57
3259 57
3260 57
3261 57
3262 57
3263 57
3264 57
3265 57
3266 57
3267 57
3268 57
3269 57
3270 57
3271 57
3272 57
3273 57
3274 57
3275 57
3276 57
3277 57
3278 57
3279 57
3280 57
3281 57
3282 57
3283 57
3284 57
3285 57
3286 57
3287 57
3288 57
3289 57
3290 57
3291 57
3292 57
3293 57
3294 57
3295 57
3296 57
3297 57
3298 57
3299 57
3300 57
3301 57
3302 57
3303 57
3304 57
3305 57
3306 57
3307 58
3308 58
3309 58
3310 58
3311 58
3312 58
3313 58
3314 58
3315 58
3316 58
3317 58
3318 58
3319 58
3320 58
3321 58
3322 58
3323 58
3324 58
3325 58
3326 58
3327 58
3328 58
3329 58
3330 58
3331 58
3332 58
3333 58
3334 58
3335 58
3336 58
3337 58
3338 58
3339 58
3340 58
3341 58
3342 58
3343 58
3344 58
3345 58
3346 58
3347 58
3348 58
3349 58
3350 58
3351 58
3352 58
3353 58
3354 58
3355 58
3356 58
3357 58
3358 58
3359 58
3360 58
3361 58
3362 58
3363 58
3364 58
3365 58
3366 58
3367 58
3368 58
3369 58
3370 58
3371 58
3372 58
3373 58
3374 58
3375 58
3376 58
3377 58
3378 58
3379 58
3380 58
3381 58
3382 58
3383 58
3384 58
3385 58
3386 58
3387 58
3388 58
3389 58
3390 58
3391 58
3392 58
3393 58
3394 58
3395 58
3396 58
3397 58
3398 58
3399 58
3400 58
3401 58
3402 58
3403 58
3404 58
3405 58
3406 58
3407 58
3408 58
3409 58
3410 58
3411 58
3412 58
3413 58
3414 58
3415 58
3416 58
3417 58
3418 58
3419 58
3420 58
3421 58
3422 58
3423 59
3424 59
3425 59
3426 59
3427 59
3428 59
3429 59
3430 59
3431 59
3432 59
3433 59
3434 59
3435 59
3436 59
3437 59
3438 59
3439 59
3440 59
3441 59
3442 59
3443 59
3444 59
3445 59
3446 59
3447 59
3448 59
3449 59
3450 59
3451 59
3452 59
3453 59
3454 59
3455 59
3456 59
3457 59
3458 59
3459 59
3460 59
3461 59
3462 59
3463 59
3464 59
3465 59
3466 59
3467 59
3468 59
3469 59
3470 59
3471 59
3472 59
3473 59
3474 59
3475 59
3476 59
3477 59
3478 59
3479 59
3480 59
3481 59
3482 59
3483 59
3484 59
3485 59
3486 59
3487 59
3488 59
3489 59
3490 59
3491 59
3492 59
3493 59
3494 59
3495 59
3496 59
3497 59
3498 59
3499 59
3500 59
3501 59
3502 59
3503 59
3504 59
3505 59
3506 59
3507 59
3508 59
3509 59
3510 59
3511 59
3512 59
3513 59
3514 59
3515 59
3516 59
3517 59
3518 59
3519 59
3520 59
3521 59
3522 59
3523 59
3524 59
3525 59
3526 59
3527 59
3528 59
3529 59
3530 59
3531 59
3532 59
3533 59
3534 59
3535 59
3536 59
3537 59
3538 59
3539 59
3540 59
3541 60
3542 60
3543 60
3544 60
3545 60
3546 60
3547 60
3548 60
3549 60
3550 60
3551 60
3552 60
3553 60
3554 60
3555 60
3556 60
3557 60
3558 60
3559 60
3560 60
3561 60
3562 60
3563 60
3564 60
3565 60
3566 60
3567 60
3568 60
3569 60
3570 60
3571 60
3572 60
3573 60
3574 60
3575 60
3576 60
3577 60
3578 60
3579 60
3580 60
3581 60
3582 60
3583 60
3584 60
3585 60
3586 60
3587 60
3588 60
3589 60
3590 60
3591 60
3592 60
3593 60
3594 60
3595 60
3596 60
3597 60
3598 60
3599 60
3600 60
3601 60
3602 60
3603 60
3604 60
3605 60
3606 60
3607 60
3608 60
3609 60
3610 60
3611 60
3612 60
3613 60
3614 60
3615 60
3616 60
3617 60
3618 60
3619 60
3620 60
3621 60
3622 60
3623 60
3624 60
3625 60
3626 60
3627 60
3628 60
3629 60
3630 60
3631 60
3632 60
3633 60
3634 60
3635 60
3636 60
3637 60
3638 60
3639 60
3640 60
3641 60
3642 60
3643 60
3644 60
3645 60
3646 60
3647 60
3648 60
3649 60
3650 60
3651 60
3652 60
3653 60
3654 60
3655 60
3656 60
3657 60
3658 60
3659 60
3660 60
3661 61
3662 61
3663 61
3664 61
3665 61
3666 61
3667 61
3668 61
3669 61
3670 61
3671 61
3672 61
3673 61
3674 61
3675 61
3676 61
3677 61
3678 61
3679 61
3680 61
3681 61
3682 61
3683 61
3684 61
3685 61
3686 61
3687 61
3688 61
3689 61
3690 61
3691 61
3692 61
3693 61
3694 61
3695 61
3696 61
3697 61
3698 61
3699 61
3700 61
3701 61
3702 61
3703 61
3704 61
3705 61
3706 61
3707 61
3708 61
3709 61
3710 61
3711 61
3712 61
3713 61
3714 61
3715 61
3716 61
3717 61
3718 61
3719 61
3720 61
3721 61
3722 61
3723 61
3724 61
3725 61
3726 61
3727 61
3728 61
3729 61
3730 61
3731 61
3732 61
3733 61
3734 61
3735 61
3736 61
3737 61
3738 61
3739 61
3740 61
3741 61
3742 61
3743 61
3744 61
3745 61
3746 61
3747 61
3748 61
3749 61
3750 61
3751 61
3752 61
3753 61
3754 61
3755 61
3756 61
3757 61
3758 61
3759 61
3760 61
3761 61
3762 61
3763 61
3764 61
3765 61
3766 61
3767 61
3768 61
3769 61
3770 61
3771 61
3772 61
3773 61
3774 61
3775 61
3776 61
3777 61
3778 61
3779 61
3780 61
3781 61
3782 61
3783 62
3784 62
3785 62
3786 62
3787 62
3788 62
3789 62
3790 62
3791 62
3792 62
3793 62
3794 62
3795 62
3796 62
3797 62
3798 62
3799 62
3800 62
3801 62
3802 62
3803 62
3804 62
3805 62
3806 62
3807 62
3808 62
3809 62
3810 62
3811 62
3812 62
3813 62
3814 62
3815 62
3816 62
3817 62
3818 62
3819 62
3820 62
3821 62
3822 62
3823 62
3824 62
3825 62
3826 62
3827 62
3828 62
3829 62
3830 62
3831 62
3832 62
3833 62
3834 62
3835 62
3836 62
3837 62
3838 62
3839 62
3840 62
3841 62
3842 62
3843 62
3844 62
3845 62
3846 62
3847 62
3848 62
3849 62
3850 62
3851 62
3852 62
3853 62
3854 62
3855 62
3856 62
3857 62
3858 62
3859 62
3860 62
3861 62
3862 62
3863 62
3864 62
3865 62
3866 62
3867 62
3868 62
3869 62
3870 62
3871 62
3872 62
3873 62
3874 62
3875 62
3876 62
3877 62
3878 62
3879 62
3880 62
3881 62
3882 62
3883 62
3884 62
3885 62
3886 62
3887 62
3888 62
3889 62
3890 62
3891 62
3892 62
3893 62
3894 62
3895 62
3896 62
3897 62
3898 62
3899 62
3900 62
3901 62
3902 62
3903 62
3904 62
3905 62
3906 62
3907 63
3908 63
3909 63
3910 63
3911 63
3912 63
3913 63
3914 63
3915 63
3916 63
3917 63
3918 63
3919 63
3920 63
3921 63
3922 63
3923 63
3924 63
3925 63
3926 63
3927 63
3928 63
3929 63
3930 63
3931 63
3932 63
3933 63
3934 63
3935 63
3936 63
3937 63
3938 63
3939 63
3940 63
3941 63
3942 63
3943 63
3944 63
3945 63
3946 63
3947 63
3948 63
3949 63
3950 63
3951 63
3952 63
3953 63
3954 63
3955 63
3956 63
3957 63
3958 63
3959 63
3960 63
3961 63
3962 63
3963 63
3964 63
3965 63
3966 63
3967 63
3968 63
3969 63
3970 63
3971 63
3972 63
3973 63
3974 63
3975 63
3976 63
3977 63
3978 63
3979 63
3980 63
3981 63
3982 63
3983 63
3984 63
3985 63
3986 63
3987 63
3988 63
3989 63
3990 63
3991 63
3992 63
3993 63
3994 63
3995 63
3996 63
3997 63
3998 63
3999 63
4000 63
4001 63
4002 63
4003 63
4004 63
4005 63
4006 63
4007 63
4008 63
4009 63
4010 63
4011 63
4012 63
4013 63
4014 63
4015 63
4016 63
4017 63
4018 63
4019 63
4020 63
4021 63
4022 63
4023 63
4024 63
4025 63
4026 63
4027 63
4028 63
4029 63
4030 63
4031 63
4032 63
4033 64
4034 64
4035 64
4036 64
4037 64
4038 64
4039 64
4040 64
4041 64
4042 64
4043 64
4044 64
4045 64
4046 64
4047 64
4048 64
4049 64
4050 64
4051 64
4052 64
4053 64
4054 64
4055 64
4056 64
4057 64
4058 64
4059 64
4060 64
4061 64
4062 64
4063 64
4064 64
4065 64
4066 64
4067 64
4068 64
4069 64
4070 64
4071 64
4072 64
4073 64
4074 64
4075 64
4076 64
4077 64
4078 64
4079 64
4080 64
4081 64
4082 64
4083 64
4084 64
4085 64
4086 64
4087 64
4088 64
4089 64
4090 64
4091 64
4092 64
4093 64
4094 64
4095 64
4096 64
4097 64
4098 64
4099 64
4100 64
4101 64
4102 64
4103 64
4104 64
4105 64
4106 64
4107 64
4108 64
4109 64
4110 64
4111 64
4112 64
4113 64
4114 64
4115 64
4116 64
4117 64
4118 64
4119 64
4120 64
4121 64
4122 64
4123 64
4124 64
4125 64
4126 64
4127 64
4128 64
4129 64
4130 64
4131 64
4132 64
4133 64
4134 64
4135 64
4136 64
4137 64
4138 64
4139 64
4140 64
4141 64
4142 64
4143 64
4144 64
4145 64
4146 64
4147 64
4148 64
4149 64
4150 64
4151 64
4152 64
4153 64
4154 64
4155 64
4156 64
4157 64
4158 64
4159 64
4160 64
4161 65
4162 65
4163 65
4164 65
4165 65
4166 65
4167 65
4168 65
4169 65
4170 65
4171 65
4172 65
4173 65
4174 65
4175 65
4176 65
4177 65
4178 65
4179 65
4180 65
4181 65
4182 65
4183 65
4184 65
4185 65
4186 65
4187 65
4188 65
4189 65
4190 65
4191 65
4192 65
4193 65
4194 65
4195 65
4196 65
4197 65
4198 65
4199 65
4200 65
4201 65
4202 65
4203 65
4204 65
4205 65
4206 65
4207 65
4208 65
4209 65
4210 65
4211 65
4212 65
4213 65
4214 65
4215 65
4216 65
4217 65
4218 65
4219 65
4220 65
4221 65
4222 65
4223 65
4224 65
4225 65
4226 65
4227 65
4228 65
4229 65
4230 65
4231 65
4232 65
4233 65
4234 65
4235 65
4236 65
4237 65
4238 65
4239 65
4240 65
4241 65
4242 65
4243 65
4244 65
4245 65
4246 65
4247 65
4248 65
4249 65
4250 65
4251 65
4252 65
4253 65
4254 65
4255 65
4256 65
4257 65
4258 65
4259 65
4260 65
4261 65
4262 65
4263 65
4264 65
4265 65
4266 65
4267 65
4268 65
4269 65
4270 65
4271 65
4272 65
4273 65
4274 65
4275 65
4276 65
4277 65
4278 65
4279 65
4280 65
4281 65
4282 65
4283 65
4284 65
4285 65
4286 65
4287 65
4288 65
4289 65
4290 65
4291 66
4292 66
4293 66
4294 66
4295 66
4296 66
4297 66
4298 66
4299 66
4300 66
4301 66
4302 66
4303 66
4304 66
4305 66
4306 66
4307 66
4308 66
4309 66
4310 66
4311 66
4312 66
4313 66
4314 66
4315 66
4316 66
4317 66
4318 66
4319 66
4320 66
4321 66
4322 66
4323 66
4324 66
4325 66
4326 66
4327 66
4328 66
4329 66
4330 66
4331 66
4332 66
4333 66
4334 66
4335 66
4336 66
4337 66
4338 66
4339 66
4340 66
4341 66
4342 66
4343 66
4344 66
4345 66
4346 66
4347 66
4348 66
4349 66
4350 66
4351 66
4352 66
4353 66
4354 66
4355 66
4356 66
4357 66
4358 66
4359 66
4360 66
4361 66
4362 66
4363 66
4364 66
4365 66
4366 66
4367 66
4368 66
4369 66
4370 66
4371 66
4372 66
4373 66
4374 66
4375 66
4376 66
4377 66
4378 66
4379 66
4380 66
4381 66
4382 66
4383 66
4384 66
4385 66
4386 66
4387 66
4388 66
4389 66
4390 66
4391 66
4392 66
4393 66
4394 66
4395 66
4396 66
4397 66
4398 66
4399 66
4400 66
4401 66
4402 66
4403 66
4404 66
4405 66
4406 66
4407 66
4408 66
4409 66
4410 66
4411 66
4412 66
4413 66
4414 66
4415 66
4416 66
4417 66
4418 66
4419 66
4420 66
4421 66
4422 66
4423 67
4424 67
4425 67
4426 67
4427 67
4428 67
4429 67
4430 67
4431 67
4432 67
4433 67
4434 67
4435 67
4436 67
4437 67
4438 67
4439 67
4440 67
4441 67
4442 67
4443 67
4444 67
4445 67
4446 67
4447 67
4448 67
4449 67
4450 67
4451 67
4452 67
4453 67
4454 67
4455 67
4456 67
4457 67
4458 67
4459 67
4460 67
4461 67
4462 67
4463 67
4464 67
4465 67
4466 67
4467 67
4468 67
4469 67
4470 67
4471 67
4472 67
4473 67
4474 67
4475 67
4476 67
4477 67
4478 67
4479 67
4480 67
4481 67
4482 67
4483 67
4484 67
4485 67
4486 67
4487 67
4488 67
4489 67
4490 67
4491 67
4492 67
4493 67
4494 67
4495 67
4496 67
4497 67
4498 67
4499 67
4500 67
4501 67
4502 67
4503 67
4504 67
4505 67
4506 67
4507 67
4508 67
4509 67
4510 67
4511 67
4512 67
4513 67
4514 67
4515 67
4516 67
4517 67
4518 67
4519 67
4520 67
4521 67
4522 67
4523 67
4524 67
4525 67
4526 67
4527 67
4528 67
4529 67
4530 67
4531 67
4532 67
4533 67
4534 67
4535 67
4536 67
4537 67
4538 67
4539 67
4540 67
4541 67
4542 67
4543 67
4544 67
4545 67
4546 67
4547 67
4548 67
4549 67
4550 67
4551 67
4552 67
4553 67
4554 67
4555 67
4556 67
4557 68
4558 68
4559 68
4560 68
4561 68
4562 68
4563 68
4564 68
4565 68
4566 68
4567 68
4568 68
4569 68
4570 68
4571 68
4572 68
4573 68
4574 68
4575 68
4576 68
4577 68
4578 68
4579 68
4580 68
4581 68
4582 68
4583 68
4584 68
4585 68
4586 68
4587 68
4588 68
4589 68
4590 68
4591 68
4592 68
4593 68
4594 68
4595 68
4596 68
4597 68
4598 68
4599 68
4600 68
4601 68
4602 68
4603 68
4604 68
4605 68
4606 68
4607 68
4608 68
4609 68
4610 68
4611 68
4612 68
4613 68
4614 68
4615 68
4616 68
4617 68
4618 68
4619 68
4620 68
4621 68
4622 68
4623 68
4624 68
4625 68
4626 68
4627 68
4628 68
4629 68
4630 68
4631 68
4632 68
4633 68
4634 68
4635 68
4636 68
4637 68
4638 68
4639 68
4640 68
4641 68
4642 68
4643 68
4644 68
4645 68
4646 68
4647 68
4648 68
4649 68
4650 68
4651 68
4652 68
4653 68
4654 68
4655 68
4656 68
4657 68
4658 68
4659 68
4660 68
4661 68
4662 68
4663 68
4664 68
4665 68
4666 68
4667 68
4668 68
4669 68
4670 68
4671 68
4672 68
4673 68
4674 68
4675 68
4676 68
4677 68
4678 68
4679 68
4680 68
4681 68
4682 68
4683 68
4684 68
4685 68
4686 68
4687 68
4688 68
4689 68
4690 68
4691 68
4692 68
4693 69
4694 69
4695 69
4696 69
4697 69
4698 69
4699 69
4700 69
4701 69
4702 69
4703 69
4704 69
4705 69
4706 69
4707 69
4708 69
4709 69
4710 69
4711 69
4712 69
4713 69
4714 69
4715 69
4716 69
4717 69
4718 69
4719 69
4720 69
4721 69
4722 69
4723 69
4724 69
4725 69
4726 69
4727 69
4728 69
4729 69
4730 69
4731 69
4732 69
4733 69
4734 69
4735 69
4736 69
4737 69
4738 69
4739 69
4740 69
4741 69
4742 69
4743 69
4744 69
4745 69
4746 69
4747 69
4748 69
4749 69
4750 69
4751 69
4752 69
4753 69
4754 69
4755 69
4756 69
4757 69
4758 69
4759 69
4760 69
4761 69
4762 69
4763 69
4764 69
4765 69
4766 69
4767 69
4768 69
4769 69
4770 69
4771 69
4772 69
4773 69
4774 69
4775 69
4776 69
4777 69
4778 69
4779 69
4780 69
4781 69
4782 69
4783 69
4784 69
4785 69
4786 69
4787 69
4788 69
4789 69
4790 69
4791 69
4792 69
4793 69
4794 69
4795 69
4796 69
4797 69
4798 69
4799 69
4800 69
4801 69
4802 69
4803 69
4804 69
4805 69
4806 69
4807 69
4808 69
4809 69
4810 69
4811 69
4812 69
4813 69
4814 69
4815 69
4816 69
4817 69
4818 69
4819 69
4820 69
4821 69
4822 69
4823 69
4824 69
4825 69
4826 69
4827 69
4828 69
4829 69
4830 69
4831 70
4832 70
4833 70
4834 70
4835 70
4836 70
4837 70
4838 70
4839 70
4840 70
4841 70
4842 70
4843 70
4844 70
4845 70
4846 70
4847 70
4848 70
4849 70
4850 70
4851 70
4852 70
4853 70
4854 70
4855 70
4856 70
4857 70
4858 70
4859 70
4860 70
4861 70
4862 70
4863 70
4864 70
4865 70
4866 70
4867 70
4868 70
4869 70
4870 70
4871 70
4872 70
4873 70
4874 70
4875 70
4876 70
4877 70
4878 70
4879 70
4880 70
4881 70
4882 70
4883 70
4884 70
4885 70
4886 70
4887 70
4888 70
4889 70
4890 70
4891 70
4892 70
4893 70
4894 70
4895 70
4896 70
4897 70
4898 70
4899 70
4900 70
4901 70
4902 70
4903 70
4904 70
4905 70
4906 70
4907 70
4908 70
4909 70
4910 70
4911 70
4912 70
4913 70
4914 70
4915 70
4916 70
4917 70
4918 70
4919 70
4920 70
4921 70
4922 70
4923 70
4924 70
4925 70
4926 70
4927 70
4928 70
4929 70
4930 70
4931 70
4932 70
4933 70
4934 70
4935 70
4936 70
4937 70
4938 70
4939 70
4940 70
4941 70
4942 70
4943 70
4944 70
4945 70
4946 70
4947 70
4948 70
4949 70
4950 70
4951 70
4952 70
4953 70
4954 70
4955 70
4956 70
4957 70
4958 70
4959 70
4960 70
4961 70
4962 70
4963 70
4964 70
4965 70
4966 70
4967 70
4968 70
4969 70
4970 70
4971 71
4972 71
4973 71
4974 71
4975 71
4976 71
4977 71
4978 71
4979 71
4980 71
4981 71
4982 71
4983 71
4984 71
4985 71
4986 71
4987 71
4988 71
4989 71
4990 71
4991 71
4992 71
4993 71
4994 71
4995 71
4996 71
4997 71
4998 71
4999 71
5000 71
5001 71
5002 71
5003 71
5004 71
5005 71
5006 71
5007 71
5008 71
5009 71
5010 71
5011 71
5012 71
5013 71
5014 71
5015 71
5016 71
5017 71
5018 71
5019 71
5020 71
5021 71
5022 71
5023 71
5024 71
5025 71
5026 71
5027 71
5028 71
5029 71
5030 71
5031 71
5032 71
5033 71
5034 71
5035 71
5036 71
5037 71
5038 71
5039 71
5040 71
5041 71
5042 71
5043 71
5044 71
5045 71
5046 71
5047 71
5048 71
5049 71
5050 71
5051 71
5052 71
5053 71
5054 71
5055 71
5056 71
5057 71
5058 71
5059 71
5060 71
5061 71
5062 71
5063 71
5064 71
5065 71
5066 71
5067 71
5068 71
5069 71
5070 71
5071 71
5072 71
5073 71
5074 71
5075 71
5076 71
5077 71
5078 71
5079 71
5080 71
5081 71
5082 71
5083 71
5084 71
5085 71
5086 71
5087 71
5088 71
5089 71
5090 71
5091 71
5092 71
5093 71
5094 71
5095 71
5096 71
5097 71
5098 71
5099 71
5100 71
5101 71
5102 71
5103 71
5104 71
5105 71
5106 71
5107 71
5108 71
5109 71
5110 71
5111 71
5112 71
5113 72
5114 72
5115 72
5116 72
5117 72
5118 72
5119 72
5120 72
5121 72
5122 72
5123 72
5124 72
5125 72
5126 72
5127 72
5128 72
5129 72
5130 72
5131 72
5132 72
5133 72
5134 72
5135 72
5136 72
5137 72
5138 72
5139 72
5140 72
5141 72
5142 72
5143 72
5144 72
5145 72
5146 72
5147 72
5148 72
5149 72
5150 72
5151 72
5152 72
5153 72
5154 72
5155 72
5156 72
5157 72
5158 72
5159 72
5160 72
5161 72
5162 72
5163 72
5164 72
5165 72
5166 72
5167 72
5168 72
5169 72
5170 72
5171 72
5172 72
5173 72
5174 72
5175 72
5176 72
5177 72
5178 72
5179 72
5180 72
5181 72
5182 72
5183 72
5184 72
5185 72
5186 72
5187 72
5188 72
5189 72
5190 72
5191 72
5192 72
5193 72
5194 72
5195 72
5196 72
5197 72
5198 72
5199 72
5200 72
5201 72
5202 72
5203 72
5204 72
5205 72
5206 72
5207 72
5208 72
5209 72
5210 72
5211 72
5212 72
5213 72
5214 72
5215 72
5216 72
5217 72
5218 72
5219 72
5220 72
5221 72
5222 72
5223 72
5224 72
5225 72
5226 72
5227 72
5228 72
5229 72
5230 72
5231 72
5232 72
5233 72
5234 72
5235 72
5236 72
5237 72
5238 72
5239 72
5240 72
5241 72
5242 72
5243 72
5244 72
5245 72
5246 72
5247 72
5248 72
5249 72
5250 72
5251 72
5252 72
5253 72
5254 72
5255 72
5256 72
5257 73
5258 73
5259 73
5260 73
5261 73
5262 73
5263 73
5264 73
5265 73
5266 73
5267 73
5268 73
5269 73
5270 73
5271 73
5272 73
5273 73
5274 73
5275 73
5276 73
5277 73
5278 73
5279 73
5280 73
5281 73
5282 73
5283 73
5284 73
5285 73
5286 73
5287 73
5288 73
5289 73
5290 73
5291 73
5292 73
5293 73
5294 73
5295 73
5296 73
5297 73
5298 73
5299 73
5300 73
5301 73
5302 73
5303 73
5304 73
5305 73
5306 73
5307 73
5308 73
5309 73
5310 73
5311 73
5312 73
5313 73
5314 73
5315 73
5316 73
5317 73
5318 73
5319 73
5320 73
5321 73
5322 73
5323 73
5324 73
5325 73
5326 73
5327 73
5328 73
5329 73
5330 73
5331 73
5332 73
5333 73
5334 73
5335 73
5336 73
5337 73
5338 73
5339 73
5340 73
5341 73
5342 73
5343 73
5344 73
5345 73
5346 73
5347 73
5348 73
5349 73
5350 73
5351 73
5352 73
5353 73
5354 73
5355 73
5356 73
5357 73
5358 73
5359 73
5360 73
5361 73
5362 73
5363 73
5364 73
5365 73
5366 73
5367 73
5368 73
5369 73
5370 73
5371 73
5372 73
5373 73
5374 73
5375 73
5376 73
5377 73
5378 73
5379 73
5380 73
5381 73
5382 73
5383 73
5384 73
5385 73
5386 73
5387 73
5388 73
5389 73
5390 73
5391 73
5392 73
5393 73
5394 73
5395 73
5396 73
5397 73
5398 73
5399 73
5400 73
5401 73
5402 73
5403 74
5404 74
5405 74
5406 74
5407 74
5408 74
5409 74
5410 74
5411 74
5412 74
5413 74
5414 74
5415 74
5416 74
5417 74
5418 74
5419 74
5420 74
5421 74
5422 74
5423 74
5424 74
5425 74
5426 74
5427 74
5428 74
5429 74
5430 74
5431 74
5432 74
5433 74
5434 74
5435 74
5436 74
5437 74
5438 74
5439 74
5440 74
5441 74
5442 74
5443 74
5444 74
5445 74
5446 74
5447 74
5448 74
5449 74
5450 74
5451 74
5452 74
5453 74
5454 74
5455 74
5456 74
5457 74
5458 74
5459 74
5460 74
5461 74
5462 74
5463 74
5464 74
5465 74
5466 74
5467 74
5468 74
5469 74
5470 74
5471 74
5472 74
5473 74
5474 74
5475 74
5476 74
5477 74
5478 74
5479 74
5480 74
5481 74
5482 74
5483 74
5484 74
5485 74
5486 74
5487 74
5488 74
5489 74
5490 74
5491 74
5492 74
5493 74
5494 74
5495 74
5496 74
5497 74
5498 74
5499 74
5500 74
5501 74
5502 74
5503 74
5504 74
5505 74
5506 74
5507 74
5508 74
5509 74
5510 74
5511 74
5512 74
5513 74
5514 74
5515 74
5516 74
5517 74
5518 74
5519 74
5520 74
5521 74
5522 74
5523 74
5524 74
5525 74
5526 74
5527 74
5528 74
5529 74
5530 74
5531 74
5532 74
5533 74
5534 74
5535 74
5536 74
5537 74
5538 74
5539 74
5540 74
5541 74
5542 74
5543 74
5544 74
5545 74
5546 74
5547 74
5548 74
5549 74
5550 74
5551 75
5552 75
5553 75
5554 75
5555 75
5556 75
5557 75
5558 75
5559 75
5560 75
5561 75
5562 75
5563 75
5564 75
5565 75
5566 75
5567 75
5568 75
5569 75
5570 75
5571 75
5572 75
5573 75
5574 75
5575 75
5576 75
5577 75
5578 75
5579 75
5580 75
5581 75
5582 75
5583 75
5584 75
5585 75
5586 75
5587 75
5588 75
5589 75
5590 75
5591 75
5592 75
5593 75
5594 75
5595 75
5596 75
5597 75
5598 75
5599 75
5600 75
5601 75
5602 75
5603 75
5604 75
5605 75
5606 75
5607 75
5608 75
5609 75
5610 75
5611 75
5612 75
5613 75
5614 75
5615 75
5616 75
5617 75
5618 75
5619 75
5620 75
5621 75
5622 75
5623 75
5624 75
5625 75
5626 75
5627 75
5628 75
5629 75
5630 75
5631 75
5632 75
5633 75
5634 75
5635 75
5636 75
5637 75
5638 75
5639 75
5640 75
5641 75
5642 75
5643 75
5644 75
5645 75
5646 75
5647 75
5648 75
5649 75
5650 75
5651 75
5652 75
5653 75
5654 75
5655 75
5656 75
5657 75
5658 75
5659 75
5660 75
5661 75
5662 75
5663 75
5664 75
5665 75
5666 75
5667 75
5668 75
5669 75
5670 75
5671 75
5672 75
5673 75
5674 75
5675 75
5676 75
5677 75
5678 75
5679 75
5680 75
5681 75
5682 75
5683 75
5684 75
5685 75
5686 75
5687 75
5688 75
5689 75
5690 75
5691 75
5692 75
5693 75
5694 75
5695 75
5696 75
5697 75
5698 75
5699 75
5700 75
5701 76
5702 76
5703 76
5704 76
5705 76
5706 76
5707 76
5708 76
5709 76
5710 76
5711 76
5712 76
5713 76
5714 76
5715 76
5716 76
5717 76
5718 76
5719 76
5720 76
5721 76
5722 76
5723 76
5724 76
5725 76
5726 76
5727 76
5728 76
5729 76
5730 76
5731 76
5732 76
5733 76
5734 76
5735 76
5736 76
5737 76
5738 76
5739 76
5740 76
5741 76
5742 76
5743 76
5744 76
5745 76
5746 76
5747 76
5748 76
5749 76
5750 76
5751 76
5752 76
5753 76
5754 76
5755 76
5756 76
5757 76
5758 76
5759 76
5760 76
5761 76
5762 76
5763 76
5764 76
5765 76
5766 76
5767 76
5768 76
5769 76
5770 76
5771 76
5772 76
5773 76
5774 76
5775 76
5776 76
5777 76
5778 76
5779 76
5780 76
5781 76
5782 76
5783 76
5784 76
5785 76
5786 76
5787 76
5788 76
5789 76
5790 76
5791 76
5792 76
5793 76
5794 76
5795 76
5796 76
5797 76
5798 76
5799 76
5800 76
5801 76
5802 76
5803 76
5804 76
5805 76
5806 76
5807 76
5808 76
5809 76
5810 76
5811 76
5812 76
5813 76
5814 76
5815 76
5816 76
5817 76
5818 76
5819 76
5820 76
5821 76
5822 76
5823 76
5824 76
5825 76
5826 76
5827 76
5828 76
5829 76
5830 76
5831 76
5832 76
5833 76
5834 76
5835 76
5836 76
5837 76
5838 76
5839 76
5840 76
5841 76
5842 76
5843 76
5844 76
5845 76
5846 76
5847 76
5848 76
5849 76
5850 76
5851 76
5852 76
5853 77
5854 77
5855 77
5856 77
5857 77
5858 77
5859 77
5860 77
5861 77
5862 77
5863 77
5864 77
5865 77
5866 77
5867 77
5868 77
5869 77
5870 77
5871 77
5872 77
5873 77
5874 77
5875 77
5876 77
5877 77
5878 77
5879 77
5880 77
5881 77
5882 77
5883 77
5884 77
5885 77
5886 77
5887 77
5888 77
5889 77
5890 77
5891 77
5892 77
5893 77
5894 77
5895 77
5896 77
5897 77
5898 77
5899 77
5900 77
5901 77
5902 77
5903 77
5904 77
5905 77
5906 77
5907 77
5908 77
5909 77
5910 77
5911 77
5912 77
5913 77
5914 77
5915 77
5916 77
5917 77
5918 77
5919 77
5920 77
5921 77
5922 77
5923 77
5924 77
5925 77
5926 77
5927 77
5928 77
5929 77
5930 77
5931 77
5932 77
5933 77
5934 77
5935 77
5936 77
5937 77
5938 77
5939 77
5940 77
5941 77
5942 77
5943 77
5944 77
5945 77
5946 77
5947 77
5948 77
5949 77
5950 77
5951 77
5952 77
5953 77
5954 77
5955 77
5956 77
5957 77
5958 77
5959 77
5960 77
5961 77
5962 77
5963 77
5964 77
5965 77
5966 77
5967 77
5968 77
5969 77
5970 77
5971 77
5972 77
5973 77
5974 77
5975 77
5976 77
5977 77
5978 77
5979 77
5980 77
5981 77
5982 77
5983 77
5984 77
5985 77
5986 77
5987 77
5988 77
5989 77
5990 77
5991 77
5992 77
5993 77
5994 77
5995 77
5996 77
5997 77
5998 77
5999 77
6000 77
6001 77
6002 77
6003 77
6004 77
6005 77
6006 77
6007 78
6008 78
6009 78
6010 78
6011 78
6012 78
6013 78
6014 78
6015 78
6016 78
6017 78
6018 78
6019 78
6020 78
6021 78
6022 78
6023 78
6024 78
6025 78
6026 78
6027 78
6028 78
6029 78
6030 78
6031 78
6032 78
6033 78
6034 78
6035 78
6036 78
6037 78
6038 78
6039 78
6040 78
6041 78
6042 78
6043 78
6044 78
6045 78
6046 78
6047 78
6048 78
6049 78
6050 78
6051 78
6052 78
6053 78
6054 78
6055 78
6056 78
6057 78
6058 78
6059 78
6060 78
6061 78
6062 78
6063 78
6064 78
6065 78
6066 78
6067 78
6068 78
6069 78
6070 78
6071 78
6072 78
6073 78
6074 78
6075 78
6076 78
6077 78
6078 78
6079 78
6080 78
6081 78
6082 78
6083 78
6084 78
6085 78
6086 78
6087 78
6088 78
6089 78
6090 78
6091 78
6092 78
6093 78
6094 78
6095 78
6096 78
6097 78
6098 78
6099 78
6100 78
6101 78
6102 78
6103 78
6104 78
6105 78
6106 78
6107 78
6108 78
6109 78
6110 78
6111 78
6112 78
6113 78
6114 78
6115 78
6116 78
6117 78
6118 78
6119 78
6120 78
6121 78
6122 78
6123 78
6124 78
6125 78
6126 78
6127 78
6128 78
6129 78
6130 78
6131 78
6132 78
6133 78
6134 78
6135 78
6136 78
6137 78
6138 78
6139 78
6140 78
6141 78
6142 78
6143 78
6144 78
6145 78
6146 78
6147 78
6148 78
6149 78
6150 78
6151 78
6152 78
6153 78
6154 78
6155 78
6156 78
6157 78
6158 78
6159 78
6160 78
6161 78
6162 78
6163 79
6164 79
6165 79
6166 79
6167 79
6168 79
6169 79
6170 79
6171 79
6172 79
6173 79
6174 79
6175 79
6176 79
6177 79
6178 79
6179 79
6180 79
6181 79
6182 79
6183 79
6184 79
6185 79
6186 79
6187 79
6188 79
6189 79
6190 79
6191 79
6192 79
6193 79
6194 79
6195 79
6196 79
6197 79
6198 79
6199 79
6200 79
6201 79
6202 79
6203 79
6204 79
6205 79
6206 79
6207 79
6208 79
6209 79
6210 79
6211 79
6212 79
6213 79
6214 79
6215 79
6216 79
6217 79
6218 79
6219 79
6220 79
6221 79
6222 79
6223 79
6224 79
6225 79
6226 79
6227 79
6228 79
6229 79
6230 79
6231 79
6232 79
6233 79
6234 79
6235 79
6236 79
6237 79
6238 79
6239 79
6240 79
6241 79
6242 79
6243 79
6244 79
6245 79
6246 79
6247 79
6248 79
6249 79
6250 79
6251 79
6252 79
6253 79
6254 79
6255 79
6256 79
6257 79
6258 79
6259 79
6260 79
6261 79
6262 79
6263 79
6264 79
6265 79
6266 79
6267 79
6268 79
6269 79
6270 79
6271 79
6272 79
6273 79
6274 79
6275 79
6276 79
6277 79
6278 79
6279 79
6280 79
6281 79
6282 79
6283 79
6284 79
6285 79
6286 79
6287 79
6288 79
6289 79
6290 79
6291 79
6292 79
6293 79
6294 79
6295 79
6296 79
6297 79
6298 79
6299 79
6300 79
6301 79
6302 79
6303 79
6304 79
6305 79
6306 79
6307 79
6308 79
6309 79
6310 79
6311 79
6312 79
6313 79
6314 79
6315 79
6316 79
6317 79
6318 79
6319 79
6320 79
6321 80
6322 80
6323 80
6324 80
6325 80
6326 80
6327 80
6328 80
6329 80
6330 80
6331 80
6332 80
6333 80
6334 80
6335 80
6336 80
6337 80
6338 80
6339 80
6340 80
6341 80
6342 80
6343 80
6344 80
6345 80
6346 80
6347 80
6348 80
6349 80
6350 80
6351 80
6352 80
6353 80
6354 80
6355 80
6356 80
6357 80
6358 80
6359 80
6360 80
6361 80
6362 80
6363 80
6364 80
6365 80
6366 80
6367 80
6368 80
6369 80
6370 80
6371 80
6372 80
6373 80
6374 80
6375 80
6376 80
6377 80
6378 80
6379 80
6380 80
6381 80
6382 80
6383 80
6384 80
6385 80
6386 80
6387 80
6388 80
6389 80
6390 80
6391 80
6392 80
6393 80
6394 80
6395 80
6396 80
6397 80
6398 80
6399 80
6400 80
6401 80
6402 80
6403 80
6404 80
6405 80
6406 80
6407 80
6408 80
6409 80
6410 80
6411 80
6412 80
6413 80
6414 80
6415 80
6416 80
6417 80
6418 80
6419 80
6420 80
6421 80
6422 80
6423 80
6424 80
6425 80
6426 80
6427 80
6428 80
6429 80
6430 80
6431 80
6432 80
6433 80
6434 80
6435 80
6436 80
6437 80
6438 80
6439 80
6440 80
6441 80
6442 80
6443 80
6444 80
6445 80
6446 80
6447 80
6448 80
6449 80
6450 80
6451 80
6452 80
6453 80
6454 80
6455 80
6456 80
6457 80
6458 80
6459 80
6460 80
6461 80
6462 80
6463 80
6464 80
6465 80
6466 80
6467 80
6468 80
6469 80
6470 80
6471 80
6472 80
6473 80
6474 80
6475 80
6476 80
6477 80
6478 80
6479 80
6480 80
6481 81
6482 81
6483 81
6484 81
6485 81
6486 81
6487 81
6488 81
6489 81
6490 81
6491 81
6492 81
6493 81
6494 81
6495 81
6496 81
6497 81
6498 81
6499 81
6500 81
6501 81
6502 81
6503 81
6504 81
6505 81
6506 81
6507 81
6508 81
6509 81
6510 81
6511 81
6512 81
6513 81
6514 81
6515 81
6516 81
6517 81
6518 81
6519 81
6520 81
6521 81
6522 81
6523 81
6524 81
6525 81
6526 81
6527 81
6528 81
6529 81
6530 81
6531 81
6532 81
6533 81
6534 81
6535 81
6536 81
6537 81
6538 81
6539 81
6540 81
6541 81
6542 81
6543 81
6544 81
6545 81
6546 81
6547 81
6548 81
6549 81
6550 81
6551 81
6552 81
6553 81
6554 81
6555 81
6556 81
6557 81
6558 81
6559 81
6560 81
6561 81
6562 81
6563 81
6564 81
6565 81
6566 81
6567 81
6568 81
6569 81
6570 81
6571 81
6572 81
6573 81
6574 81
6575 81
6576 81
6577 81
6578 81
6579 81
6580 81
6581 81
6582 81
6583 81
6584 81
6585 81
6586 81
6587 81
6588 81
6589 81
6590 81
6591 81
6592 81
6593 81
6594 81
6595 81
6596 81
6597 81
6598 81
6599 81
6600 81
6601 81
6602 81
6603 81
6604 81
6605 81
6606 81
6607 81
6608 81
6609 81
6610 81
6611 81
6612 81
6613 81
6614 81
6615 81
6616 81
6617 81
6618 81
6619 81
6620 81
6621 81
6622 81
6623 81
6624 81
6625 81
6626 81
6627 81
6628 81
6629 81
6630 81
6631 81
6632 81
6633 81
6634 81
6635 81
6636 81
6637 81
6638 81
6639 81
6640 81
6641 81
6642 81
6643 82
6644 82
6645 82
6646 82
6647 82
6648 82
6649 82
6650 82
6651 82
6652 82
6653 82
6654 82
6655 82
6656 82
6657 82
6658 82
6659 82
6660 82
6661 82
6662 82
6663 82
6664 82
6665 82
6666 82
6667 82
6668 82
6669 82
6670 82
6671 82
6672 82
6673 82
6674 82
6675 82
6676 82
6677 82
6678 82
6679 82
6680 82
6681 82
6682 82
6683 82
6684 82
6685 82
6686 82
6687 82
6688 82
6689 82
6690 82
6691 82
6692 82
6693 82
6694 82
6695 82
6696 82
6697 82
6698 82
6699 82
6700 82
6701 82
6702 82
6703 82
6704 82
6705 82
6706 82
6707 82
6708 82
6709 82
6710 82
6711 82
6712 82
6713 82
6714 82
6715 82
6716 82
6717 82
6718 82
6719 82
6720 82
6721 82
6722 82
6723 82
6724 82
6725 82
6726 82
6727 82
6728 82
6729 82
6730 82
6731 82
6732 82
6733 82
6734 82
6735 82
6736 82
6737 82
6738 82
6739 82
6740 82
6741 82
6742 82
6743 82
6744 82
6745 82
6746 82
6747 82
6748 82
6749 82
6750 82
6751 82
6752 82
6753 82
6754 82
6755 82
6756 82
6757 82
6758 82
6759 82
6760 82
6761 82
6762 82
6763 82
6764 82
6765 82
6766 82
6767 82
6768 82
6769 82
6770 82
6771 82
6772 82
6773 82
6774 82
6775 82
6776 82
6777 82
6778 82
6779 82
6780 82
6781 82
6782 82
6783 82
6784 82
6785 82
6786 82
6787 82
6788 82
6789 82
6790 82
6791 82
6792 82
6793 82
6794 82
6795 82
6796 82
6797 82
6798 82
6799 82
6800 82
6801 82
6802 82
6803 82
6804 82
6805 82
6806 82
6807 83
6808 83
6809 83
6810 83
6811 83
6812 83
6813 83
6814 83
6815 83
6816 83
6817 83
6818 83
6819 83
6820 83
6821 83
6822 83
6823 83
6824 83
6825 83
6826 83
6827 83
6828 83
6829 83
6830 83
6831 83
6832 83
6833 83
6834 83
6835 83
6836 83
6837 83
6838 83
6839 83
6840 83
6841 83
6842 83
6843 83
6844 83
6845 83
6846 83
6847 83
6848 83
6849 83
6850 83
6851 83
6852 83
6853 83
6854 83
6855 83
6856 83
6857 83
6858 83
6859 83
6860 83
6861 83
6862 83
6863 83
6864 83
6865 83
6866 83
6867 83
6868 83
6869 83
6870 83
6871 83
6872 83
6873 83
6874 83
6875 83
6876 83
6877 83
6878 83
6879 83
6880 83
6881 83
6882 83
6883 83
6884 83
6885 83
6886 83
6887 83
6888 83
6889 83
6890 83
6891 83
6892 83
6893 83
6894 83
6895 83
6896 83
6897 83
6898 83
6899 83
6900 83
6901 83
6902 83
6903 83
6904 83
6905 83
6906 83
6907 83
6908 83
6909 83
6910 83
6911 83
6912 83
6913 83
6914 83
6915 83
6916 83
6917 83
6918 83
6919 83
6920 83
6921 83
6922 83
6923 83
6924 83
6925 83
6926 83
6927 83
6928 83
6929 83
6930 83
6931 83
6932 83
6933 83
6934 83
6935 83
6936 83
6937 83
6938 83
6939 83
6940 83
6941 83
6942 83
6943 83
6944 83
6945 83
6946 83
6947 83
6948 83
6949 83
6950 83
6951 83
6952 83
6953 83
6954 83
6955 83
6956 83
6957 83
6958 83
6959 83
6960 83
6961 83
6962 83
6963 83
6964 83
6965 83
6966 83
6967 83
6968 83
6969 83
6970 83
6971 83
6972 83
6973 84
6974 84
6975 84
6976 84
6977 84
6978 84
6979 84
6980 84
6981 84
6982 84
6983 84
6984 84
6985 84
6986 84
6987 84
6988 84
6989 84
6990 84
6991 84
6992 84
6993 84
6994 84
6995 84
6996 84
6997 84
6998 84
6999 84
7000 84
7001 84
7002 84
7003 84
7004 84
7005 84
7006 84
7007 84
7008 84
7009 84
7010 84
7011 84
7012 84
7013 84
7014 84
7015 84
7016 84
7017 84
7018 84
7019 84
7020 84
7021 84
7022 84
7023 84
7024 84
7025 84
7026 84
7027 84
7028 84
7029 84
7030 84
7031 84
7032 84
7033 84
7034 84
7035 84
7036 84
7037 84
7038 84
7039 84
7040 84
7041 84
7042 84
7043 84
7044 84
7045 84
7046 84
7047 84
7048 84
7049 84
7050 84
7051 84
7052 84
7053 84
7054 84
7055 84
7056 84
7057 84
7058 84
7059 84
7060 84
7061 84
7062 84
7063 84
7064 84
7065 84
7066 84
7067 84
7068 84
7069 84
7070 84
7071 84
7072 84
7073 84
7074 84
7075 84
7076 84
7077 84
7078 84
7079 84
7080 84
7081 84
7082 84
7083 84
7084 84
7085 84
7086 84
7087 84
7088 84
7089 84
7090 84
7091 84
7092 84
7093 84
7094 84
7095 84
7096 84
7097 84
7098 84
7099 84
7100 84
7101 84
7102 84
7103 84
7104 84
7105 84
7106 84
7107 84
7108 84
7109 84
7110 84
7111 84
7112 84
7113 84
7114 84
7115 84
7116 84
7117 84
7118 84
7119 84
7120 84
7121 84
7122 84
7123 84
7124 84
7125 84
7126 84
7127 84
7128 84
7129 84
7130 84
7131 84
7132 84
7133 84
7134 84
7135 84
7136 84
7137 84
7138 84
7139 84
7140 84
7141 85
7142 85
7143 85
7144 85
7145 85
7146 85
7147 85
7148 85
7149 85
7150 85
7151 85
7152 85
7153 85
7154 85
7155 85
7156 85
7157 85
7158 85
7159 85
7160 85
7161 85
7162 85
7163 85
7164 85
7165 85
7166 85
7167 85
7168 85
7169 85
7170 85
7171 85
7172 85
7173 85
7174 85
7175 85
7176 85
7177 85
7178 85
7179 85
7180 85
7181 85
7182 85
7183 85
7184 85
7185 85
7186 85
7187 85
7188 85
7189 85
7190 85
7191 85
7192 85
7193 85
7194 85
7195 85
7196 85
7197 85
7198 85
7199 85
7200 85
7201 85
7202 85
7203 85
7204 85
7205 85
7206 85
7207 85
7208 85
7209 85
7210 85
7211 85
7212 85
7213 85
7214 85
7215 85
7216 85
7217 85
7218 85
7219 85
7220 85
7221 85
7222 85
7223 85
7224 85
7225 85
7226 85
7227 85
7228 85
7229 85
7230 85
7231 85
7232 85
7233 85
7234 85
7235 85
7236 85
7237 85
7238 85
7239 85
7240 85
7241 85
7242 85
7243 85
7244 85
7245 85
7246 85
7247 85
7248 85
7249 85
7250 85
7251 85
7252 85
7253 85
7254 85
7255 85
7256 85
7257 85
7258 85
7259 85
7260 85
7261 85
7262 85
7263 85
7264 85
7265 85
7266 85
7267 85
7268 85
7269 85
7270 85
7271 85
7272 85
7273 85
7274 85
7275 85
7276 85
7277 85
7278 85
7279 85
7280 85
7281 85
7282 85
7283 85
7284 85
7285 85
7286 85
7287 85
7288 85
7289 85
7290 85
7291 85
7292 85
7293 85
7294 85
7295 85
7296 85
7297 85
7298 85
7299 85
7300 85
7301 85
7302 85
7303 85
7304 85
7305 85
7306 85
7307 85
7308 85
7309 85
7310 85
7311 86
7312 86
7313 86
7314 86
7315 86
7316 86
7317 86
7318 86
7319 86
7320 86
7321 86
7322 86
7323 86
7324 86
7325 86
7326 86
7327 86
7328 86
7329 86
7330 86
7331 86
7332 86
7333 86
7334 86
7335 86
7336 86
7337 86
7338 86
7339 86
7340 86
7341 86
7342 86
7343 86
7344 86
7345 86
7346 86
7347 86
7348 86
7349 86
7350 86
7351 86
7352 86
7353 86
7354 86
7355 86
7356 86
7357 86
7358 86
7359 86
7360 86
7361 86
7362 86
7363 86
7364 86
7365 86
7366 86
7367 86
7368 86
7369 86
7370 86
7371 86
7372 86
7373 86
7374 86
7375 86
7376 86
7377 86
7378 86
7379 86
7380 86
7381 86
7382 86
7383 86
7384 86
7385 86
7386 86
7387 86
7388 86
7389 86
7390 86
7391 86
7392 86
7393 86
7394 86
7395 86
7396 86
7397 86
7398 86
7399 86
7400 86
7401 86
7402 86
7403 86
7404 86
7405 86
7406 86
7407 86
7408 86
7409 86
7410 86
7411 86
7412 86
7413 86
7414 86
7415 86
7416 86
7417 86
7418 86
7419 86
7420 86
7421 86
7422 86
7423 86
7424 86
7425 86
7426 86
7427 86
7428 86
7429 86
7430 86
7431 86
7432 86
7433 86
7434 86
7435 86
7436 86
7437 86
7438 86
7439 86
7440 86
7441 86
7442 86
7443 86
7444 86
7445 86
7446 86
7447 86
7448 86
7449 86
7450 86
7451 86
7452 86
7453 86
7454 86
7455 86
7456 86
7457 86
7458 86
7459 86
7460 86
7461 86
7462 86
7463 86
7464 86
7465 86
7466 86
7467 86
7468 86
7469 86
7470 86
7471 86
7472 86
7473 86
7474 86
7475 86
7476 86
7477 86
7478 86
7479 86
7480 86
7481 86
7482 86
7483 87
7484 87
7485 87
7486 87
7487 87
7488 87
7489 87
7490 87
7491 87
7492 87
7493 87
7494 87
7495 87
7496 87
7497 87
7498 87
7499 87
7500 87
7501 87
7502 87
7503 87
7504 87
7505 87
7506 87
7507 87
7508 87
7509 87
7510 87
7511 87
7512 87
7513 87
7514 87
7515 87
7516 87
7517 87
7518 87
7519 87
7520 87
7521 87
7522 87
7523 87
7524 87
7525 87
7526 87
7527 87
7528 87
7529 87
7530 87
7531 87
7532 87
7533 87
7534 87
7535 87
7536 87
7537 87
7538 87
7539 87
7540 87
7541 87
7542 87
7543 87
7544 87
7545 87
7546 87
7547 87
7548 87
7549 87
7550 87
7551 87
7552 87
7553 87
7554 87
7555 87
7556 87
7557 87
7558 87
7559 87
7560 87
7561 87
7562 87
7563 87
7564 87
7565 87
7566 87
7567 87
7568 87
7569 87
7570 87
7571 87
7572 87
7573 87
7574 87
7575 87
7576 87
7577 87
7578 87
7579 87
7580 87
7581 87
7582 87
7583 87
7584 87
7585 87
7586 87
7587 87
7588 87
7589 87
7590 87
7591 87
7592 87
7593 87
7594 87
7595 87
7596 87
7597 87
7598 87
7599 87
7600 87
7601 87
7602 87
7603 87
7604 87
7605 87
7606 87
7607 87
7608 87
7609 87
7610 87
7611 87
7612 87
7613 87
7614 87
7615 87
7616 87
7617 87
7618 87
7619 87
7620 87
7621 87
7622 87
7623 87
7624 87
7625 87
7626 87
7627 87
7628 87
7629 87
7630 87
7631 87
7632 87
7633 87
7634 87
7635 87
7636 87
7637 87
7638 87
7639 87
7640 87
7641 87
7642 87
7643 87
7644 87
7645 87
7646 87
7647 87
7648 87
7649 87
7650 87
7651 87
7652 87
7653 87
7654 87
7655 87
7656 87
7657 88
7658 88
7659 88
7660 88
7661 88
7662 88
7663 88
7664 88
7665 88
7666 88
7667 88
7668 88
7669 88
7670 88
7671 88
7672 88
7673 88
7674 88
7675 88
7676 88
7677 88
7678 88
7679 88
7680 88
7681 88
7682 88
7683 88
7684 88
7685 88
7686 88
7687 88
7688 88
7689 88
7690 88
7691 88
7692 88
7693 88
7694 88
7695 88
7696 88
7697 88
7698 88
7699 88
7700 88
7701 88
7702 88
7703 88
7704 88
7705 88
7706 88
7707 88
7708 88
7709 88
7710 88
7711 88
7712 88
7713 88
7714 88
7715 88
7716 88
7717 88
7718 88
7719 88
7720 88
7721 88
7722 88
7723 88
7724 88
7725 88
7726 88
7727 88
7728 88
7729 88
7730 88
7731 88
7732 88
7733 88
7734 88
7735 88
7736 88
7737 88
7738 88
7739 88
7740 88
7741 88
7742 88
7743 88
7744 88
7745 88
7746 88
7747 88
7748 88
7749 88
7750 88
7751 88
7752 88
7753 88
7754 88
7755 88
7756 88
7757 88
7758 88
7759 88
7760 88
7761 88
7762 88
7763 88
7764 88
7765 88
7766 88
7767 88
7768 88
7769 88
7770 88
7771 88
7772 88
7773 88
7774 88
7775 88
7776 88
7777 88
7778 88
7779 88
7780 88
7781 88
7782 88
7783 88
7784 88
7785 88
7786 88
7787 88
7788 88
7789 88
7790 88
7791 88
7792 88
7793 88
7794 88
7795 88
7796 88
7797 88
7798 88
7799 88
7800 88
7801 88
7802 88
7803 88
7804 88
7805 88
7806 88
7807 88
7808 88
7809 88
7810 88
7811 88
7812 88
7813 88
7814 88
7815 88
7816 88
7817 88
7818 88
7819 88
7820 88
7821 88
7822 88
7823 88
7824 88
7825 88
7826 88
7827 88
7828 88
7829 88
7830 88
7831 88
7832 88
7833 89
7834 89
7835 89
7836 89
7837 89
7838 89
7839 89
7840 89
7841 89
7842 89
7843 89
7844 89
7845 89
7846 89
7847 89
7848 89
7849 89
7850 89
7851 89
7852 89
7853 89
7854 89
7855 89
7856 89
7857 89
7858 89
7859 89
7860 89
7861 89
7862 89
7863 89
7864 89
7865 89
7866 89
7867 89
7868 89
7869 89
7870 89
7871 89
7872 89
7873 89
7874 89
7875 89
7876 89
7877 89
7878 89
7879 89
7880 89
7881 89
7882 89
7883 89
7884 89
7885 89
7886 89
7887 89
7888 89
7889 89
7890 89
7891 89
7892 89
7893 89
7894 89
7895 89
7896 89
7897 89
7898 89
7899 89
7900 89
7901 89
7902 89
7903 89
7904 89
7905 89
7906 89
7907 89
7908 89
7909 89
7910 89
7911 89
7912 89
7913 89
7914 89
7915 89
7916 89
7917 89
7918 89
7919 89
7920 89
7921 89
7922 89
7923 89
7924 89
7925 89
7926 89
7927 89
7928 89
7929 89
7930 89
7931 89
7932 89
7933 89
7934 89
7935 89
7936 89
7937 89
7938 89
7939 89
7940 89
7941 89
7942 89
7943 89
7944 89
7945 89
7946 89
7947 89
7948 89
7949 89
7950 89
7951 89
7952 89
7953 89
7954 89
7955 89
7956 89
7957 89
7958 89
7959 89
7960 89
7961 89
7962 89
7963 89
7964 89
7965 89
7966 89
7967 89
7968 89
7969 89
7970 89
7971 89
7972 89
7973 89
7974 89
7975 89
7976 89
7977 89
7978 89
7979 89
7980 89
7981 89
7982 89
7983 89
7984 89
7985 89
7986 89
7987 89
7988 89
7989 89
7990 89
7991 89
7992 89
7993 89
7994 89
7995 89
7996 89
7997 89
7998 89
7999 89
8000 89
8001 89
8002 89
8003 89
8004 89
8005 89
8006 89
8007 89
8008 89
8009 89
8010 89
8011 90
8012 90
8013 90
8014 90
8015 90
8016 90
8017 90
8018 90
8019 90
8020 90
8021 90
8022 90
8023 90
8024 90
8025 90
8026 90
8027 90
8028 90
8029 90
8030 90
8031 90
8032 90
8033 90
8034 90
8035 90
8036 90
8037 90
8038 90
8039 90
8040 90
8041 90
8042 90
8043 90
8044 90
8045 90
8046 90
8047 90
8048 90
8049 90
8050 90
8051 90
8052 90
8053 90
8054 90
8055 90
8056 90
8057 90
8058 90
8059 90
8060 90
8061 90
8062 90
8063 90
8064 90
8065 90
8066 90
8067 90
8068 90
8069 90
8070 90
8071 90
8072 90
8073 90
8074 90
8075 90
8076 90
8077 90
8078 90
8079 90
8080 90
8081 90
8082 90
8083 90
8084 90
8085 90
8086 90
8087 90
8088 90
8089 90
8090 90
8091 90
8092 90
8093 90
8094 90
8095 90
8096 90
8097 90
8098 90
8099 90
8100 90
8101 90
8102 90
8103 90
8104 90
8105 90
8106 90
8107 90
8108 90
8109 90
8110 90
8111 90
8112 90
8113 90
8114 90
8115 90
8116 90
8117 90
8118 90
8119 90
8120 90
8121 90
8122 90
8123 90
8124 90
8125 90
8126 90
8127 90
8128 90
8129 90
8130 90
8131 90
8132 90
8133 90
8134 90
8135 90
8136 90
8137 90
8138 90
8139 90
8140 90
8141 90
8142 90
8143 90
8144 90
8145 90
8146 90
8147 90
8148 90
8149 90
8150 90
8151 90
8152 90
8153 90
8154 90
8155 90
8156 90
8157 90
8158 90
8159 90
8160 90
8161 90
8162 90
8163 90
8164 90
8165 90
8166 90
8167 90
8168 90
8169 90
8170 90
8171 90
8172 90
8173 90
8174 90
8175 90
8176 90
8177 90
8178 90
8179 90
8180 90
8181 90
8182 90
8183 90
8184 90
8185 90
8186 90
8187 90
8188 90
8189 90
8190 90
8191 91
8192 91
8193 91
8194 91
8195 91
8196 91
8197 91
8198 91
8199 91
8200 91
8201 91
8202 91
8203 91
8204 91
8205 91
8206 91
8207 91
8208 91
8209 91
8210 91
8211 91
8212 91
8213 91
8214 91
8215 91
8216 91
8217 91
8218 91
8219 91
8220 91
8221 91
8222 91
8223 91
8224 91
8225 91
8226 91
8227 91
8228 91
8229 91
8230 91
8231 91
8232 91
8233 91
8234 91
8235 91
8236 91
8237 91
8238 91
8239 91
8240 91
8241 91
8242 91
8243 91
8244 91
8245 91
8246 91
8247 91
8248 91
8249 91
8250 91
8251 91
8252 91
8253 91
8254 91
8255 91
8256 91
8257 91
8258 91
8259 91
8260 91
8261 91
8262 91
8263 91
8264 91
8265 91
8266 91
8267 91
8268 91
8269 91
8270 91
8271 91
8272 91
8273 91
8274 91
8275 91
8276 91
8277 91
8278 91
8279 91
8280 91
8281 91
8282 91
8283 91
8284 91
8285 91
8286 91
8287 91
8288 91
8289 91
8290 91
8291 91
8292 91
8293 91
8294 91
8295 91
8296 91
8297 91
8298 91
8299 91
8300 91
8301 91
8302 91
8303 91
8304 91
8305 91
8306 91
8307 91
8308 91
8309 91
8310 91
8311 91
8312 91
8313 91
8314 91
8315 91
8316 91
8317 91
8318 91
8319 91
8320 91
8321 91
8322 91
8323 91
8324 91
8325 91
8326 91
8327 91
8328 91
8329 91
8330 91
8331 91
8332 91
8333 91
8334 91
8335 91
8336 91
8337 91
8338 91
8339 91
8340 91
8341 91
8342 91
8343 91
8344 91
8345 91
8346 91
8347 91
8348 91
8349 91
8350 91
8351 91
8352 91
8353 91
8354 91
8355 91
8356 91
8357 91
8358 91
8359 91
8360 91
8361 91
8362 91
8363 91
8364 91
8365 91
8366 91
8367 91
8368 91
8369 91
8370 91
8371 91
8372 91
8373 92
8374 92
8375 92
8376 92
8377 92
8378 92
8379 92
8380 92
8381 92
8382 92
8383 92
8384 92
8385 92
8386 92
8387 92
8388 92
8389 92
8390 92
8391 92
8392 92
8393 92
8394 92
8395 92
8396 92
8397 92
8398 92
8399 92
8400 92
8401 92
8402 92
8403 92
8404 92
8405 92
8406 92
8407 92
8408 92
8409 92
8410 92
8411 92
8412 92
8413 92
8414 92
8415 92
8416 92
8417 92
8418 92
8419 92
8420 92
8421 92
8422 92
8423 92
8424 92
8425 92
8426 92
8427 92
8428 92
8429 92
8430 92
8431 92
8432 92
8433 92
8434 92
8435 92
8436 92
8437 92
8438 92
8439 92
8440 92
8441 92
8442 92
8443 92
8444 92
8445 92
8446 92
8447 92
8448 92
8449 92
8450 92
8451 92
8452 92
8453 92
8454 92
8455 92
8456 92
8457 92
8458 92
8459 92
8460 92
8461 92
8462 92
8463 92
8464 92
8465 92
8466 92
8467 92
8468 92
8469 92
8470 92
8471 92
8472 92
8473 92
8474 92
8475 92
8476 92
8477 92
8478 92
8479 92
8480 92
8481 92
8482 92
8483 92
8484 92
8485 92
8486 92
8487 92
8488 92
8489 92
8490 92
8491 92
8492 92
8493 92
8494 92
8495 92
8496 92
8497 92
8498 92
8499 92
8500 92
8501 92
8502 92
8503 92
8504 92
8505 92
8506 92
8507 92
8508 92
8509 92
8510 92
8511 92
8512 92
8513 92
8514 92
8515 92
8516 92
8517 92
8518 92
8519 92
8520 92
8521 92
8522 92
8523 92
8524 92
8525 92
8526 92
8527 92
8528 92
8529 92
8530 92
8531 92
8532 92
8533 92
8534 92
8535 92
8536 92
8537 92
8538 92
8539 92
8540 92
8541 92
8542 92
8543 92
8544 92
8545 92
8546 92
8547 92
8548 92
8549 92
8550 92
8551 92
8552 92
8553 92
8554 92
8555 92
8556 92
8557 93
8558 93
8559 93
8560 93
8561 93
8562 93
8563 93
8564 93
8565 93
8566 93
8567 93
8568 93
8569 93
8570 93
8571 93
8572 93
8573 93
8574 93
8575 93
8576 93
8577 93
8578 93
8579 93
8580 93
8581 93
8582 93
8583 93
8584 93
8585 93
8586 93
8587 93
8588 93
8589 93
8590 93
8591 93
8592 93
8593 93
8594 93
8595 93
8596 93
8597 93
8598 93
8599 93
8600 93
8601 93
8602 93
8603 93
8604 93
8605 93
8606 93
8607 93
8608 93
8609 93
8610 93
8611 93
8612 93
8613 93
8614 93
8615 93
8616 93
8617 93
8618 93
8619 93
8620 93
8621 93
8622 93
8623 93
8624 93
8625 93
8626 93
8627 93
8628 93
8629 93
8630 93
8631 93
8632 93
8633 93
8634 93
8635 93
8636 93
8637 93
8638 93
8639 93
8640 93
8641 93
8642 93
8643 93
8644 93
8645 93
8646 93
8647 93
8648 93
8649 93
8650 93
8651 93
8652 93
8653 93
8654 93
8655 93
8656 93
8657 93
8658 93
8659 93
8660 93
8661 93
8662 93
8663 93
8664 93
8665 93
8666 93
8667 93
8668 93
8669 93
8670 93
8671 93
8672 93
8673 93
8674 93
8675 93
8676 93
8677 93
8678 93
8679 93
8680 93
8681 93
8682 93
8683 93
8684 93
8685 93
8686 93
8687 93
8688 93
8689 93
8690 93
8691 93
8692 93
8693 93
8694 93
8695 93
8696 93
8697 93
8698 93
8699 93
8700 93
8701 93
8702 93
8703 93
8704 93
8705 93
8706 93
8707 93
8708 93
8709 93
8710 93
8711 93
8712 93
8713 93
8714 93
8715 93
8716 93
8717 93
8718 93
8719 93
8720 93
8721 93
8722 93
8723 93
8724 93
8725 93
8726 93
8727 93
8728 93
8729 93
8730 93
8731 93
8732 93
8733 93
8734 93
8735 93
8736 93
8737 93
8738 93
8739 93
8740 93
8741 93
8742 93
8743 94
8744 94
8745 94
8746 94
8747 94
8748 94
8749 94
8750 94
8751 94
8752 94
8753 94
8754 94
8755 94
8756 94
8757 94
8758 94
8759 94
8760 94
8761 94
8762 94
8763 94
8764 94
8765 94
8766 94
8767 94
8768 94
8769 94
8770 94
8771 94
8772 94
8773 94
8774 94
8775 94
8776 94
8777 94
8778 94
8779 94
8780 94
8781 94
8782 94
8783 94
8784 94
8785 94
8786 94
8787 94
8788 94
8789 94
8790 94
8791 94
8792 94
8793 94
8794 94
8795 94
8796 94
8797 94
8798 94
8799 94
8800 94
8801 94
8802 94
8803 94
8804 94
8805 94
8806 94
8807 94
8808 94
8809 94
8810 94
8811 94
8812 94
8813 94
8814 94
8815 94
8816 94
8817 94
8818 94
8819 94
8820 94
8821 94
8822 94
8823 94
8824 94
8825 94
8826 94
8827 94
8828 94
8829 94
8830 94
8831 94
8832 94
8833 94
8834 94
8835 94
8836 94
8837 94
8838 94
8839 94
8840 94
8841 94
8842 94
8843 94
8844 94
8845 94
8846 94
8847 94
8848 94
8849 94
8850 94
8851 94
8852 94
8853 94
8854 94
8855 94
8856 94
8857 94
8858 94
8859 94
8860 94
8861 94
8862 94
8863 94
8864 94
8865 94
8866 94
8867 94
8868 94
8869 94
8870 94
8871 94
8872 94
8873 94
8874 94
8875 94
8876 94
8877 94
8878 94
8879 94
8880 94
8881 94
8882 94
8883 94
8884 94
8885 94
8886 94
8887 94
8888 94
8889 94
8890 94
8891 94
8892 94
8893 94
8894 94
8895 94
8896 94
8897 94
8898 94
8899 94
8900 94
8901 94
8902 94
8903 94
8904 94
8905 94
8906 94
8907 94
8908 94
8909 94
8910 94
8911 94
8912 94
8913 94
8914 94
8915 94
8916 94
8917 94
8918 94
8919 94
8920 94
8921 94
8922 94
8923 94
8924 94
8925 94
8926 94
8927 94
8928 94
8929 94
8930 94
8931 95
8932 95
8933 95
8934 95
8935 95
8936 95
8937 95
8938 95
8939 95
8940 95
8941 95
8942 95
8943 95
8944 95
8945 95
8946 95
8947 95
8948 95
8949 95
8950 95
8951 95
8952 95
8953 95
8954 95
8955 95
8956 95
8957 95
8958 95
8959 95
8960 95
8961 95
8962 95
8963 95
8964 95
8965 95
8966 95
8967 95
8968 95
8969 95
8970 95
8971 95
8972 95
8973 95
8974 95
8975 95
8976 95
8977 95
8978 95
8979 95
8980 95
8981 95
8982 95
8983 95
8984 95
8985 95
8986 95
8987 95
8988 95
8989 95
8990 95
8991 95
8992 95
8993 95
8994 95
8995 95
8996 95
8997 95
8998 95
8999 95
9000 95
9001 95
9002 95
9003 95
9004 95
9005 95
9006 95
9007 95
9008 95
9009 95
9010 95
9011 95
9012 95
9013 95
9014 95
9015 95
9016 95
9017 95
9018 95
9019 95
9020 95
9021 95
9022 95
9023 95
9024 95
9025 95
9026 95
9027 95
9028 95
9029 95
9030 95
9031 95
9032 95
9033 95
9034 95
9035 95
9036 95
9037 95
9038 95
9039 95
9040 95
9041 95
9042 95
9043 95
9044 95
9045 95
9046 95
9047 95
9048 95
9049 95
9050 95
9051 95
9052 95
9053 95
9054 95
9055 95
9056 95
9057 95
9058 95
9059 95
9060 95
9061 95
9062 95
9063 95
9064 95
9065 95
9066 95
9067 95
9068 95
9069 95
9070 95
9071 95
9072 95
9073 95
9074 95
9075 95
9076 95
9077 95
9078 95
9079 95
9080 95
9081 95
9082 95
9083 95
9084 95
9085 95
9086 95
9087 95
9088 95
9089 95
9090 95
9091 95
9092 95
9093 95
9094 95
9095 95
9096 95
9097 95
9098 95
9099 95
9100 95
9101 95
9102 95
9103 95
9104 95
9105 95
9106 95
9107 95
9108 95
9109 95
9110 95
9111 95
9112 95
9113 95
9114 95
9115 95
9116 95
9117 95
9118 95
9119 95
9120 95
9121 96
9122 96
9123 96
9124 96
9125 96
9126 96
9127 96
9128 96
9129 96
9130 96
9131 96
9132 96
9133 96
9134 96
9135 96
9136 96
9137 96
9138 96
9139 96
9140 96
9141 96
9142 96
9143 96
9144 96
9145 96
9146 96
9147 96
9148 96
9149 96
9150 96
9151 96
9152 96
9153 96
9154 96
9155 96
9156 96
9157 96
9158 96
9159 96
9160 96
9161 96
9162 96
9163 96
9164 96
9165 96
9166 96
9167 96
9168 96
9169 96
9170 96
9171 96
9172 96
9173 96
9174 96
9175 96
9176 96
9177 96
9178 96
9179 96
9180 96
9181 96
9182 96
9183 96
9184 96
9185 96
9186 96
9187 96
9188 96
9189 96
9190 96
9191 96
9192 96
9193 96
9194 96
9195 96
9196 96
9197 96
9198 96
9199 96
9200 96
9201 96
9202 96
9203 96
9204 96
9205 96
9206 96
9207 96
9208 96
9209 96
9210 96
9211 96
9212 96
9213 96
9214 96
9215 96
9216 96
9217 96
9218 96
9219 96
9220 96
9221 96
9222 96
9223 96
9224 96
9225 96
9226 96
9227 96
9228 96
9229 96
9230 96
9231 96
9232 96
9233 96
9234 96
9235 96
9236 96
9237 96
9238 96
9239 96
9240 96
9241 96
9242 96
9243 96
9244 96
9245 96
9246 96
9247 96
9248 96
9249 96
9250 96
9251 96
9252 96
9253 96
9254 96
9255 96
9256 96
9257 96
9258 96
9259 96
9260 96
9261 96
9262 96
9263 96
9264 96
9265 96
9266 96
9267 96
9268 96
9269 96
9270 96
9271 96
9272 96
9273 96
9274 96
9275 96
9276 96
9277 96
9278 96
9279 96
9280 96
9281 96
9282 96
9283 96
9284 96
9285 96
9286 96
9287 96
9288 96
9289 96
9290 96
9291 96
9292 96
9293 96
9294 96
9295 96
9296 96
9297 96
9298 96
9299 96
9300 96
9301 96
9302 96
9303 96
9304 96
9305 96
9306 96
9307 96
9308 96
9309 96
9310 96
9311 96
9312 96
9313 97
9314 97
9315 97
9316 97
9317 97
9318 97
9319 97
9320 97
9321 97
9322 97
9323 97
9324 97
9325 97
9326 97
9327 97
9328 97
9329 97
9330 97
9331 97
9332 97
9333 97
9334 97
9335 97
9336 97
9337 97
9338 97
9339 97
9340 97
9341 97
9342 97
9343 97
9344 97
9345 97
9346 97
9347 97
9348 97
9349 97
9350 97
9351 97
9352 97
9353 97
9354 97
9355 97
9356 97
9357 97
9358 97
9359 97
9360 97
9361 97
9362 97
9363 97
9364 97
9365 97
9366 97
9367 97
9368 97
9369 97
9370 97
9371 97
9372 97
9373 97
9374 97
9375 97
9376 97
9377 97
9378 97
9379 97
9380 97
9381 97
9382 97
9383 97
9384 97
9385 97
9386 97
9387 97
9388 97
9389 97
9390 97
9391 97
9392 97
9393 97
9394 97
9395 97
9396 97
9397 97
9398 97
9399 97
9400 97
9401 97
9402 97
9403 97
9404 97
9405 97
9406 97
9407 97
9408 97
9409 97
9410 97
9411 97
9412 97
9413 97
9414 97
9415 97
9416 97
9417 97
9418 97
9419 97
9420 97
9421 97
9422 97
9423 97
9424 97
9425 97
9426 97
9427 97
9428 97
9429 97
9430 97
9431 97
9432 97
9433 97
9434 97
9435 97
9436 97
9437 97
9438 97
9439 97
9440 97
9441 97
9442 97
9443 97
9444 97
9445 97
9446 97
9447 97
9448 97
9449 97
9450 97
9451 97
9452 97
9453 97
9454 97
9455 97
9456 97
9457 97
9458 97
9459 97
9460 97
9461 97
9462 97
9463 97
9464 97
9465 97
9466 97
9467 97
9468 97
9469 97
9470 97
9471 97
9472 97
9473 97
9474 97
9475 97
9476 97
9477 97
9478 97
9479 97
9480 97
9481 97
9482 97
9483 97
9484 97
9485 97
9486 97
9487 97
9488 97
9489 97
9490 97
9491 97
9492 97
9493 97
9494 97
9495 97
9496 97
9497 97
9498 97
9499 97
9500 97
9501 97
9502 97
9503 97
9504 97
9505 97
9506 97
9507 98
9508 98
9509 98
9510 98
9511 98
9512 98
9513 98
9514 98
9515 98
9516 98
9517 98
9518 98
9519 98
9520 98
9521 98
9522 98
9523 98
9524 98
9525 98
9526 98
9527 98
9528 98
9529 98
9530 98
9531 98
9532 98
9533 98
9534 98
9535 98
9536 98
9537 98
9538 98
9539 98
9540 98
9541 98
9542 98
9543 98
9544 98
9545 98
9546 98
9547 98
9548 98
9549 98
9550 98
9551 98
9552 98
9553 98
9554 98
9555 98
9556 98
9557 98
9558 98
9559 98
9560 98
9561 98
9562 98
9563 98
9564 98
9565 98
9566 98
9567 98
9568 98
9569 98
9570 98
9571 98
9572 98
9573 98
9574 98
9575 98
9576 98
9577 98
9578 98
9579 98
9580 98
9581 98
9582 98
9583 98
9584 98
9585 98
9586 98
9587 98
9588 98
9589 98
9590 98
9591 98
9592 98
9593 98
9594 98
9595 98
9596 98
9597 98
9598 98
9599 98
9600 98
9601 98
9602 98
9603 98
9604 98
9605 98
9606 98
9607 98
9608 98
9609 98
9610 98
9611 98
9612 98
9613 98
9614 98
9615 98
9616 98
9617 98
9618 98
9619 98
9620 98
9621 98
9622 98
9623 98
9624 98
9625 98
9626 98
9627 98
9628 98
9629 98
9630 98
9631 98
9632 98
9633 98
9634 98
9635 98
9636 98
9637 98
9638 98
9639 98
9640 98
9641 98
9642 98
9643 98
9644 98
9645 98
9646 98
9647 98
9648 98
9649 98
9650 98
9651 98
9652 98
9653 98
9654 98
9655 98
9656 98
9657 98
9658 98
9659 98
9660 98
9661 98
9662 98
9663 98
9664 98
9665 98
9666 98
9667 98
9668 98
9669 98
9670 98
9671 98
9672 98
9673 98
9674 98
9675 98
9676 98
9677 98
9678 98
9679 98
9680 98
9681 98
9682 98
9683 98
9684 98
9685 98
9686 98
9687 98
9688 98
9689 98
9690 98
9691 98
9692 98
9693 98
9694 98
9695 98
9696 98
9697 98
9698 98
9699 98
9700 98
9701 98
9702 98
9703 99
9704 99
9705 99
9706 99
9707 99
9708 99
9709 99
9710 99
9711 99
9712 99
9713 99
9714 99
9715 99
9716 99
9717 99
9718 99
9719 99
9720 99
9721 99
9722 99
9723 99
9724 99
9725 99
9726 99
9727 99
9728 99
9729 99
9730 99
9731 99
9732 99
9733 99
9734 99
9735 99
9736 99
9737 99
9738 99
9739 99
9740 99
9741 99
9742 99
9743 99
9744 99
9745 99
9746 99
9747 99
9748 99
9749 99
9750 99
9751 99
9752 99
9753 99
9754 99
9755 99
9756 99
9757 99
9758 99
9759 99
9760 99
9761 99
9762 99
9763 99
9764 99
9765 99
9766 99
9767 99
9768 99
9769 99
9770 99
9771 99
9772 99
9773 99
9774 99
9775 99
9776 99
9777 99
9778 99
9779 99
9780 99
9781 99
9782 99
9783 99
9784 99
9785 99
9786 99
9787 99
9788 99
9789 99
9790 99
9791 99
9792 99
9793 99
9794 99
9795 99
9796 99
9797 99
9798 99
9799 99
9800 99
9801 99
9802 99
9803 99
9804 99
9805 99
9806 99
9807 99
9808 99
9809 99
9810 99
9811 99
9812 99
9813 99
9814 99
9815 99
9816 99
9817 99
9818 99
9819 99
9820 99
9821 99
9822 99
9823 99
9824 99
9825 99
9826 99
9827 99
9828 99
9829 99
9830 99
9831 99
9832 99
9833 99
9834 99
9835 99
9836 99
9837 99
9838 99
9839 99
9840 99
9841 99
9842 99
9843 99
9844 99
9845 99
9846 99
9847 99
9848 99
9849 99
9850 99
9851 99
9852 99
9853 99
9854 99
9855 99
9856 99
9857 99
9858 99
9859 99
9860 99
9861 99
9862 99
9863 99
9864 99
9865 99
9866 99
9867 99
9868 99
9869 99
9870 99
9871 99
9872 99
9873 99
9874 99
9875 99
9876 99
9877 99
9878 99
9879 99
9880 99
9881 99
9882 99
9883 99
9884 99
9885 99
9886 99
9887 99
9888 99
9889 99
9890 99
9891 99
9892 99
9893 99
9894 99
9895 99
9896 99
9897 99
9898 99
9899 99
9900 99
9901 100
9902 100
9903 100
9904 100
9905 100
9906 100
9907 100
9908 100
9909 100
9910 100
9911 100
9912 100
9913 100
9914 100
9915 100
9916 100
9917 100
9918 100
9919 100
9920 100
9921 100
9922 100
9923 100
9924 100
9925 100
9926 100
9927 100
9928 100
9929 100
9930 100
9931 100
9932 100
9933 100
9934 100
9935 100
9936 100
9937 100
9938 100
9939 100
9940 100
9941 100
9942 100
9943 100
9944 100
9945 100
9946 100
9947 100
9948 100
9949 100
9950 100
9951 100
9952 100
9953 100
9954 100
9955 100
9956 100
9957 100
9958 100
9959 100
9960 100
9961 100
9962 100
9963 100
9964 100
9965 100
9966 100
9967 100
9968 100
9969 100
9970 100
9971 100
9972 100
9973 100
9974 100
9975 100
9976 100
9977 100
9978 100
9979 100
9980 100
9981 100
9982 100
9983 100
9984 100
9985 100
9986 100
9987 100
9988 100
9989 100
9990 100
9991 100
9992 100
9993 100
9994 100
9995 100
9996 100
9997 100
9998 100
9999 100
10000 100
10001 100
10002 100
10003 100
10004 100
10005 100
10006 100
10007 100
10008 100
10009 100
10010 100
10011 100
10012 100
10013 100
10014 100
10015 100
10016 100
10017 100
10018 100
10019 100
10020 100
10021 100
10022 100
10023 100
10024 100
10025 100
10026 100
10027 100
10028 100
10029 100
10030 100
10031 100
10032 100
10033 100
10034 100
10035 100
10036 100
10037 100
10038 100
10039 100
10040 100
10041 100
10042 100
10043 100
10044 100
10045 100
10046 100
10047 100
10048 100
10049 100
10050 100
10051 100
10052 100
10053 100
10054 100
10055 100
10056 100
10057 100
10058 100
10059 100
10060 100
10061 100
10062 100
10063 100
10064 100
10065 100
10066 100
10067 100
10068 100
10069 100
10070 100
10071 100
10072 100
10073 100
10074 100
10075 100
10076 100
10077 100
10078 100
10079 100
10080 100
10081 100
10082 100
10083 100
10084 100
10085 100
10086 100
10087 100
10088 100
10089 100
10090 100
10091 100
10092 100
10093 100
10094 100
10095 100
10096 100
10097 100
10098 100
10099 100
10100 100
10101 101
10102 101
10103 101
10104 101
10105 101
10106 101
10107 101
10108 101
10109 101
10110 101
10111 101
10112 101
10113 101
10114 101
10115 101
10116 101
10117 101
10118 101
10119 101
10120 101
10121 101
10122 101
10123 101
10124 101
10125 101
10126 101
10127 101
10128 101
10129 101
10130 101
10131 101
10132 101
10133 101
10134 101
10135 101
10136 101
10137 101
10138 101
10139 101
10140 101
10141 101
10142 101
10143 101
10144 101
10145 101
10146 101
10147 101
10148 101
10149 101
10150 101
10151 101
10152 101
10153 101
10154 101
10155 101
10156 101
10157 101
10158 101
10159 101
10160 101
10161 101
10162 101
10163 101
10164 101
10165 101
10166 101
10167 101
10168 101
10169 101
10170 101
10171 101
10172 101
10173 101
10174 101
10175 101
10176 101
10177 101
10178 101
10179 101
10180 101
10181 101
10182 101
10183 101
10184 101
10185 101
10186 101
10187 101
10188 101
10189 101
10190 101
10191 101
10192 101
10193 101
10194 101
10195 101
10196 101
10197 101
10198 101
10199 101
10200 101
10201 101
10202 101
10203 101
10204 101
10205 101
10206 101
10207 101
10208 101
10209 101
10210 101
10211 101
10212 101
10213 101
10214 101
10215 101
10216 101
10217 101
10218 101
10219 101
10220 101
10221 101
10222 101
10223 101
10224 101
10225 101
10226 101
10227 101
10228 101
10229 101
10230 101
10231 101
10232 101
10233 101
10234 101
10235 101
10236 101
10237 101
10238 101
10239 101
10240 101
10241 101
10242 101
10243 101
10244 101
10245 101
10246 101
10247 101
10248 101
10249 101
10250 101
10251 101
10252 101
10253 101
10254 101
10255 101
10256 101
10257 101
10258 101
10259 101
10260 101
10261 101
10262 101
10263 101
10264 101
10265 101
10266 101
10267 101
10268 101
10269 101
10270 101
10271 101
10272 101
10273 101
10274 101
10275 101
10276 101
10277 101
10278 101
10279 101
10280 101
10281 101
10282 101
10283 101
10284 101
10285 101
10286 101
10287 101
10288 101
10289 101
10290 101
10291 101
10292 101
10293 101
10294 101
10295 101
10296 101
10297 101
10298 101
10299 101
10300 101
10301 101
10302 101
10303 102
10304 102
10305 102
10306 102
10307 102
10308 102
10309 102
10310 102
10311 102
10312 102
10313 102
10314 102
10315 102
10316 102
10317 102
10318 102
10319 102
10320 102
10321 102
10322 102
10323 102
10324 102
10325 102
10326 102
10327 102
10328 102
10329 102
10330 102
10331 102
10332 102
10333 102
10334 102
10335 102
10336 102
10337 102
10338 102
10339 102
10340 102
10341 102
10342 102
10343 102
10344 102
10345 102
10346 102
10347 102
10348 102
10349 102
10350 102
10351 102
10352 102
10353 102
10354 102
10355 102
10356 102
10357 102
10358 102
10359 102
10360 102
10361 102
10362 102
10363 102
10364 102
10365 102
10366 102
10367 102
10368 102
10369 102
10370 102
10371 102
10372 102
10373 102
10374 102
10375 102
10376 102
10377 102
10378 102
10379 102
10380 102
10381 102
10382 102
10383 102
10384 102
10385 102
10386 102
10387 102
10388 102
10389 102
10390 102
10391 102
10392 102
10393 102
10394 102
10395 102
10396 102
10397 102
10398 102
10399 102
10400 102
10401 102
10402 102
10403 102
10404 102
10405 102
10406 102
10407 102
10408 102
10409 102
10410 102
10411 102
10412 102
10413 102
10414 102
10415 102
10416 102
10417 102
10418 102
10419 102
10420 102
10421 102
10422 102
10423 102
10424 102
10425 102
10426 102
10427 102
10428 102
10429 102
10430 102
10431 102
10432 102
10433 102
10434 102
10435 102
10436 102
10437 102
10438 102
10439 102
10440 102
10441 102
10442 102
10443 102
10444 102
10445 102
10446 102
10447 102
10448 102
10449 102
10450 102
10451 102
10452 102
10453 102
10454 102
10455 102
10456 102
10457 102
10458 102
10459 102
10460 102
10461 102
10462 102
10463 102
10464 102
10465 102
10466 102
10467 102
10468 102
10469 102
10470 102
10471 102
10472 102
10473 102
10474 102
10475 102
10476 102
10477 102
10478 102
10479 102
10480 102
10481 102
10482 102
10483 102
10484 102
10485 102
10486 102
10487 102
10488 102
10489 102
10490 102
10491 102
10492 102
10493 102
10494 102
10495 102
10496 102
10497 102
10498 102
10499 102
10500 102
10501 102
10502 102
10503 102
10504 102
10505 102
10506 102
10507 103
10508 103
10509 103
10510 103
10511 103
10512 103
10513 103
10514 103
10515 103
10516 103
10517 103
10518 103
10519 103
10520 103
10521 103
10522 103
10523 103
10524 103
10525 103
10526 103
10527 103
10528 103
10529 103
10530 103
10531 103
10532 103
10533 103
10534 103
10535 103
10536 103
10537 103
10538 103
10539 103
10540 103
10541 103
10542 103
10543 103
10544 103
10545 103
10546 103
10547 103
10548 103
10549 103
10550 103
10551 103
10552 103
10553 103
10554 103
10555 103
10556 103
10557 103
10558 103
10559 103
10560 103
10561 103
10562 103
10563 103
10564 103
10565 103
10566 103
10567 103
10568 103
10569 103
10570 103
10571 103
10572 103
10573 103
10574 103
10575 103
10576 103
10577 103
10578 103
10579 103
10580 103
10581 103
10582 103
10583 103
10584 103
10585 103
10586 103
10587 103
10588 103
10589 103
10590 103
10591 103
10592 103
10593 103
10594 103
10595 103
10596 103
10597 103
10598 103
10599 103
10600 103
10601 103
10602 103
10603 103
10604 103
10605 103
10606 103
10607 103
10608 103
10609 103
10610 103
10611 103
10612 103
10613 103
10614 103
10615 103
10616 103
10617 103
10618 103
10619 103
10620 103
10621 103
10622 103
10623 103
10624 103
10625 103
10626 103
10627 103
10628 103
10629 103
10630 103
10631 103
10632 103
10633 103
10634 103
10635 103
10636 103
10637 103
10638 103
10639 103
10640 103
10641 103
10642 103
10643 103
10644 103
10645 103
10646 103
10647 103
10648 103
10649 103
10650 103
10651 103
10652 103
10653 103
10654 103
10655 103
10656 103
10657 103
10658 103
10659 103
10660 103
10661 103
10662 103
10663 103
10664 103
10665 103
10666 103
10667 103
10668 103
10669 103
10670 103
10671 103
10672 103
10673 103
10674 103
10675 103
10676 103
10677 103
10678 103
10679 103
10680 103
10681 103
10682 103
10683 103
10684 103
10685 103
10686 103
10687 103
10688 103
10689 103
10690 103
10691 103
10692 103
10693 103
10694 103
10695 103
10696 103
10697 103
10698 103
10699 103
10700 103
10701 103
10702 103
10703 103
10704 103
10705 103
10706 103
10707 103
10708 103
10709 103
10710 103
10711 103
10712 103
10713 104
10714 104
10715 104
10716 104
10717 104
10718 104
10719 104
10720 104
10721 104
10722 104
10723 104
10724 104
10725 104
10726 104
10727 104
10728 104
10729 104
10730 104
10731 104
10732 104
10733 104
10734 104
10735 104
10736 104
10737 104
10738 104
10739 104
10740 104
10741 104
10742 104
10743 104
10744 104
10745 104
10746 104
10747 104
10748 104
10749 104
10750 104
10751 104
10752 104
10753 104
10754 104
10755 104
10756 104
10757 104
10758 104
10759 104
10760 104
10761 104
10762 104
10763 104
10764 104
10765 104
10766 104
10767 104
10768 104
10769 104
10770 104
10771 104
10772 104
10773 104
10774 104
10775 104
10776 104
10777 104
10778 104
10779 104
10780 104
10781 104
10782 104
10783 104
10784 104
10785 104
10786 104
10787 104
10788 104
10789 104
10790 104
10791 104
10792 104
10793 104
10794 104
10795 104
10796 104
10797 104
10798 104
10799 104
10800 104
10801 104
10802 104
10803 104
10804 104
10805 104
10806 104
10807 104
10808 104
10809 104
10810 104
10811 104
10812 104
10813 104
10814 104
10815 104
10816 104
10817 104
10818 104
10819 104
10820 104
10821 104
10822 104
10823 104
10824 104
10825 104
10826 104
10827 104
10828 104
10829 104
10830 104
10831 104
10832 104
10833 104
10834 104
10835 104
10836 104
10837 104
10838 104
10839 104
10840 104
10841 104
10842 104
10843 104
10844 104
10845 104
10846 104
10847 104
10848 104
10849 104
10850 104
10851 104
10852 104
10853 104
10854 104
10855 104
10856 104
10857 104
10858 104
10859 104
10860 104
10861 104
10862 104
10863 104
10864 104
10865 104
10866 104
10867 104
10868 104
10869 104
10870 104
10871 104
10872 104
10873 104
10874 104
10875 104
10876 104
10877 104
10878 104
10879 104
10880 104
10881 104
10882 104
10883 104
10884 104
10885 104
10886 104
10887 104
10888 104
10889 104
10890 104
10891 104
10892 104
10893 104
10894 104
10895 104
10896 104
10897 104
10898 104
10899 104
10900 104
10901 104
10902 104
10903 104
10904 104
10905 104
10906 104
10907 104
10908 104
10909 104
10910 104
10911 104
10912 104
10913 104
10914 104
10915 104
10916 104
10917 104
10918 104
10919 104
10920 104
10921 105
10922 105
10923 105
10924 105
10925 105
10926 105
10927 105
10928 105
10929 105
10930 105
10931 105
10932 105
10933 105
10934 105
10935 105
10936 105
10937 105
10938 105
10939 105
10940 105
10941 105
10942 105
10943 105
10944 105
10945 105
10946 105
10947 105
10948 105
10949 105
10950 105
10951 105
10952 105
10953 105
10954 105
10955 105
10956 105
10957 105
10958 105
10959 105
10960 105
10961 105
10962 105
10963 105
10964 105
10965 105
10966 105
10967 105
10968 105
10969 105
10970 105
10971 105
10972 105
10973 105
10974 105
10975 105
10976 105
10977 105
10978 105
10979 105
10980 105
10981 105
10982 105
10983 105
10984 105
10985 105
10986 105
10987 105
10988 105
10989 105
10990 105
10991 105
10992 105
10993 105
10994 105
10995 105
10996 105
10997 105
10998 105
10999 105
11000 105
11001 105
11002 105
11003 105
11004 105
11005 105
11006 105
11007 105
11008 105
11009 105
11010 105
11011 105
11012 105
11013 105
11014 105
11015 105
11016 105
11017 105
11018 105
11019 105
11020 105
11021 105
11022 105
11023 105
11024 105
11025 105
11026 105
11027 105
11028 105
11029 105
11030 105
11031 105
11032 105
11033 105
11034 105
11035 105
11036 105
11037 105
11038 105
11039 105
11040 105
11041 105
11042 105
11043 105
11044 105
11045 105
11046 105
11047 105
11048 105
11049 105
11050 105
11051 105
11052 105
11053 105
11054 105
11055 105
11056 105
11057 105
11058 105
11059 105
11060 105
11061 105
11062 105
11063 105
11064 105
11065 105
11066 105
11067 105
11068 105
11069 105
11070 105
11071 105
11072 105
11073 105
11074 105
11075 105
11076 105
11077 105
11078 105
11079 105
11080 105
11081 105
11082 105
11083 105
11084 105
11085 105
11086 105
11087 105
11088 105
11089 105
11090 105
11091 105
11092 105
11093 105
11094 105
11095 105
11096 105
11097 105
11098 105
11099 105
11100 105
11101 105
11102 105
11103 105
11104 105
11105 105
11106 105
11107 105
11108 105
11109 105
11110 105
11111 105
11112 105
11113 105
11114 105
11115 105
11116 105
11117 105
11118 105
11119 105
11120 105
11121 105
11122 105
11123 105
11124 105
11125 105
11126 105
11127 105
11128 105
11129 105
11130 105
11131 106
11132 106
11133 106
11134 106
11135 106
11136 106
11137 106
11138 106
11139 106
11140 106
11141 106
11142 106
11143 106
11144 106
11145 106
11146 106
11147 106
11148 106
11149 106
11150 106
11151 106
11152 106
11153 106
11154 106
11155 106
11156 106
11157 106
11158 106
11159 106
11160 106
11161 106
11162 106
11163 106
11164 106
11165 106
11166 106
11167 106
11168 106
11169 106
11170 106
11171 106
11172 106
11173 106
11174 106
11175 106
11176 106
11177 106
11178 106
11179 106
11180 106
11181 106
11182 106
11183 106
11184 106
11185 106
11186 106
11187 106
11188 106
11189 106
11190 106
11191 106
11192 106
11193 106
11194 106
11195 106
11196 106
11197 106
11198 106
11199 106
11200 106
11201 106
11202 106
11203 106
11204 106
11205 106
11206 106
11207 106
11208 106
11209 106
11210 106
11211 106
11212 106
11213 106
11214 106
11215 106
11216 106
11217 106
11218 106
11219 106
11220 106
11221 106
11222 106
11223 106
11224 106
11225 106
11226 106
11227 106
11228 106
11229 106
11230 106
11231 106
11232 106
11233 106
11234 106
11235 106
11236 106
11237 106
11238 106
11239 106
11240 106
11241 106
11242 106
11243 106
11244 106
11245 106
11246 106
11247 106
11248 106
11249 106
11250 106
11251 106
11252 106
11253 106
11254 106
11255 106
11256 106
11257 106
11258 106
11259 106
11260 106
11261 106
11262 106
11263 106
11264 106
11265 106
11266 106
11267 106
11268 106
11269 106
11270 106
11271 106
11272 106
11273 106
11274 106
11275 106
11276 106
11277 106
11278 106
11279 106
11280 106
11281 106
11282 106
11283 106
11284 106
11285 106
11286 106
11287 106
11288 106
11289 106
11290 106
11291 106
11292 106
11293 106
11294 106
11295 106
11296 106
11297 106
11298 106
11299 106
11300 106
11301 106
11302 106
11303 106
11304 106
11305 106
11306 106
11307 106
11308 106
11309 106
11310 106
11311 106
11312 106
11313 106
11314 106
11315 106
11316 106
11317 106
11318 106
11319 106
11320 106
11321 106
11322 106
11323 106
11324 106
11325 106
11326 106
11327 106
11328 106
11329 106
11330 106
11331 106
11332 106
11333 106
11334 106
11335 106
11336 106
11337 106
11338 106
11339 106
11340 106
11341 106
11342 106
11343 107
11344 107
11345 107
11346 107
11347 107
11348 107
11349 107
11350 107
11351 107
11352 107
11353 107
11354 107
11355 107
11356 107
11357 107
11358 107
11359 107
11360 107
11361 107
11362 107
11363 107
11364 107
11365 107
11366 107
11367 107
11368 107
11369 107
11370 107
11371 107
11372 107
11373 107
11374 107
11375 107
11376 107
11377 107
11378 107
11379 107
11380 107
11381 107
11382 107
11383 107
11384 107
11385 107
11386 107
11387 107
11388 107
11389 107
11390 107
11391 107
11392 107
11393 107
11394 107
11395 107
11396 107
11397 107
11398 107
11399 107
11400 107
11401 107
11402 107
11403 107
11404 107
11405 107
11406 107
11407 107
11408 107
11409 107
11410 107
11411 107
11412 107
11413 107
11414 107
11415 107
11416 107
11417 107
11418 107
11419 107
11420 107
11421 107
11422 107
11423 107
11424 107
11425 107
11426 107
11427 107
11428 107
11429 107
11430 107
11431 107
11432 107
11433 107
11434 107
11435 107
11436 107
11437 107
11438 107
11439 107
11440 107
11441 107
11442 107
11443 107
11444 107
11445 107
11446 107
11447 107
11448 107
11449 107
11450 107
11451 107
11452 107
11453 107
11454 107
11455 107
11456 107
11457 107
11458 107
11459 107
11460 107
11461 107
11462 107
11463 107
11464 107
11465 107
11466 107
11467 107
11468 107
11469 107
11470 107
11471 107
11472 107
11473 107
11474 107
11475 107
11476 107
11477 107
11478 107
11479 107
11480 107
11481 107
11482 107
11483 107
11484 107
11485 107
11486 107
11487 107
11488 107
11489 107
11490 107
11491 107
11492 107
11493 107
11494 107
11495 107
11496 107
11497 107
11498 107
11499 107
11500 107
11501 107
11502 107
11503 107
11504 107
11505 107
11506 107
11507 107
11508 107
11509 107
11510 107
11511 107
11512 107
11513 107
11514 107
11515 107
11516 107
11517 107
11518 107
11519 107
11520 107
11521 107
11522 107
11523 107
11524 107
11525 107
11526 107
11527 107
11528 107
11529 107
11530 107
11531 107
11532 107
11533 107
11534 107
11535 107
11536 107
11537 107
11538 107
11539 107
11540 107
11541 107
11542 107
11543 107
11544 107
11545 107
11546 107
11547 107
11548 107
11549 107
11550 107
11551 107
11552 107
11553 107
11554 107
11555 107
11556 107
11557 108
11558 108
11559 108
11560 108
11561 108
11562 108
11563 108
11564 108
11565 108
11566 108
11567 108
11568 108
11569 108
11570 108
11571 108
11572 108
11573 108
11574 108
11575 108
11576 108
11577 108
11578 108
11579 108
11580 108
11581 108
11582 108
11583 108
11584 108
11585 108
11586 108
11587 108
11588 108
11589 108
11590 108
11591 108
11592 108
11593 108
11594 108
11595 108
11596 108
11597 108
11598 108
11599 108
11600 108
11601 108
11602 108
11603 108
11604 108
11605 108
11606 108
11607 108
11608 108
11609 108
11610 108
11611 108
11612 108
11613 108
11614 108
11615 108
11616 108
11617 108
11618 108
11619 108
11620 108
11621 108
11622 108
11623 108
11624 108
11625 108
11626 108
11627 108
11628 108
11629 108
11630 108
11631 108
11632 108
11633 108
11634 108
11635 108
11636 108
11637 108
11638 108
11639 108
11640 108
11641 108
11642 108
11643 108
11644 108
11645 108
11646 108
11647 108
11648 108
11649 108
11650 108
11651 108
11652 108
11653 108
11654 108
11655 108
11656 108
11657 108
11658 108
11659 108
11660 108
11661 108
11662 108
11663 108
11664 108
11665 108
11666 108
11667 108
11668 108
11669 108
11670 108
11671 108
11672 108
11673 108
11674 108
11675 108
11676 108
11677 108
11678 108
11679 108
11680 108
11681 108
11682 108
11683 108
11684 108
11685 108
11686 108
11687 108
11688 108
11689 108
11690 108
11691 108
11692 108
11693 108
11694 108
11695 108
11696 108
11697 108
11698 108
11699 108
11700 108
11701 108
11702 108
11703 108
11704 108
11705 108
11706 108
11707 108
11708 108
11709 108
11710 108
11711 108
11712 108
11713 108
11714 108
11715 108
11716 108
11717 108
11718 108
11719 108
11720 108
11721 108
11722 108
11723 108
11724 108
11725 108
11726 108
11727 108
11728 108
11729 108
11730 108
11731 108
11732 108
11733 108
11734 108
11735 108
11736 108
11737 108
11738 108
11739 108
11740 108
11741 108
11742 108
11743 108
11744 108
11745 108
11746 108
11747 108
11748 108
11749 108
11750 108
11751 108
11752 108
11753 108
11754 108
11755 108
11756 108
11757 108
11758 108
11759 108
11760 108
11761 108
11762 108
11763 108
11764 108
11765 108
11766 108
11767 108
11768 108
11769 108
11770 108
11771 108
11772 108
11773 109
11774 109
11775 109
11776 109
11777 109
11778 109
11779 109
11780 109
11781 109
11782 109
11783 109
11784 109
11785 109
11786 109
11787 109
11788 109
11789 109
11790 109
11791 109
11792 109
11793 109
11794 109
11795 109
11796 109
11797 109
11798 109
11799 109
11800 109
11801 109
11802 109
11803 109
11804 109
11805 109
11806 109
11807 109
11808 109
11809 109
11810 109
11811 109
11812 109
11813 109
11814 109
11815 109
11816 109
11817 109
11818 109
11819 109
11820 109
11821 109
11822 109
11823 109
11824 109
11825 109
11826 109
11827 109
11828 109
11829 109
11830 109
11831 109
11832 109
11833 109
11834 109
11835 109
11836 109
11837 109
11838 109
11839 109
11840 109
11841 109
11842 109
11843 109
11844 109
11845 109
11846 109
11847 109
11848 109
11849 109
11850 109
11851 109
11852 109
11853 109
11854 109
11855 109
11856 109
11857 109
11858 109
11859 109
11860 109
11861 109
11862 109
11863 109
11864 109
11865 109
11866 109
11867 109
11868 109
11869 109
11870 109
11871 109
11872 109
11873 109
11874 109
11875 109
11876 109
11877 109
11878 109
11879 109
11880 109
11881 109
11882 109
11883 109
11884 109
11885 109
11886 109
11887 109
11888 109
11889 109
11890 109
11891 109
11892 109
11893 109
11894 109
11895 109
11896 109
11897 109
11898 109
11899 109
11900 109
11901 109
11902 109
11903 109
11904 109
11905 109
11906 109
11907 109
11908 109
11909 109
11910 109
11911 109
11912 109
11913 109
11914 109
11915 109
11916 109
11917 109
11918 109
11919 109
11920 109
11921 109
11922 109
11923 109
11924 109
11925 109
11926 109
11927 109
11928 109
11929 109
11930 109
11931 109
11932 109
11933 109
11934 109
11935 109
11936 109
11937 109
11938 109
11939 109
11940 109
11941 109
11942 109
11943 109
11944 109
11945 109
11946 109
11947 109
11948 109
11949 109
11950 109
11951 109
11952 109
11953 109
11954 109
11955 109
11956 109
11957 109
11958 109
11959 109
11960 109
11961 109
11962 109
11963 109
11964 109
11965 109
11966 109
11967 109
11968 109
11969 109
11970 109
11971 109
11972 109
11973 109
11974 109
11975 109
11976 109
11977 109
11978 109
11979 109
11980 109
11981 109
11982 109
11983 109
11984 109
11985 109
11986 109
11987 109
11988 109
11989 109
11990 109
11991 110
11992 110
11993 110
11994 110
11995 110
11996 110
11997 110
11998 110
11999 110
12000 110
12001 110
12002 110
12003 110
12004 110
12005 110
12006 110
12007 110
12008 110
12009 110
12010 110
12011 110
12012 110
12013 110
12014 110
12015 110
12016 110
12017 110
12018 110
12019 110
12020 110
12021 110
12022 110
12023 110
12024 110
12025 110
12026 110
12027 110
12028 110
12029 110
12030 110
12031 110
12032 110
12033 110
12034 110
12035 110
12036 110
12037 110
12038 110
12039 110
12040 110
12041 110
12042 110
12043 110
12044 110
12045 110
12046 110
12047 110
12048 110
12049 110
12050 110
12051 110
12052 110
12053 110
12054 110
12055 110
12056 110
12057 110
12058 110
12059 110
12060 110
12061 110
12062 110
12063 110
12064 110
12065 110
12066 110
12067 110
12068 110
12069 110
12070 110
12071 110
12072 110
12073 110
12074 110
12075 110
12076 110
12077 110
12078 110
12079 110
12080 110
12081 110
12082 110
12083 110
12084 110
12085 110
12086 110
12087 110
12088 110
12089 110
12090 110
12091 110
12092 110
12093 110
12094 110
12095 110
12096 110
12097 110
12098 110
12099 110
12100 110
12101 110
12102 110
12103 110
12104 110
12105 110
12106 110
12107 110
12108 110
12109 110
12110 110
12111 110
12112 110
12113 110
12114 110
12115 110
12116 110
12117 110
12118 110
12119 110
12120 110
12121 110
12122 110
12123 110
12124 110
12125 110
12126 110
12127 110
12128 110
12129 110
12130 110
12131 110
12132 110
12133 110
12134 110
12135 110
12136 110
12137 110
12138 110
12139 110
12140 110
12141 110
12142 110
12143 110
12144 110
12145 110
12146 110
12147 110
12148 110
12149 110
12150 110
12151 110
12152 110
12153 110
12154 110
12155 110
12156 110
12157 110
12158 110
12159 110
12160 110
12161 110
12162 110
12163 110
12164 110
12165 110
12166 110
12167 110
12168 110
12169 110
12170 110
12171 110
12172 110
12173 110
12174 110
12175 110
12176 110
12177 110
12178 110
12179 110
12180 110
12181 110
12182 110
12183 110
12184 110
12185 110
12186 110
12187 110
12188 110
12189 110
12190 110
12191 110
12192 110
12193 110
12194 110
12195 110
12196 110
12197 110
12198 110
12199 110
12200 110
12201 110
12202 110
12203 110
12204 110
12205 110
12206 110
12207 110
12208 110
12209 110
12210 110
12211 111
12212 111
12213 111
12214 111
12215 111
12216 111
12217 111
12218 111
12219 111
12220 111
12221 111
12222 111
12223 111
12224 111
12225 111
12226 111
12227 111
12228 111
12229 111
12230 111
12231 111
12232 111
12233 111
12234 111
12235 111
12236 111
12237 111
12238 111
12239 111
12240 111
12241 111
12242 111
12243 111
12244 111
12245 111
12246 111
12247 111
12248 111
12249 111
12250 111
12251 111
12252 111
12253 111
12254 111
12255 111
12256 111
12257 111
12258 111
12259 111
12260 111
12261 111
12262 111
12263 111
12264 111
12265 111
12266 111
12267 111
12268 111
12269 111
12270 111
12271 111
12272 111
12273 111
12274 111
12275 111
12276 111
12277 111
12278 111
12279 111
12280 111
12281 111
12282 111
12283 111
12284 111
12285 111
12286 111
12287 111
12288 111
12289 111
12290 111
12291 111
12292 111
12293 111
12294 111
12295 111
12296 111
12297 111
12298 111
12299 111
12300 111
12301 111
12302 111
12303 111
12304 111
12305 111
12306 111
12307 111
12308 111
12309 111
12310 111
12311 111
12312 111
12313 111
12314 111
12315 111
12316 111
12317 111
12318 111
12319 111
12320 111
12321 111
12322 111
12323 111
12324 111
12325 111
12326 111
12327 111
12328 111
12329 111
12330 111
12331 111
12332 111
12333 111
12334 111
12335 111
12336 111
12337 111
12338 111
12339 111
12340 111
12341 111
12342 111
12343 111
12344 111
12345 111
12346 111
12347 111
12348 111
12349 111
12350 111
12351 111
12352 111
12353 111
12354 111
12355 111
12356 111
12357 111
12358 111
12359 111
12360 111
12361 111
12362 111
12363 111
12364 111
12365 111
12366 111
12367 111
12368 111
12369 111
12370 111
12371 111
12372 111
12373 111
12374 111
12375 111
12376 111
12377 111
12378 111
12379 111
12380 111
12381 111
12382 111
12383 111
12384 111
12385 111
12386 111
12387 111
12388 111
12389 111
12390 111
12391 111
12392 111
12393 111
12394 111
12395 111
12396 111
12397 111
12398 111
12399 111
12400 111
12401 111
12402 111
12403 111
12404 111
12405 111
12406 111
12407 111
12408 111
12409 111
12410 111
12411 111
12412 111
12413 111
12414 111
12415 111
12416 111
12417 111
12418 111
12419 111
12420 111
12421 111
12422 111
12423 111
12424 111
12425 111
12426 111
12427 111
12428 111
12429 111
12430 111
12431 111
12432 111
12433 112
12434 112
12435 112
12436 112
12437 112
12438 112
12439 112
12440 112
12441 112
12442 112
12443 112
12444 112
12445 112
12446 112
12447 112
12448 112
12449 112
12450 112
12451 112
12452 112
12453 112
12454 112
12455 112
12456 112
12457 112
12458 112
12459 112
12460 112
12461 112
12462 112
12463 112
12464 112
12465 112
12466 112
12467 112
12468 112
12469 112
12470 112
12471 112
12472 112
12473 112
12474 112
12475 112
12476 112
12477 112
12478 112
12479 112
12480 112
12481 112
12482 112
12483 112
12484 112
12485 112
12486 112
12487 112
12488 112
12489 112
12490 112
12491 112
12492 112
12493 112
12494 112
12495 112
12496 112
12497 112
12498 112
12499 112
12500 112
12501 112
12502 112
12503 112
12504 112
12505 112
12506 112
12507 112
12508 112
12509 112
12510 112
12511 112
12512 112
12513 112
12514 112
12515 112
12516 112
12517 112
12518 112
12519 112
12520 112
12521 112
12522 112
12523 112
12524 112
12525 112
12526 112
12527 112
12528 112
12529 112
12530 112
12531 112
12532 112
12533 112
12534 112
12535 112
12536 112
12537 112
12538 112
12539 112
12540 112
12541 112
12542 112
12543 112
12544 112
12545 112
12546 112
12547 112
12548 112
12549 112
12550 112
12551 112
12552 112
12553 112
12554 112
12555 112
12556 112
12557 112
12558 112
12559 112
12560 112
12561 112
12562 112
12563 112
12564 112
12565 112
12566 112
12567 112
12568 112
12569 112
12570 112
12571 112
12572 112
12573 112
12574 112
12575 112
12576 112
12577 112
12578 112
12579 112
12580 112
12581 112
12582 112
12583 112
12584 112
12585 112
12586 112
12587 112
12588 112
12589 112
12590 112
12591 112
12592 112
12593 112
12594 112
12595 112
12596 112
12597 112
12598 112
12599 112
12600 112
12601 112
12602 112
12603 112
12604 112
12605 112
12606 112
12607 112
12608 112
12609 112
12610 112
12611 112
12612 112
12613 112
12614 112
12615 112
12616 112
12617 112
12618 112
12619 112
12620 112
12621 112
12622 112
12623 112
12624 112
12625 112
12626 112
12627 112
12628 112
12629 112
12630 112
12631 112
12632 112
12633 112
12634 112
12635 112
12636 112
12637 112
12638 112
12639 112
12640 112
12641 112
12642 112
12643 112
12644 112
12645 112
12646 112
12647 112
12648 112
12649 112
12650 112
12651 112
12652 112
12653 112
12654 112
12655 112
12656 112
12657 113
12658 113
12659 113
12660 113
12661 113
12662 113
12663 113
12664 113
12665 113
12666 113
12667 113
12668 113
12669 113
12670 113
12671 113
12672 113
12673 113
12674 113
12675 113
12676 113
12677 113
12678 113
12679 113
12680 113
12681 113
12682 113
12683 113
12684 113
12685 113
12686 113
12687 113
12688 113
12689 113
12690 113
12691 113
12692 113
12693 113
12694 113
12695 113
12696 113
12697 113
12698 113
12699 113
12700 113
12701 113
12702 113
12703 113
12704 113
12705 113
12706 113
12707 113
12708 113
12709 113
12710 113
12711 113
12712 113
12713 113
12714 113
12715 113
12716 113
12717 113
12718 113
12719 113
12720 113
12721 113
12722 113
12723 113
12724 113
12725 113
12726 113
12727 113
12728 113
12729 113
12730 113
12731 113
12732 113
12733 113
12734 113
12735 113
12736 113
12737 113
12738 113
12739 113
12740 113
12741 113
12742 113
12743 113
12744 113
12745 113
12746 113
12747 113
12748 113
12749 113
12750 113
12751 113
12752 113
12753 113
12754 113
12755 113
12756 113
12757 113
12758 113
12759 113
12760 113
12761 113
12762 113
12763 113
12764 113
12765 113
12766 113
12767 113
12768 113
12769 113
12770 113
12771 113
12772 113
12773 113
12774 113
12775 113
12776 113
12777 113
12778 113
12779 113
12780 113
12781 113
12782 113
12783 113
12784 113
12785 113
12786 113
12787 113
12788 113
12789 113
12790 113
12791 113
12792 113
12793 113
12794 113
12795 113
12796 113
12797 113
12798 113
12799 113
12800 113
12801 113
12802 113
12803 113
12804 113
12805 113
12806 113
12807 113
12808 113
12809 113
12810 113
12811 113
12812 113
12813 113
12814 113
12815 113
12816 113
12817 113
12818 113
12819 113
12820 113
12821 113
12822 113
12823 113
12824 113
12825 113
12826 113
12827 113
12828 113
12829 113
12830 113
12831 113
12832 113
12833 113
12834 113
12835 113
12836 113
12837 113
12838 113
12839 113
12840 113
12841 113
12842 113
12843 113
12844 113
12845 113
12846 113
12847 113
12848 113
12849 113
12850 113
12851 113
12852 113
12853 113
12854 113
12855 113
12856 113
12857 113
12858 113
12859 113
12860 113
12861 113
12862 113
12863 113
12864 113
12865 113
12866 113
12867 113
12868 113
12869 113
12870 113
12871 113
12872 113
12873 113
12874 113
12875 113
12876 113
12877 113
12878 113
12879 113
12880 113
12881 113
12882 113
12883 114
12884 114
12885 114
12886 114
12887 114
12888 114
12889 114
12890 114
12891 114
12892 114
12893 114
12894 114
12895 114
12896 114
12897 114
12898 114
12899 114
12900 114
12901 114
12902 114
12903 114
12904 114
12905 114
12906 114
12907 114
12908 114
12909 114
12910 114
12911 114
12912 114
12913 114
12914 114
12915 114
12916 114
12917 114
12918 114
12919 114
12920 114
12921 114
12922 114
12923 114
12924 114
12925 114
12926 114
12927 114
12928 114
12929 114
12930 114
12931 114
12932 114
12933 114
12934 114
12935 114
12936 114
12937 114
12938 114
12939 114
12940 114
12941 114
12942 114
12943 114
12944 114
12945 114
12946 114
12947 114
12948 114
12949 114
12950 114
12951 114
12952 114
12953 114
12954 114
12955 114
12956 114
12957 114
12958 114
12959 114
12960 114
12961 114
12962 114
12963 114
12964 114
12965 114
12966 114
12967 114
12968 114
12969 114
12970 114
12971 114
12972 114
12973 114
12974 114
12975 114
12976 114
12977 114
12978 114
12979 114
12980 114
12981 114
12982 114
12983 114
12984 114
12985 114
12986 114
12987 114
12988 114
12989 114
12990 114
12991 114
12992 114
12993 114
12994 114
12995 114
12996 114
12997 114
12998 114
12999 114
13000 114
13001 114
13002 114
13003 114
13004 114
13005 114
13006 114
13007 114
13008 114
13009 114
13010 114
13011 114
13012 114
13013 114
13014 114
13015 114
13016 114
13017 114
13018 114
13019 114
13020 114
13021 114
13022 114
13023 114
13024 114
13025 114
13026 114
13027 114
13028 114
13029 114
13030 114
13031 114
13032 114
13033 114
13034 114
13035 114
13036 114
13037 114
13038 114
13039 114
13040 114
13041 114
13042 114
13043 114
13044 114
13045 114
13046 114
13047 114
13048 114
13049 114
13050 114
13051 114
13052 114
13053 114
13054 114
13055 114
13056 114
13057 114
13058 114
13059 114
13060 114
13061 114
13062 114
13063 114
13064 114
13065 114
13066 114
13067 114
13068 114
13069 114
13070 114
13071 114
13072 114
13073 114
13074 114
13075 114
13076 114
13077 114
13078 114
13079 114
13080 114
13081 114
13082 114
13083 114
13084 114
13085 114
13086 114
13087 114
13088 114
13089 114
13090 114
13091 114
13092 114
13093 114
13094 114
13095 114
13096 114
13097 114
13098 114
13099 114
13100 114
13101 114
13102 114
13103 114
13104 114
13105 114
13106 114
13107 114
13108 114
13109 114
13110 114
13111 115
13112 115
13113 115
13114 115
13115 115
13116 115
13117 115
13118 115
13119 115
13120 115
13121 115
13122 115
13123 115
13124 115
13125 115
13126 115
13127 115
13128 115
13129 115
13130 115
13131 115
13132 115
13133 115
13134 115
13135 115
13136 115
13137 115
13138 115
13139 115
13140 115
13141 115
13142 115
13143 115
13144 115
13145 115
13146 115
13147 115
13148 115
13149 115
13150 115
13151 115
13152 115
13153 115
13154 115
13155 115
13156 115
13157 115
13158 115
13159 115
13160 115
13161 115
13162 115
13163 115
13164 115
13165 115
13166 115
13167 115
13168 115
13169 115
13170 115
13171 115
13172 115
13173 115
13174 115
13175 115
13176 115
13177 115
13178 115
13179 115
13180 115
13181 115
13182 115
13183 115
13184 115
13185 115
13186 115
13187 115
13188 115
13189 115
13190 115
13191 115
13192 115
13193 115
13194 115
13195 115
13196 115
13197 115
13198 115
13199 115
13200 115
13201 115
13202 115
13203 115
13204 115
13205 115
13206 115
13207 115
13208 115
13209 115
13210 115
13211 115
13212 115
13213 115
13214 115
13215 115
13216 115
13217 115
13218 115
13219 115
13220 115
13221 115
13222 115
13223 115
13224 115
13225 115
13226 115
13227 115
13228 115
13229 115
13230 115
13231 115
13232 115
13233 115
13234 115
13235 115
13236 115
13237 115
13238 115
13239 115
13240 115
13241 115
13242 115
13243 115
13244 115
13245 115
13246 115
13247 115
13248 115
13249 115
13250 115
13251 115
13252 115
13253 115
13254 115
13255 115
13256 115
13257 115
13258 115
13259 115
13260 115
13261 115
13262 115
13263 115
13264 115
13265 115
13266 115
13267 115
13268 115
13269 115
13270 115
13271 115
13272 115
13273 115
13274 115
13275 115
13276 115
13277 115
13278 115
13279 115
13280 115
13281 115
13282 115
13283 115
13284 115
13285 115
13286 115
13287 115
13288 115
13289 115
13290 115
13291 115
13292 115
13293 115
13294 115
13295 115
13296 115
13297 115
13298 115
13299 115
13300 115
13301 115
13302 115
13303 115
13304 115
13305 115
13306 115
13307 115
13308 115
13309 115
13310 115
13311 115
13312 115
13313 115
13314 115
13315 115
13316 115
13317 115
13318 115
13319 115
13320 115
13321 115
13322 115
13323 115
13324 115
13325 115
13326 115
13327 115
13328 115
13329 115
13330 115
13331 115
13332 115
13333 115
13334 115
13335 115
13336 115
13337 115
13338 115
13339 115
13340 115
13341 116
13342 116
13343 116
13344 116
13345 116
13346 116
13347 116
13348 116
13349 116
13350 116
13351 116
13352 116
13353 116
13354 116
13355 116
13356 116
13357 116
13358 116
13359 116
13360 116
13361 116
13362 116
13363 116
13364 116
13365 116
13366 116
13367 116
13368 116
13369 116
13370 116
13371 116
13372 116
13373 116
13374 116
13375 116
13376 116
13377 116
13378 116
13379 116
13380 116
13381 116
13382 116
13383 116
13384 116
13385 116
13386 116
13387 116
13388 116
13389 116
13390 116
13391 116
13392 116
13393 116
13394 116
13395 116
13396 116
13397 116
13398 116
13399 116
13400 116
13401 116
13402 116
13403 116
13404 116
13405 116
13406 116
13407 116
13408 116
13409 116
13410 116
13411 116
13412 116
13413 116
13414 116
13415 116
13416 116
13417 116
13418 116
13419 116
13420 116
13421 116
13422 116
13423 116
13424 116
13425 116
13426 116
13427 116
13428 116
13429 116
13430 116
13431 116
13432 116
13433 116
13434 116
13435 116
13436 116
13437 116
13438 116
13439 116
13440 116
13441 116
13442 116
13443 116
13444 116
13445 116
13446 116
13447 116
13448 116
13449 116
13450 116
13451 116
13452 116
13453 116
13454 116
13455 116
13456 116
13457 116
13458 116
13459 116
13460 116
13461 116
13462 116
13463 116
13464 116
13465 116
13466 116
13467 116
13468 116
13469 116
13470 116
13471 116
13472 116
13473 116
13474 116
13475 116
13476 116
13477 116
13478 116
13479 116
13480 116
13481 116
13482 116
13483 116
13484 116
13485 116
13486 116
13487 116
13488 116
13489 116
13490 116
13491 116
13492 116
13493 116
13494 116
13495 116
13496 116
13497 116
13498 116
13499 116
13500 116
13501 116
13502 116
13503 116
13504 116
13505 116
13506 116
13507 116
13508 116
13509 116
13510 116
13511 116
13512 116
13513 116
13514 116
13515 116
13516 116
13517 116
13518 116
13519 116
13520 116
13521 116
13522 116
13523 116
13524 116
13525 116
13526 116
13527 116
13528 116
13529 116
13530 116
13531 116
13532 116
13533 116
13534 116
13535 116
13536 116
13537 116
13538 116
13539 116
13540 116
13541 116
13542 116
13543 116
13544 116
13545 116
13546 116
13547 116
13548 116
13549 116
13550 116
13551 116
13552 116
13553 116
13554 116
13555 116
13556 116
13557 116
13558 116
13559 116
13560 116
13561 116
13562 116
13563 116
13564 116
13565 116
13566 116
13567 116
13568 116
13569 116
13570 116
13571 116
13572 116
13573 117
13574 117
13575 117
13576 117
13577 117
13578 117
13579 117
13580 117
13581 117
13582 117
13583 117
13584 117
13585 117
13586 117
13587 117
13588 117
13589 117
13590 117
13591 117
13592 117
13593 117
13594 117
13595 117
13596 117
13597 117
13598 117
13599 117
13600 117
13601 117
13602 117
13603 117
13604 117
13605 117
13606 117
13607 117
13608 117
13609 117
13610 117
13611 117
13612 117
13613 117
13614 117
13615 117
13616 117
13617 117
13618 117
13619 117
13620 117
13621 117
13622 117
13623 117
13624 117
13625 117
13626 117
13627 117
13628 117
13629 117
13630 117
13631 117
13632 117
13633 117
13634 117
13635 117
13636 117
13637 117
13638 117
13639 117
13640 117
13641 117
13642 117
13643 117
13644 117
13645 117
13646 117
13647 117
13648 117
13649 117
13650 117
13651 117
13652 117
13653 117
13654 117
13655 117
13656 117
13657 117
13658 117
13659 117
13660 117
13661 117
13662 117
13663 117
13664 117
13665 117
13666 117
13667 117
13668 117
13669 117
13670 117
13671 117
13672 117
13673 117
13674 117
13675 117
13676 117
13677 117
13678 117
13679 117
13680 117
13681 117
13682 117
13683 117
13684 117
13685 117
13686 117
13687 117
13688 117
13689 117
13690 117
13691 117
13692 117
13693 117
13694 117
13695 117
13696 117
13697 117
13698 117
13699 117
13700 117
13701 117
13702 117
13703 117
13704 117
13705 117
13706 117
13707 117
13708 117
13709 117
13710 117
13711 117
13712 117
13713 117
13714 117
13715 117
13716 117
13717 117
13718 117
13719 117
13720 117
13721 117
13722 117
13723 117
13724 117
13725 117
13726 117
13727 117
13728 117
13729 117
13730 117
13731 117
13732 117
13733 117
13734 117
13735 117
13736 117
13737 117
13738 117
13739 117
13740 117
13741 117
13742 117
13743 117
13744 117
13745 117
13746 117
13747 117
13748 117
13749 117
13750 117
13751 117
13752 117
13753 117
13754 117
13755 117
13756 117
13757 117
13758 117
13759 117
13760 117
13761 117
13762 117
13763 117
13764 117
13765 117
13766 117
13767 117
13768 117
13769 117
13770 117
13771 117
13772 117
13773 117
13774 117
13775 117
13776 117
13777 117
13778 117
13779 117
13780 117
13781 117
13782 117
13783 117
13784 117
13785 117
13786 117
13787 117
13788 117
13789 117
13790 117
13791 117
13792 117
13793 117
13794 117
13795 117
13796 117
13797 117
13798 117
13799 117
13800 117
13801 117
13802 117
13803 117
13804 117
13805 117
13806 117
13807 118
13808 118
13809 118
13810 118
13811 118
13812 118
13813 118
13814 118
13815 118
13816 118
13817 118
13818 118
13819 118
13820 118
13821 118
13822 118
13823 118
13824 118
13825 118
13826 118
13827 118
13828 118
13829 118
13830 118
13831 118
13832 118
13833 118
13834 118
13835 118
13836 118
13837 118
13838 118
13839 118
13840 118
13841 118
13842 118
13843 118
13844 118
13845 118
13846 118
13847 118
13848 118
13849 118
13850 118
13851 118
13852 118
13853 118
13854 118
13855 118
13856 118
13857 118
13858 118
13859 118
13860 118
13861 118
13862 118
13863 118
13864 118
13865 118
13866 118
13867 118
13868 118
13869 118
13870 118
13871 118
13872 118
13873 118
13874 118
13875 118
13876 118
13877 118
13878 118
13879 118
13880 118
13881 118
13882 118
13883 118
13884 118
13885 118
13886 118
13887 118
13888 118
13889 118
13890 118
13891 118
13892 118
13893 118
13894 118
13895 118
13896 118
13897 118
13898 118
13899 118
13900 118
13901 118
13902 118
13903 118
13904 118
13905 118
13906 118
13907 118
13908 118
13909 118
13910 118
13911 118
13912 118
13913 118
13914 118
13915 118
13916 118
13917 118
13918 118
13919 118
13920 118
13921 118
13922 118
13923 118
13924 118
13925 118
13926 118
13927 118
13928 118
13929 118
13930 118
13931 118
13932 118
13933 118
13934 118
13935 118
13936 118
13937 118
13938 118
13939 118
13940 118
13941 118
13942 118
13943 118
13944 118
13945 118
13946 118
13947 118
13948 118
13949 118
13950 118
13951 118
13952 118
13953 118
13954 118
13955 118
13956 118
13957 118
13958 118
13959 118
13960 118
13961 118
13962 118
13963 118
13964 118
13965 118
13966 118
13967 118
13968 118
13969 118
13970 118
13971 118
13972 118
13973 118
13974 118
13975 118
13976 118
13977 118
13978 118
13979 118
13980 118
13981 118
13982 118
13983 118
13984 118
13985 118
13986 118
13987 118
13988 118
13989 118
13990 118
13991 118
13992 118
13993 118
13994 118
13995 118
13996 118
13997 118
13998 118
13999 118
14000 118
14001 118
14002 118
14003 118
14004 118
14005 118
14006 118
14007 118
14008 118
14009 118
14010 118
14011 118
14012 118
14013 118
14014 118
14015 118
14016 118
14017 118
14018 118
14019 118
14020 118
14021 118
14022 118
14023 118
14024 118
14025 118
14026 118
14027 118
14028 118
14029 118
14030 118
14031 118
14032 118
14033 118
14034 118
14035 118
14036 118
14037 118
14038 118
14039 118
14040 118
14041 118
14042 118
14043 119
14044 119
14045 119
14046 119
14047 119
14048 119
14049 119
14050 119
14051 119
14052 119
14053 119
14054 119
14055 119
14056 119
14057 119
14058 119
14059 119
14060 119
14061 119
14062 119
14063 119
14064 119
14065 119
14066 119
14067 119
14068 119
14069 119
14070 119
14071 119
14072 119
14073 119
14074 119
14075 119
14076 119
14077 119
14078 119
14079 119
14080 119
14081 119
14082 119
14083 119
14084 119
14085 119
14086 119
14087 119
14088 119
14089 119
14090 119
14091 119
14092 119
14093 119
14094 119
14095 119
14096 119
14097 119
14098 119
14099 119
14100 119
14101 119
14102 119
14103 119
14104 119
14105 119
14106 119
14107 119
14108 119
14109 119
14110 119
14111 119
14112 119
14113 119
14114 119
14115 119
14116 119
14117 119
14118 119
14119 119
14120 119
14121 119
14122 119
14123 119
14124 119
14125 119
14126 119
14127 119
14128 119
14129 119
14130 119
14131 119
14132 119
14133 119
14134 119
14135 119
14136 119
14137 119
14138 119
14139 119
14140 119
14141 119
14142 119
14143 119
14144 119
14145 119
14146 119
14147 119
14148 119
14149 119
14150 119
14151 119
14152 119
14153 119
14154 119
14155 119
14156 119
14157 119
14158 119
14159 119
14160 119
14161 119
14162 119
14163 119
14164 119
14165 119
14166 119
14167 119
14168 119
14169 119
14170 119
14171 119
14172 119
14173 119
14174 119
14175 119
14176 119
14177 119
14178 119
14179 119
14180 119
14181 119
14182 119
14183 119
14184 119
14185 119
14186 119
14187 119
14188 119
14189 119
14190 119
14191 119
14192 119
14193 119
14194 119
14195 119
14196 119
14197 119
14198 119
14199 119
14200 119
14201 119
14202 119
14203 119
14204 119
14205 119
14206 119
14207 119
14208 119
14209 119
14210 119
14211 119
14212 119
14213 119
14214 119
14215 119
14216 119
14217 119
14218 119
14219 119
14220 119
14221 119
14222 119
14223 119
14224 119
14225 119
14226 119
14227 119
14228 119
14229 119
14230 119
14231 119
14232 119
14233 119
14234 119
14235 119
14236 119
14237 119
14238 119
14239 119
14240 119
14241 119
14242 119
14243 119
14244 119
14245 119
14246 119
14247 119
14248 119
14249 119
14250 119
14251 119
14252 119
14253 119
14254 119
14255 119
14256 119
14257 119
14258 119
14259 119
14260 119
14261 119
14262 119
14263 119
14264 119
14265 119
14266 119
14267 119
14268 119
14269 119
14270 119
14271 119
14272 119
14273 119
14274 119
14275 119
14276 119
14277 119
14278 119
14279 119
14280 119
14281 120
14282 120
14283 120
14284 120
14285 120
14286 120
14287 120
14288 120
14289 120
14290 120
14291 120
14292 120
14293 120
14294 120
14295 120
14296 120
14297 120
14298 120
14299 120
14300 120
14301 120
14302 120
14303 120
14304 120
14305 120
14306 120
14307 120
14308 120
14309 120
14310 120
14311 120
14312 120
14313 120
14314 120
14315 120
14316 120
14317 120
14318 120
14319 120
14320 120
14321 120
14322 120
14323 120
14324 120
14325 120
14326 120
14327 120
14328 120
14329 120
14330 120
14331 120
14332 120
14333 120
14334 120
14335 120
14336 120
14337 120
14338 120
14339 120
14340 120
14341 120
14342 120
14343 120
14344 120
14345 120
14346 120
14347 120
14348 120
14349 120
14350 120
14351 120
14352 120
14353 120
14354 120
14355 120
14356 120
14357 120
14358 120
14359 120
14360 120
14361 120
14362 120
14363 120
14364 120
14365 120
14366 120
14367 120
14368 120
14369 120
14370 120
14371 120
14372 120
14373 120
14374 120
14375 120
14376 120
14377 120
14378 120
14379 120
14380 120
14381 120
14382 120
14383 120
14384 120
14385 120
14386 120
14387 120
14388 120
14389 120
14390 120
14391 120
14392 120
14393 120
14394 120
14395 120
14396 120
14397 120
14398 120
14399 120
14400 120
14401 120
14402 120
14403 120
14404 120
14405 120
14406 120
14407 120
14408 120
14409 120
14410 120
14411 120
14412 120
14413 120
14414 120
14415 120
14416 120
14417 120
14418 120
14419 120
14420 120
14421 120
14422 120
14423 120
14424 120
14425 120
14426 120
14427 120
14428 120
14429 120
14430 120
14431 120
14432 120
14433 120
14434 120
14435 120
14436 120
14437 120
14438 120
14439 120
14440 120
14441 120
14442 120
14443 120
14444 120
14445 120
14446 120
14447 120
14448 120
14449 120
14450 120
14451 120
14452 120
14453 120
14454 120
14455 120
14456 120
14457 120
14458 120
14459 120
14460 120
14461 120
14462 120
14463 120
14464 120
14465 120
14466 120
14467 120
14468 120
14469 120
14470 120
14471 120
14472 120
14473 120
14474 120
14475 120
14476 120
14477 120
14478 120
14479 120
14480 120
14481 120
14482 120
14483 120
14484 120
14485 120
14486 120
14487 120
14488 120
14489 120
14490 120
14491 120
14492 120
14493 120
14494 120
14495 120
14496 120
14497 120
14498 120
14499 120
14500 120
14501 120
14502 120
14503 120
14504 120
14505 120
14506 120
14507 120
14508 120
14509 120
14510 120
14511 120
14512 120
14513 120
14514 120
14515 120
14516 120
14517 120
14518 120
14519 120
14520 120
14521 121
14522 121
14523 121
14524 121
14525 121
14526 121
14527 121
14528 121
14529 121
14530 121
14531 121
14532 121
14533 121
14534 121
14535 121
14536 121
14537 121
14538 121
14539 121
14540 121
14541 121
14542 121
14543 121
14544 121
14545 121
14546 121
14547 121
14548 121
14549 121
14550 121
14551 121
14552 121
14553 121
14554 121
14555 121
14556 121
14557 121
14558 121
14559 121
14560 121
14561 121
14562 121
14563 121
14564 121
14565 121
14566 121
14567 121
14568 121
14569 121
14570 121
14571 121
14572 121
14573 121
14574 121
14575 121
14576 121
14577 121
14578 121
14579 121
14580 121
14581 121
14582 121
14583 121
14584 121
14585 121
14586 121
14587 121
14588 121
14589 121
14590 121
14591 121
14592 121
14593 121
14594 121
14595 121
14596 121
14597 121
14598 121
14599 121
14600 121
14601 121
14602 121
14603 121
14604 121
14605 121
14606 121
14607 121
14608 121
14609 121
14610 121
14611 121
14612 121
14613 121
14614 121
14615 121
14616 121
14617 121
14618 121
14619 121
14620 121
14621 121
14622 121
14623 121
14624 121
14625 121
14626 121
14627 121
14628 121
14629 121
14630 121
14631 121
14632 121
14633 121
14634 121
14635 121
14636 121
14637 121
14638 121
14639 121
14640 121
14641 121
14642 121
14643 121
14644 121
14645 121
14646 121
14647 121
14648 121
14649 121
14650 121
14651 121
14652 121
14653 121
14654 121
14655 121
14656 121
14657 121
14658 121
14659 121
14660 121
14661 121
14662 121
14663 121
14664 121
14665 121
14666 121
14667 121
14668 121
14669 121
14670 121
14671 121
14672 121
14673 121
14674 121
14675 121
14676 121
14677 121
14678 121
14679 121
14680 121
14681 121
14682 121
14683 121
14684 121
14685 121
14686 121
14687 121
14688 121
14689 121
14690 121
14691 121
14692 121
14693 121
14694 121
14695 121
14696 121
14697 121
14698 121
14699 121
14700 121
14701 121
14702 121
14703 121
14704 121
14705 121
14706 121
14707 121
14708 121
14709 121
14710 121
14711 121
14712 121
14713 121
14714 121
14715 121
14716 121
14717 121
14718 121
14719 121
14720 121
14721 121
14722 121
14723 121
14724 121
14725 121
14726 121
14727 121
14728 121
14729 121
14730 121
14731 121
14732 121
14733 121
14734 121
14735 121
14736 121
14737 121
14738 121
14739 121
14740 121
14741 121
14742 121
14743 121
14744 121
14745 121
14746 121
14747 121
14748 121
14749 121
14750 121
14751 121
14752 121
14753 121
14754 121
14755 121
14756 121
14757 121
14758 121
14759 121
14760 121
14761 121
14762 121
14763 122
14764 122
14765 122
14766 122
14767 122
14768 122
14769 122
14770 122
14771 122
14772 122
14773 122
14774 122
14775 122
14776 122
14777 122
14778 122
14779 122
14780 122
14781 122
14782 122
14783 122
14784 122
14785 122
14786 122
14787 122
14788 122
14789 122
14790 122
14791 122
14792 122
14793 122
14794 122
14795 122
14796 122
14797 122
14798 122
14799 122
14800 122
14801 122
14802 122
14803 122
14804 122
14805 122
14806 122
14807 122
14808 122
14809 122
14810 122
14811 122
14812 122
14813 122
14814 122
14815 122
14816 122
14817 122
14818 122
14819 122
14820 122
14821 122
14822 122
14823 122
14824 122
14825 122
14826 122
14827 122
14828 122
14829 122
14830 122
14831 122
14832 122
14833 122
14834 122
14835 122
14836 122
14837 122
14838 122
14839 122
14840 122
14841 122
14842 122
14843 122
14844 122
14845 122
14846 122
14847 122
14848 122
14849 122
14850 122
14851 122
14852 122
14853 122
14854 122
14855 122
14856 122
14857 122
14858 122
14859 122
14860 122
14861 122
14862 122
14863 122
14864 122
14865 122
14866 122
14867 122
14868 122
14869 122
14870 122
14871 122
14872 122
14873 122
14874 122
14875 122
14876 122
14877 122
14878 122
14879 122
14880 122
14881 122
14882 122
14883 122
14884 122
14885 122
14886 122
14887 122
14888 122
14889 122
14890 122
14891 122
14892 122
14893 122
14894 122
14895 122
14896 122
14897 122
14898 122
14899 122
14900 122
14901 122
14902 122
14903 122
14904 122
14905 122
14906 122
14907 122
14908 122
14909 122
14910 122
14911 122
14912 122
14913 122
14914 122
14915 122
14916 122
14917 122
14918 122
14919 122
14920 122
14921 122
14922 122
14923 122
14924 122
14925 122
14926 122
14927 122
14928 122
14929 122
14930 122
14931 122
14932 122
14933 122
14934 122
14935 122
14936 122
14937 122
14938 122
14939 122
14940 122
14941 122
14942 122
14943 122
14944 122
14945 122
14946 122
14947 122
14948 122
14949 122
14950 122
14951 122
14952 122
14953 122
14954 122
14955 122
14956 122
14957 122
14958 122
14959 122
14960 122
14961 122
14962 122
14963 122
14964 122
14965 122
14966 122
14967 122
14968 122
14969 122
14970 122
14971 122
14972 122
14973 122
14974 122
14975 122
14976 122
14977 122
14978 122
14979 122
14980 122
14981 122
14982 122
14983 122
14984 122
14985 122
14986 122
14987 122
14988 122
14989 122
14990 122
14991 122
14992 122
14993 122
14994 122
14995 122
14996 122
14997 122
14998 122
14999 122
15000 122
15001 122
15002 122
15003 122
15004 122
15005 122
15006 122
15007 123
15008 123
15009 123
15010 123
15011 123
15012 123
15013 123
15014 123
15015 123
15016 123
15017 123
15018 123
15019 123
15020 123
15021 123
15022 123
15023 123
15024 123
15025 123
15026 123
15027 123
15028 123
15029 123
15030 123
15031 123
15032 123
15033 123
15034 123
15035 123
15036 123
15037 123
15038 123
15039 123
15040 123
15041 123
15042 123
15043 123
15044 123
15045 123
15046 123
15047 123
15048 123
15049 123
15050 123
15051 123
15052 123
15053 123
15054 123
15055 123
15056 123
15057 123
15058 123
15059 123
15060 123
15061 123
15062 123
15063 123
15064 123
15065 123
15066 123
15067 123
15068 123
15069 123
15070 123
15071 123
15072 123
15073 123
15074 123
15075 123
15076 123
15077 123
15078 123
15079 123
15080 123
15081 123
15082 123
15083 123
15084 123
15085 123
15086 123
15087 123
15088 123
15089 123
15090 123
15091 123
15092 123
15093 123
15094 123
15095 123
15096 123
15097 123
15098 123
15099 123
15100 123
15101 123
15102 123
15103 123
15104 123
15105 123
15106 123
15107 123
15108 123
15109 123
15110 123
15111 123
15112 123
15113 123
15114 123
15115 123
15116 123
15117 123
15118 123
15119 123
15120 123
15121 123
15122 123
15123 123
15124 123
15125 123
15126 123
15127 123
15128 123
15129 123
15130 123
15131 123
15132 123
15133 123
15134 123
15135 123
15136 123
15137 123
15138 123
15139 123
15140 123
15141 123
15142 123
15143 123
15144 123
15145 123
15146 123
15147 123
15148 123
15149 123
15150 123
15151 123
15152 123
15153 123
15154 123
15155 123
15156 123
15157 123
15158 123
15159 123
15160 123
15161 123
15162 123
15163 123
15164 123
15165 123
15166 123
15167 123
15168 123
15169 123
15170 123
15171 123
15172 123
15173 123
15174 123
15175 123
15176 123
15177 123
15178 123
15179 123
15180 123
15181 123
15182 123
15183 123
15184 123
15185 123
15186 123
15187 123
15188 123
15189 123
15190 123
15191 123
15192 123
15193 123
15194 123
15195 123
15196 123
15197 123
15198 123
15199 123
15200 123
15201 123
15202 123
15203 123
15204 123
15205 123
15206 123
15207 123
15208 123
15209 123
15210 123
15211 123
15212 123
15213 123
15214 123
15215 123
15216 123
15217 123
15218 123
15219 123
15220 123
15221 123
15222 123
15223 123
15224 123
15225 123
15226 123
15227 123
15228 123
15229 123
15230 123
15231 123
15232 123
15233 123
15234 123
15235 123
15236 123
15237 123
15238 123
15239 123
15240 123
15241 123
15242 123
15243 123
15244 123
15245 123
15246 123
15247 123
15248 123
15249 123
15250 123
15251 123
15252 123
15253 124
15254 124
15255 124
15256 124
15257 124
15258 124
15259 124
15260 124
15261 124
15262 124
15263 124
15264 124
15265 124
15266 124
15267 124
15268 124
15269 124
15270 124
15271 124
15272 124
15273 124
15274 124
15275 124
15276 124
15277 124
15278 124
15279 124
15280 124
15281 124
15282 124
15283 124
15284 124
15285 124
15286 124
15287 124
15288 124
15289 124
15290 124
15291 124
15292 124
15293 124
15294 124
15295 124
15296 124
15297 124
15298 124
15299 124
15300 124
15301 124
15302 124
15303 124
15304 124
15305 124
15306 124
15307 124
15308 124
15309 124
15310 124
15311 124
15312 124
15313 124
15314 124
15315 124
15316 124
15317 124
15318 124
15319 124
15320 124
15321 124
15322 124
15323 124
15324 124
15325 124
15326 124
15327 124
15328 124
15329 124
15330 124
15331 124
15332 124
15333 124
15334 124
15335 124
15336 124
15337 124
15338 124
15339 124
15340 124
15341 124
15342 124
15343 124
15344 124
15345 124
15346 124
15347 124
15348 124
15349 124
15350 124
15351 124
15352 124
15353 124
15354 124
15355 124
15356 124
15357 124
15358 124
15359 124
15360 124
15361 124
15362 124
15363 124
15364 124
15365 124
15366 124
15367 124
15368 124
15369 124
15370 124
15371 124
15372 124
15373 124
15374 124
15375 124
15376 124
15377 124
15378 124
15379 124
15380 124
15381 124
15382 124
15383 124
15384 124
15385 124
15386 124
15387 124
15388 124
15389 124
15390 124
15391 124
15392 124
15393 124
15394 124
15395 124
15396 124
15397 124
15398 124
15399 124
15400 124
15401 124
15402 124
15403 124
15404 124
15405 124
15406 124
15407 124
15408 124
15409 124
15410 124
15411 124
15412 124
15413 124
15414 124
15415 124
15416 124
15417 124
15418 124
15419 124
15420 124
15421 124
15422 124
15423 124
15424 124
15425 124
15426 124
15427 124
15428 124
15429 124
15430 124
15431 124
15432 124
15433 124
15434 124
15435 124
15436 124
15437 124
15438 124
15439 124
15440 124
15441 124
15442 124
15443 124
15444 124
15445 124
15446 124
15447 124
15448 124
15449 124
15450 124
15451 124
15452 124
15453 124
15454 124
15455 124
15456 124
15457 124
15458 124
15459 124
15460 124
15461 124
15462 124
15463 124
15464 124
15465 124
15466 124
15467 124
15468 124
15469 124
15470 124
15471 124
15472 124
15473 124
15474 124
15475 124
15476 124
15477 124
15478 124
15479 124
15480 124
15481 124
15482 124
15483 124
15484 124
15485 124
15486 124
15487 124
15488 124
15489 124
15490 124
15491 124
15492 124
15493 124
15494 124
15495 124
15496 124
15497 124
15498 124
15499 124
15500 124
15501 125
15502 125
15503 125
15504 125
15505 125
15506 125
15507 125
15508 125
15509 125
15510 125
15511 125
15512 125
15513 125
15514 125
15515 125
15516 125
15517 125
15518 125
15519 125
15520 125
15521 125
15522 125
15523 125
15524 125
15525 125
15526 125
15527 125
15528 125
15529 125
15530 125
15531 125
15532 125
15533 125
15534 125
15535 125
15536 125
15537 125
15538 125
15539 125
15540 125
15541 125
15542 125
15543 125
15544 125
15545 125
15546 125
15547 125
15548 125
15549 125
15550 125
15551 125
15552 125
15553 125
15554 125
15555 125
15556 125
15557 125
15558 125
15559 125
15560 125
15561 125
15562 125
15563 125
15564 125
15565 125
15566 125
15567 125
15568 125
15569 125
15570 125
15571 125
15572 125
15573 125
15574 125
15575 125
15576 125
15577 125
15578 125
15579 125
15580 125
15581 125
15582 125
15583 125
15584 125
15585 125
15586 125
15587 125
15588 125
15589 125
15590 125
15591 125
15592 125
15593 125
15594 125
15595 125
15596 125
15597 125
15598 125
15599 125
15600 125
15601 125
15602 125
15603 125
15604 125
15605 125
15606 125
15607 125
15608 125
15609 125
15610 125
15611 125
15612 125
15613 125
15614 125
15615 125
15616 125
15617 125
15618 125
15619 125
15620 125
15621 125
15622 125
15623 125
15624 125
15625 125
15626 125
15627 125
15628 125
15629 125
15630 125
15631 125
15632 125
15633 125
15634 125
15635 125
15636 125
15637 125
15638 125
15639 125
15640 125
15641 125
15642 125
15643 125
15644 125
15645 125
15646 125
15647 125
15648 125
15649 125
15650 125
15651 125
15652 125
15653 125
15654 125
15655 125
15656 125
15657 125
15658 125
15659 125
15660 125
15661 125
15662 125
15663 125
15664 125
15665 125
15666 125
15667 125
15668 125
15669 125
15670 125
15671 125
15672 125
15673 125
15674 125
15675 125
15676 125
15677 125
15678 125
15679 125
15680 125
15681 125
15682 125
15683 125
15684 125
15685 125
15686 125
15687 125
15688 125
15689 125
15690 125
15691 125
15692 125
15693 125
15694 125
15695 125
15696 125
15697 125
15698 125
15699 125
15700 125
15701 125
15702 125
15703 125
15704 125
15705 125
15706 125
15707 125
15708 125
15709 125
15710 125
15711 125
15712 125
15713 125
15714 125
15715 125
15716 125
15717 125
15718 125
15719 125
15720 125
15721 125
15722 125
15723 125
15724 125
15725 125
15726 125
15727 125
15728 125
15729 125
15730 125
15731 125
15732 125
15733 125
15734 125
15735 125
15736 125
15737 125
15738 125
15739 125
15740 125
15741 125
15742 125
15743 125
15744 125
15745 125
15746 125
15747 125
15748 125
15749 125
15750 125
15751 126
15752 126
15753 126
15754 126
15755 126
15756 126
15757 126
15758 126
15759 126
15760 126
15761 126
15762 126
15763 126
15764 126
15765 126
15766 126
15767 126
15768 126
15769 126
15770 126
15771 126
15772 126
15773 126
15774 126
15775 126
15776 126
15777 126
15778 126
15779 126
15780 126
15781 126
15782 126
15783 126
15784 126
15785 126
15786 126
15787 126
15788 126
15789 126
15790 126
15791 126
15792 126
15793 126
15794 126
15795 126
15796 126
15797 126
15798 126
15799 126
15800 126
15801 126
15802 126
15803 126
15804 126
15805 126
15806 126
15807 126
15808 126
15809 126
15810 126
15811 126
15812 126
15813 126
15814 126
15815 126
15816 126
15817 126
15818 126
15819 126
15820 126
15821 126
15822 126
15823 126
15824 126
15825 126
15826 126
15827 126
15828 126
15829 126
15830 126
15831 126
15832 126
15833 126
15834 126
15835 126
15836 126
15837 126
15838 126
15839 126
15840 126
15841 126
15842 126
15843 126
15844 126
15845 126
15846 126
15847 126
15848 126
15849 126
15850 126
15851 126
15852 126
15853 126
15854 126
15855 126
15856 126
15857 126
15858 126
15859 126
15860 126
15861 126
15862 126
15863 126
15864 126
15865 126
15866 126
15867 126
15868 126
15869 126
15870 126
15871 126
15872 126
15873 126
15874 126
15875 126
15876 126
15877 126
15878 126
15879 126
15880 126
15881 126
15882 126
15883 126
15884 126
15885 126
15886 126
15887 126
15888 126
15889 126
15890 126
15891 126
15892 126
15893 126
15894 126
15895 126
15896 126
15897 126
15898 126
15899 126
15900 126
15901 126
15902 126
15903 126
15904 126
15905 126
15906 126
15907 126
15908 126
15909 126
15910 126
15911 126
15912 126
15913 126
15914 126
15915 126
15916 126
15917 126
15918 126
15919 126
15920 126
15921 126
15922 126
15923 126
15924 126
15925 126
15926 126
15927 126
15928 126
15929 126
15930 126
15931 126
15932 126
15933 126
15934 126
15935 126
15936 126
15937 126
15938 126
15939 126
15940 126
15941 126
15942 126
15943 126
15944 126
15945 126
15946 126
15947 126
15948 126
15949 126
15950 126
15951 126
15952 126
15953 126
15954 126
15955 126
15956 126
15957 126
15958 126
15959 126
15960 126
15961 126
15962 126
15963 126
15964 126
15965 126
15966 126
15967 126
15968 126
15969 126
15970 126
15971 126
15972 126
15973 126
15974 126
15975 126
15976 126
15977 126
15978 126
15979 126
15980 126
15981 126
15982 126
15983 126
15984 126
15985 126
15986 126
15987 126
15988 126
15989 126
15990 126
15991 126
15992 126
15993 126
15994 126
15995 126
15996 126
15997 126
15998 126
15999 126
16000 126
16001 126
16002 126
16003 127
16004 127
16005 127
16006 127
16007 127
16008 127
16009 127
16010 127
16011 127
16012 127
16013 127
16014 127
16015 127
16016 127
16017 127
16018 127
16019 127
16020 127
16021 127
16022 127
16023 127
16024 127
16025 127
16026 127
16027 127
16028 127
16029 127
16030 127
16031 127
16032 127
16033 127
16034 127
16035 127
16036 127
16037 127
16038 127
16039 127
16040 127
16041 127
16042 127
16043 127
16044 127
16045 127
16046 127
16047 127
16048 127
16049 127
16050 127
16051 127
16052 127
16053 127
16054 127
16055 127
16056 127
16057 127
16058 127
16059 127
16060 127
16061 127
16062 127
16063 127
16064 127
16065 127
16066 127
16067 127
16068 127
16069 127
16070 127
16071 127
16072 127
16073 127
16074 127
16075 127
16076 127
16077 127
16078 127
16079 127
16080 127
16081 127
16082 127
16083 127
16084 127
16085 127
16086 127
16087 127
16088 127
16089 127
16090 127
16091 127
16092 127
16093 127
16094 127
16095 127
16096 127
16097 127
16098 127
16099 127
16100 127
16101 127
16102 127
16103 127
16104 127
16105 127
16106 127
16107 127
16108 127
16109 127
16110 127
16111 127
16112 127
16113 127
16114 127
16115 127
16116 127
16117 127
16118 127
16119 127
16120 127
16121 127
16122 127
16123 127
16124 127
16125 127
16126 127
16127 127
16128 127
16129 127
16130 127
16131 127
16132 127
16133 127
16134 127
16135 127
16136 127
16137 127
16138 127
16139 127
16140 127
16141 127
16142 127
16143 127
16144 127
16145 127
16146 127
16147 127
16148 127
16149 127
16150 127
16151 127
16152 127
16153 127
16154 127
16155 127
16156 127
16157 127
16158 127
16159 127
16160 127
16161 127
16162 127
16163 127
16164 127
16165 127
16166 127
16167 127
16168 127
16169 127
16170 127
16171 127
16172 127
16173 127
16174 127
16175 127
16176 127
16177 127
16178 127
16179 127
16180 127
16181 127
16182 127
16183 127
16184 127
16185 127
16186 127
16187 127
16188 127
16189 127
16190 127
16191 127
16192 127
16193 127
16194 127
16195 127
16196 127
16197 127
16198 127
16199 127
16200 127
16201 127
16202 127
16203 127
16204 127
16205 127
16206 127
16207 127
16208 127
16209 127
16210 127
16211 127
16212 127
16213 127
16214 127
16215 127
16216 127
16217 127
16218 127
16219 127
16220 127
16221 127
16222 127
16223 127
16224 127
16225 127
16226 127
16227 127
16228 127
16229 127
16230 127
16231 127
16232 127
16233 127
16234 127
16235 127
16236 127
16237 127
16238 127
16239 127
16240 127
16241 127
16242 127
16243 127
16244 127
16245 127
16246 127
16247 127
16248 127
16249 127
16250 127
16251 127
16252 127
16253 127
16254 127
16255 127
16256 127
16257 128
16258 128
16259 128
16260 128
16261 128
16262 128
16263 128
16264 128
16265 128
16266 128
16267 128
16268 128
16269 128
16270 128
16271 128
16272 128
16273 128
16274 128
16275 128
16276 128
16277 128
16278 128
16279 128
16280 128
16281 128
16282 128
16283 128
16284 128
16285 128
16286 128
16287 128
16288 128
16289 128
16290 128
16291 128
16292 128
16293 128
16294 128
16295 128
16296 128
16297 128
16298 128
16299 128
16300 128
16301 128
16302 128
16303 128
16304 128
16305 128
16306 128
16307 128
16308 128
16309 128
16310 128
16311 128
16312 128
16313 128
16314 128
16315 128
16316 128
16317 128
16318 128
16319 128
16320 128
16321 128
16322 128
16323 128
16324 128
16325 128
16326 128
16327 128
16328 128
16329 128
16330 128
16331 128
16332 128
16333 128
16334 128
16335 128
16336 128
16337 128
16338 128
16339 128
16340 128
16341 128
16342 128
16343 128
16344 128
16345 128
16346 128
16347 128
16348 128
16349 128
16350 128
16351 128
16352 128
16353 128
16354 128
16355 128
16356 128
16357 128
16358 128
16359 128
16360 128
16361 128
16362 128
16363 128
16364 128
16365 128
16366 128
16367 128
16368 128
16369 128
16370 128
16371 128
16372 128
16373 128
16374 128
16375 128
16376 128
16377 128
16378 128
16379 128
16380 128
16381 128
16382 128
16383 128
16384 128
16385 128
16386 128
16387 128
16388 128
16389 128
16390 128
16391 128
16392 128
16393 128
16394 128
16395 128
16396 128
16397 128
16398 128
16399 128
16400 128
16401 128
16402 128
16403 128
16404 128
16405 128
16406 128
16407 128
16408 128
16409 128
16410 128
16411 128
16412 128
16413 128
16414 128
16415 128
16416 128
16417 128
16418 128
16419 128
16420 128
16421 128
16422 128
16423 128
16424 128
16425 128
16426 128
16427 128
16428 128
16429 128
16430 128
16431 128
16432 128
16433 128
16434 128
16435 128
16436 128
16437 128
16438 128
16439 128
16440 128
16441 128
16442 128
16443 128
16444 128
16445 128
16446 128
16447 128
16448 128
16449 128
16450 128
16451 128
16452 128
16453 128
16454 128
16455 128
16456 128
16457 128
16458 128
16459 128
16460 128
16461 128
16462 128
16463 128
16464 128
16465 128
16466 128
16467 128
16468 128
16469 128
16470 128
16471 128
16472 128
16473 128
16474 128
16475 128
16476 128
16477 128
16478 128
16479 128
16480 128
16481 128
16482 128
16483 128
16484 128
16485 128
16486 128
16487 128
16488 128
16489 128
16490 128
16491 128
16492 128
16493 128
16494 128
16495 128
16496 128
16497 128
16498 128
16499 128
16500 128
16501 128
16502 128
16503 128
16504 128
16505 128
16506 128
16507 128
16508 128
16509 128
16510 128
16511 128
16512 128
16513 129
16514 129
16515 129
16516 129
16517 129
16518 129
16519 129
16520 129
16521 129
16522 129
16523 129
16524 129
16525 129
16526 129
16527 129
16528 129
16529 129
16530 129
16531 129
16532 129
16533 129
16534 129
16535 129
16536 129
16537 129
16538 129
16539 129
16540 129
16541 129
16542 129
16543 129
16544 129
16545 129
16546 129
16547 129
16548 129
16549 129
16550 129
16551 129
16552 129
16553 129
16554 129
16555 129
16556 129
16557 129
16558 129
16559 129
16560 129
16561 129
16562 129
16563 129
16564 129
16565 129
16566 129
16567 129
16568 129
16569 129
16570 129
16571 129
16572 129
16573 129
16574 129
16575 129
16576 129
16577 129
16578 129
16579 129
16580 129
16581 129
16582 129
16583 129
16584 129
16585 129
16586 129
16587 129
16588 129
16589 129
16590 129
16591 129
16592 129
16593 129
16594 129
16595 129
16596 129
16597 129
16598 129
16599 129
16600 129
16601 129
16602 129
16603 129
16604 129
16605 129
16606 129
16607 129
16608 129
16609 129
16610 129
16611 129
16612 129
16613 129
16614 129
16615 129
16616 129
16617 129
16618 129
16619 129
16620 129
16621 129
16622 129
16623 129
16624 129
16625 129
16626 129
16627 129
16628 129
16629 129
16630 129
16631 129
16632 129
16633 129
16634 129
16635 129
16636 129
16637 129
16638 129
16639 129
16640 129
16641 129
16642 129
16643 129
16644 129
16645 129
16646 129
16647 129
16648 129
16649 129
16650 129
16651 129
16652 129
16653 129
16654 129
16655 129
16656 129
16657 129
16658 129
16659 129
16660 129
16661 129
16662 129
16663 129
16664 129
16665 129
16666 129
16667 129
16668 129
16669 129
16670 129
16671 129
16672 129
16673 129
16674 129
16675 129
16676 129
16677 129
16678 129
16679 129
16680 129
16681 129
16682 129
16683 129
16684 129
16685 129
16686 129
16687 129
16688 129
16689 129
16690 129
16691 129
16692 129
16693 129
16694 129
16695 129
16696 129
16697 129
16698 129
16699 129
16700 129
16701 129
16702 129
16703 129
16704 129
16705 129
16706 129
16707 129
16708 129
16709 129
16710 129
16711 129
16712 129
16713 129
16714 129
16715 129
16716 129
16717 129
16718 129
16719 129
16720 129
16721 129
16722 129
16723 129
16724 129
16725 129
16726 129
16727 129
16728 129
16729 129
16730 129
16731 129
16732 129
16733 129
16734 129
16735 129
16736 129
16737 129
16738 129
16739 129
16740 129
16741 129
16742 129
16743 129
16744 129
16745 129
16746 129
16747 129
16748 129
16749 129
16750 129
16751 129
16752 129
16753 129
16754 129
16755 129
16756 129
16757 129
16758 129
16759 129
16760 129
16761 129
16762 129
16763 129
16764 129
16765 129
16766 129
16767 129
16768 129
16769 129
16770 129
16771 130
16772 130
16773 130
16774 130
16775 130
16776 130
16777 130
16778 130
16779 130
16780 130
16781 130
16782 130
16783 130
16784 130
16785 130
16786 130
16787 130
16788 130
16789 130
16790 130
16791 130
16792 130
16793 130
16794 130
16795 130
16796 130
16797 130
16798 130
16799 130
16800 130
16801 130
16802 130
16803 130
16804 130
16805 130
16806 130
16807 130
16808 130
16809 130
16810 130
16811 130
16812 130
16813 130
16814 130
16815 130
16816 130
16817 130
16818 130
16819 130
16820 130
16821 130
16822 130
16823 130
16824 130
16825 130
16826 130
16827 130
16828 130
16829 130
16830 130
16831 130
16832 130
16833 130
16834 130
16835 130
16836 130
16837 130
16838 130
16839 130
16840 130
16841 130
16842 130
16843 130
16844 130
16845 130
16846 130
16847 130
16848 130
16849 130
16850 130
16851 130
16852 130
16853 130
16854 130
16855 130
16856 130
16857 130
16858 130
16859 130
16860 130
16861 130
16862 130
16863 130
16864 130
16865 130
16866 130
16867 130
16868 130
16869 130
16870 130
16871 130
16872 130
16873 130
16874 130
16875 130
16876 130
16877 130
16878 130
16879 130
16880 130
16881 130
16882 130
16883 130
16884 130
16885 130
16886 130
16887 130
16888 130
16889 130
16890 130
16891 130
16892 130
16893 130
16894 130
16895 130
16896 130
16897 130
16898 130
16899 130
16900 130
16901 130
16902 130
16903 130
16904 130
16905 130
16906 130
16907 130
16908 130
16909 130
16910 130
16911 130
16912 130
16913 130
16914 130
16915 130
16916 130
16917 130
16918 130
16919 130
16920 130
16921 130
16922 130
16923 130
16924 130
16925 130
16926 130
16927 130
16928 130
16929 130
16930 130
16931 130
16932 130
16933 130
16934 130
16935 130
16936 130
16937 130
16938 130
16939 130
16940 130
16941 130
16942 130
16943 130
16944 130
16945 130
16946 130
16947 130
16948 130
16949 130
16950 130
16951 130
16952 130
16953 130
16954 130
16955 130
16956 130
16957 130
16958 130
16959 130
16960 130
16961 130
16962 130
16963 130
16964 130
16965 130
16966 130
16967 130
16968 130
16969 130
16970 130
16971 130
16972 130
16973 130
16974 130
16975 130
16976 130
16977 130
16978 130
16979 130
16980 130
16981 130
16982 130
16983 130
16984 130
16985 130
16986 130
16987 130
16988 130
16989 130
16990 130
16991 130
16992 130
16993 130
16994 130
16995 130
16996 130
16997 130
16998 130
16999 130
17000 130
17001 130
17002 130
17003 130
17004 130
17005 130
17006 130
17007 130
17008 130
17009 130
17010 130
17011 130
17012 130
17013 130
17014 130
17015 130
17016 130
17017 130
17018 130
17019 130
17020 130
17021 130
17022 130
17023 130
17024 130
17025 130
17026 130
17027 130
17028 130
17029 130
17030 130
17031 131
17032 131
17033 131
17034 131
17035 131
17036 131
17037 131
17038 131
17039 131
17040 131
17041 131
17042 131
17043 131
17044 131
17045 131
17046 131
17047 131
17048 131
17049 131
17050 131
17051 131
17052 131
17053 131
17054 131
17055 131
17056 131
17057 131
17058 131
17059 131
17060 131
17061 131
17062 131
17063 131
17064 131
17065 131
17066 131
17067 131
17068 131
17069 131
17070 131
17071 131
17072 131
17073 131
17074 131
17075 131
17076 131
17077 131
17078 131
17079 131
17080 131
17081 131
17082 131
17083 131
17084 131
17085 131
17086 131
17087 131
17088 131
17089 131
17090 131
17091 131
17092 131
17093 131
17094 131
17095 131
17096 131
17097 131
17098 131
17099 131
17100 131
17101 131
17102 131
17103 131
17104 131
17105 131
17106 131
17107 131
17108 131
17109 131
17110 131
17111 131
17112 131
17113 131
17114 131
17115 131
17116 131
17117 131
17118 131
17119 131
17120 131
17121 131
17122 131
17123 131
17124 131
17125 131
17126 131
17127 131
17128 131
17129 131
17130 131
17131 131
17132 131
17133 131
17134 131
17135 131
17136 131
17137 131
17138 131
17139 131
17140 131
17141 131
17142 131
17143 131
17144 131
17145 131
17146 131
17147 131
17148 131
17149 131
17150 131
17151 131
17152 131
17153 131
17154 131
17155 131
17156 131
17157 131
17158 131
17159 131
17160 131
17161 131
17162 131
17163 131
17164 131
17165 131
17166 131
17167 131
17168 131
17169 131
17170 131
17171 131
17172 131
17173 131
17174 131
17175 131
17176 131
17177 131
17178 131
17179 131
17180 131
17181 131
17182 131
17183 131
17184 131
17185 131
17186 131
17187 131
17188 131
17189 131
17190 131
17191 131
17192 131
17193 131
17194 131
17195 131
17196 131
17197 131
17198 131
17199 131
17200 131
17201 131
17202 131
17203 131
17204 131
17205 131
17206 131
17207 131
17208 131
17209 131
17210 131
17211 131
17212 131
17213 131
17214 131
17215 131
17216 131
17217 131
17218 131
17219 131
17220 131
17221 131
17222 131
17223 131
17224 131
17225 131
17226 131
17227 131
17228 131
17229 131
17230 131
17231 131
17232 131
17233 131
17234 131
17235 131
17236 131
17237 131
17238 131
17239 131
17240 131
17241 131
17242 131
17243 131
17244 131
17245 131
17246 131
17247 131
17248 131
17249 131
17250 131
17251 131
17252 131
17253 131
17254 131
17255 131
17256 131
17257 131
17258 131
17259 131
17260 131
17261 131
17262 131
17263 131
17264 131
17265 131
17266 131
17267 131
17268 131
17269 131
17270 131
17271 131
17272 131
17273 131
17274 131
17275 131
17276 131
17277 131
17278 131
17279 131
17280 131
17281 131
17282 131
17283 131
17284 131
17285 131
17286 131
17287 131
17288 131
17289 131
17290 131
17291 131
17292 131
17293 132
17294 132
17295 132
17296 132
17297 132
17298 132
17299 132
17300 132
17301 132
17302 132
17303 132
17304 132
17305 132
17306 132
17307 132
17308 132
17309 132
17310 132
17311 132
17312 132
17313 132
17314 132
17315 132
17316 132
17317 132
17318 132
17319 132
17320 132
17321 132
17322 132
17323 132
17324 132
17325 132
17326 132
17327 132
17328 132
17329 132
17330 132
17331 132
17332 132
17333 132
17334 132
17335 132
17336 132
17337 132
17338 132
17339 132
17340 132
17341 132
17342 132
17343 132
17344 132
17345 132
17346 132
17347 132
17348 132
17349 132
17350 132
17351 132
17352 132
17353 132
17354 132
17355 132
17356 132
17357 132
17358 132
17359 132
17360 132
17361 132
17362 132
17363 132
17364 132
17365 132
17366 132
17367 132
17368 132
17369 132
17370 132
17371 132
17372 132
17373 132
17374 132
17375 132
17376 132
17377 132
17378 132
17379 132
17380 132
17381 132
17382 132
17383 132
17384 132
17385 132
17386 132
17387 132
17388 132
17389 132
17390 132
17391 132
17392 132
17393 132
17394 132
17395 132
17396 132
17397 132
17398 132
17399 132
17400 132
17401 132
17402 132
17403 132
17404 132
17405 132
17406 132
17407 132
17408 132
17409 132
17410 132
17411 132
17412 132
17413 132
17414 132
17415 132
17416 132
17417 132
17418 132
17419 132
17420 132
17421 132
17422 132
17423 132
17424 132
17425 132
17426 132
17427 132
17428 132
17429 132
17430 132
17431 132
17432 132
17433 132
17434 132
17435 132
17436 132
17437 132
17438 132
17439 132
17440 132
17441 132
17442 132
17443 132
17444 132
17445 132
17446 132
17447 132
17448 132
17449 132
17450 132
17451 132
17452 132
17453 132
17454 132
17455 132
17456 132
17457 132
17458 132
17459 132
17460 132
17461 132
17462 132
17463 132
17464 132
17465 132
17466 132
17467 132
17468 132
17469 132
17470 132
17471 132
17472 132
17473 132
17474 132
17475 132
17476 132
17477 132
17478 132
17479 132
17480 132
17481 132
17482 132
17483 132
17484 132
17485 132
17486 132
17487 132
17488 132
17489 132
17490 132
17491 132
17492 132
17493 132
17494 132
17495 132
17496 132
17497 132
17498 132
17499 132
17500 132
17501 132
17502 132
17503 132
17504 132
17505 132
17506 132
17507 132
17508 132
17509 132
17510 132
17511 132
17512 132
17513 132
17514 132
17515 132
17516 132
17517 132
17518 132
17519 132
17520 132
17521 132
17522 132
17523 132
17524 132
17525 132
17526 132
17527 132
17528 132
17529 132
17530 132
17531 132
17532 132
17533 132
17534 132
17535 132
17536 132
17537 132
17538 132
17539 132
17540 132
17541 132
17542 132
17543 132
17544 132
17545 132
17546 132
17547 132
17548 132
17549 132
17550 132
17551 132
17552 132
17553 132
17554 132
17555 132
17556 132
17557 133
17558 133
17559 133
17560 133
17561 133
17562 133
17563 133
17564 133
17565 133
17566 133
17567 133
17568 133
17569 133
17570 133
17571 133
17572 133
17573 133
17574 133
17575 133
17576 133
17577 133
17578 133
17579 133
17580 133
17581 133
17582 133
17583 133
17584 133
17585 133
17586 133
17587 133
17588 133
17589 133
17590 133
17591 133
17592 133
17593 133
17594 133
17595 133
17596 133
17597 133
17598 133
17599 133
17600 133
17601 133
17602 133
17603 133
17604 133
17605 133
17606 133
17607 133
17608 133
17609 133
17610 133
17611 133
17612 133
17613 133
17614 133
17615 133
17616 133
17617 133
17618 133
17619 133
17620 133
17621 133
17622 133
17623 133
17624 133
17625 133
17626 133
17627 133
17628 133
17629 133
17630 133
17631 133
17632 133
17633 133
17634 133
17635 133
17636 133
17637 133
17638 133
17639 133
17640 133
17641 133
17642 133
17643 133
17644 133
17645 133
17646 133
17647 133
17648 133
17649 133
17650 133
17651 133
17652 133
17653 133
17654 133
17655 133
17656 133
17657 133
17658 133
17659 133
17660 133
17661 133
17662 133
17663 133
17664 133
17665 133
17666 133
17667 133
17668 133
17669 133
17670 133
17671 133
17672 133
17673 133
17674 133
17675 133
17676 133
17677 133
17678 133
17679 133
17680 133
17681 133
17682 133
17683 133
17684 133
17685 133
17686 133
17687 133
17688 133
17689 133
17690 133
17691 133
17692 133
17693 133
17694 133
17695 133
17696 133
17697 133
17698 133
17699 133
17700 133
17701 133
17702 133
17703 133
17704 133
17705 133
17706 133
17707 133
17708 133
17709 133
17710 133
17711 133
17712 133
17713 133
17714 133
17715 133
17716 133
17717 133
17718 133
17719 133
17720 133
17721 133
17722 133
17723 133
17724 133
17725 133
17726 133
17727 133
17728 133
17729 133
17730 133
17731 133
17732 133
17733 133
17734 133
17735 133
17736 133
17737 133
17738 133
17739 133
17740 133
17741 133
17742 133
17743 133
17744 133
17745 133
17746 133
17747 133
17748 133
17749 133
17750 133
17751 133
17752 133
17753 133
17754 133
17755 133
17756 133
17757 133
17758 133
17759 133
17760 133
17761 133
17762 133
17763 133
17764 133
17765 133
17766 133
17767 133
17768 133
17769 133
17770 133
17771 133
17772 133
17773 133
17774 133
17775 133
17776 133
17777 133
17778 133
17779 133
17780 133
17781 133
17782 133
17783 133
17784 133
17785 133
17786 133
17787 133
17788 133
17789 133
17790 133
17791 133
17792 133
17793 133
17794 133
17795 133
17796 133
17797 133
17798 133
17799 133
17800 133
17801 133
17802 133
17803 133
17804 133
17805 133
17806 133
17807 133
17808 133
17809 133
17810 133
17811 133
17812 133
17813 133
17814 133
17815 133
17816 133
17817 133
17818 133
17819 133
17820 133
17821 133
17822 133
17823 134
17824 134
17825 134
17826 134
17827 134
17828 134
17829 134
17830 134
17831 134
17832 134
17833 134
17834 134
17835 134
17836 134
17837 134
17838 134
17839 134
17840 134
17841 134
17842 134
17843 134
17844 134
17845 134
17846 134
17847 134
17848 134
17849 134
17850 134
17851 134
17852 134
17853 134
17854 134
17855 134
17856 134
17857 134
17858 134
17859 134
17860 134
17861 134
17862 134
17863 134
17864 134
17865 134
17866 134
17867 134
17868 134
17869 134
17870 134
17871 134
17872 134
17873 134
17874 134
17875 134
17876 134
17877 134
17878 134
17879 134
17880 134
17881 134
17882 134
17883 134
17884 134
17885 134
17886 134
17887 134
17888 134
17889 134
17890 134
17891 134
17892 134
17893 134
17894 134
17895 134
17896 134
17897 134
17898 134
17899 134
17900 134
17901 134
17902 134
17903 134
17904 134
17905 134
17906 134
17907 134
17908 134
17909 134
17910 134
17911 134
17912 134
17913 134
17914 134
17915 134
17916 134
17917 134
17918 134
17919 134
17920 134
17921 134
17922 134
17923 134
17924 134
17925 134
17926 134
17927 134
17928 134
17929 134
17930 134
17931 134
17932 134
17933 134
17934 134
17935 134
17936 134
17937 134
17938 134
17939 134
17940 134
17941 134
17942 134
17943 134
17944 134
17945 134
17946 134
17947 134
17948 134
17949 134
17950 134
17951 134
17952 134
17953 134
17954 134
17955 134
17956 134
17957 134
17958 134
17959 134
17960 134
17961 134
17962 134
17963 134
17964 134
17965 134
17966 134
17967 134
17968 134
17969 134
17970 134
17971 134
17972 134
17973 134
17974 134
17975 134
17976 134
17977 134
17978 134
17979 134
17980 134
17981 134
17982 134
17983 134
17984 134
17985 134
17986 134
17987 134
17988 134
17989 134
17990 134
17991 134
17992 134
17993 134
17994 134
17995 134
17996 134
17997 134
17998 134
17999 134
18000 134
18001 134
18002 134
18003 134
18004 134
18005 134
18006 134
18007 134
18008 134
18009 134
18010 134
18011 134
18012 134
18013 134
18014 134
18015 134
18016 134
18017 134
18018 134
18019 134
18020 134
18021 134
18022 134
18023 134
18024 134
18025 134
18026 134
18027 134
18028 134
18029 134
18030 134
18031 134
18032 134
18033 134
18034 134
18035 134
18036 134
18037 134
18038 134
18039 134
18040 134
18041 134
18042 134
18043 134
18044 134
18045 134
18046 134
18047 134
18048 134
18049 134
18050 134
18051 134
18052 134
18053 134
18054 134
18055 134
18056 134
18057 134
18058 134
18059 134
18060 134
18061 134
18062 134
18063 134
18064 134
18065 134
18066 134
18067 134
18068 134
18069 134
18070 134
18071 134
18072 134
18073 134
18074 134
18075 134
18076 134
18077 134
18078 134
18079 134
18080 134
18081 134
18082 134
18083 134
18084 134
18085 134
18086 134
18087 134
18088 134
18089 134
18090 134
18091 135
18092 135
18093 135
18094 135
18095 135
18096 135
18097 135
18098 135
18099 135
18100 135
18101 135
18102 135
18103 135
18104 135
18105 135
18106 135
18107 135
18108 135
18109 135
18110 135
18111 135
18112 135
18113 135
18114 135
18115 135
18116 135
18117 135
18118 135
18119 135
18120 135
18121 135
18122 135
18123 135
18124 135
18125 135
18126 135
18127 135
18128 135
18129 135
18130 135
18131 135
18132 135
18133 135
18134 135
18135 135
18136 135
18137 135
18138 135
18139 135
18140 135
18141 135
18142 135
18143 135
18144 135
18145 135
18146 135
18147 135
18148 135
18149 135
18150 135
18151 135
18152 135
18153 135
18154 135
18155 135
18156 135
18157 135
18158 135
18159 135
18160 135
18161 135
18162 135
18163 135
18164 135
18165 135
18166 135
18167 135
18168 135
18169 135
18170 135
18171 135
18172 135
18173 135
18174 135
18175 135
18176 135
18177 135
18178 135
18179 135
18180 135
18181 135
18182 135
18183 135
18184 135
18185 135
18186 135
18187 135
18188 135
18189 135
18190 135
18191 135
18192 135
18193 135
18194 135
18195 135
18196 135
18197 135
18198 135
18199 135
18200 135
18201 135
18202 135
18203 135
18204 135
18205 135
18206 135
18207 135
18208 135
18209 135
18210 135
18211 135
18212 135
18213 135
18214 135
18215 135
18216 135
18217 135
18218 135
18219 135
18220 135
18221 135
18222 135
18223 135
18224 135
18225 135
18226 135
18227 135
18228 135
18229 135
18230 135
18231 135
18232 135
18233 135
18234 135
18235 135
18236 135
18237 135
18238 135
18239 135
18240 135
18241 135
18242 135
18243 135
18244 135
18245 135
18246 135
18247 135
18248 135
18249 135
18250 135
18251 135
18252 135
18253 135
18254 135
18255 135
18256 135
18257 135
18258 135
18259 135
18260 135
18261 135
18262 135
18263 135
18264 135
18265 135
18266 135
18267 135
18268 135
18269 135
18270 135
18271 135
18272 135
18273 135
18274 135
18275 135
18276 135
18277 135
18278 135
18279 135
18280 135
18281 135
18282 135
18283 135
18284 135
18285 135
18286 135
18287 135
18288 135
18289 135
18290 135
18291 135
18292 135
18293 135
18294 135
18295 135
18296 135
18297 135
18298 135
18299 135
18300 135
18301 135
18302 135
18303 135
18304 135
18305 135
18306 135
18307 135
18308 135
18309 135
18310 135
18311 135
18312 135
18313 135
18314 135
18315 135
18316 135
18317 135
18318 135
18319 135
18320 135
18321 135
18322 135
18323 135
18324 135
18325 135
18326 135
18327 135
18328 135
18329 135
18330 135
18331 135
18332 135
18333 135
18334 135
18335 135
18336 135
18337 135
18338 135
18339 135
18340 135
18341 135
18342 135
18343 135
18344 135
18345 135
18346 135
18347 135
18348 135
18349 135
18350 135
18351 135
18352 135
18353 135
18354 135
18355 135
18356 135
18357 135
18358 135
18359 135
18360 135
18361 136
18362 136
18363 136
18364 136
18365 136
18366 136
18367 136
18368 136
18369 136
18370 136
18371 136
18372 136
18373 136
18374 136
18375 136
18376 136
18377 136
18378 136
18379 136
18380 136
18381 136
18382 136
18383 136
18384 136
18385 136
18386 136
18387 136
18388 136
18389 136
18390 136
18391 136
18392 136
18393 136
18394 136
18395 136
18396 136
18397 136
18398 136
18399 136
18400 136
18401 136
18402 136
18403 136
18404 136
18405 136
18406 136
18407 136
18408 136
18409 136
18410 136
18411 136
18412 136
18413 136
18414 136
18415 136
18416 136
18417 136
18418 136
18419 136
18420 136
18421 136
18422 136
18423 136
18424 136
18425 136
18426 136
18427 136
18428 136
18429 136
18430 136
18431 136
18432 136
18433 136
18434 136
18435 136
18436 136
18437 136
18438 136
18439 136
18440 136
18441 136
18442 136
18443 136
18444 136
18445 136
18446 136
18447 136
18448 136
18449 136
18450 136
18451 136
18452 136
18453 136
18454 136
18455 136
18456 136
18457 136
18458 136
18459 136
18460 136
18461 136
18462 136
18463 136
18464 136
18465 136
18466 136
18467 136
18468 136
18469 136
18470 136
18471 136
18472 136
18473 136
18474 136
18475 136
18476 136
18477 136
18478 136
18479 136
18480 136
18481 136
18482 136
18483 136
18484 136
18485 136
18486 136
18487 136
18488 136
18489 136
18490 136
18491 136
18492 136
18493 136
18494 136
18495 136
18496 136
18497 136
18498 136
18499 136
18500 136
18501 136
18502 136
18503 136
18504 136
18505 136
18506 136
18507 136
18508 136
18509 136
18510 136
18511 136
18512 136
18513 136
18514 136
18515 136
18516 136
18517 136
18518 136
18519 136
18520 136
18521 136
18522 136
18523 136
18524 136
18525 136
18526 136
18527 136
18528 136
18529 136
18530 136
18531 136
18532 136
18533 136
18534 136
18535 136
18536 136
18537 136
18538 136
18539 136
18540 136
18541 136
18542 136
18543 136
18544 136
18545 136
18546 136
18547 136
18548 136
18549 136
18550 136
18551 136
18552 136
18553 136
18554 136
18555 136
18556 136
18557 136
18558 136
18559 136
18560 136
18561 136
18562 136
18563 136
18564 136
18565 136
18566 136
18567 136
18568 136
18569 136
18570 136
18571 136
18572 136
18573 136
18574 136
18575 136
18576 136
18577 136
18578 136
18579 136
18580 136
18581 136
18582 136
18583 136
18584 136
18585 136
18586 136
18587 136
18588 136
18589 136
18590 136
18591 136
18592 136
18593 136
18594 136
18595 136
18596 136
18597 136
18598 136
18599 136
18600 136
18601 136
18602 136
18603 136
18604 136
18605 136
18606 136
18607 136
18608 136
18609 136
18610 136
18611 136
18612 136
18613 136
18614 136
18615 136
18616 136
18617 136
18618 136
18619 136
18620 136
18621 136
18622 136
18623 136
18624 136
18625 136
18626 136
18627 136
18628 136
18629 136
18630 136
18631 136
18632 136
18633 137
18634 137
18635 137
18636 137
18637 137
18638 137
18639 137
18640 137
18641 137
18642 137
18643 137
18644 137
18645 137
18646 137
18647 137
18648 137
18649 137
18650 137
18651 137
18652 137
18653 137
18654 137
18655 137
18656 137
18657 137
18658 137
18659 137
18660 137
18661 137
18662 137
18663 137
18664 137
18665 137
18666 137
18667 137
18668 137
18669 137
18670 137
18671 137
18672 137
18673 137
18674 137
18675 137
18676 137
18677 137
18678 137
18679 137
18680 137
18681 137
18682 137
18683 137
18684 137
18685 137
18686 137
18687 137
18688 137
18689 137
18690 137
18691 137
18692 137
18693 137
18694 137
18695 137
18696 137
18697 137
18698 137
18699 137
18700 137
18701 137
18702 137
18703 137
18704 137
18705 137
18706 137
18707 137
18708 137
18709 137
18710 137
18711 137
18712 137
18713 137
18714 137
18715 137
18716 137
18717 137
18718 137
18719 137
18720 137
18721 137
18722 137
18723 137
18724 137
18725 137
18726 137
18727 137
18728 137
18729 137
18730 137
18731 137
18732 137
18733 137
18734 137
18735 137
18736 137
18737 137
18738 137
18739 137
18740 137
18741 137
18742 137
18743 137
18744 137
18745 137
18746 137
18747 137
18748 137
18749 137
18750 137
18751 137
18752 137
18753 137
18754 137
18755 137
18756 137
18757 137
18758 137
18759 137
18760 137
18761 137
18762 137
18763 137
18764 137
18765 137
18766 137
18767 137
18768 137
18769 137
18770 137
18771 137
18772 137
18773 137
18774 137
18775 137
18776 137
18777 137
18778 137
18779 137
18780 137
18781 137
18782 137
18783 137
18784 137
18785 137
18786 137
18787 137
18788 137
18789 137
18790 137
18791 137
18792 137
18793 137
18794 137
18795 137
18796 137
18797 137
18798 137
18799 137
18800 137
18801 137
18802 137
18803 137
18804 137
18805 137
18806 137
18807 137
18808 137
18809 137
18810 137
18811 137
18812 137
18813 137
18814 137
18815 137
18816 137
18817 137
18818 137
18819 137
18820 137
18821 137
18822 137
18823 137
18824 137
18825 137
18826 137
18827 137
18828 137
18829 137
18830 137
18831 137
18832 137
18833 137
18834 137
18835 137
18836 137
18837 137
18838 137
18839 137
18840 137
18841 137
18842 137
18843 137
18844 137
18845 137
18846 137
18847 137
18848 137
18849 137
18850 137
18851 137
18852 137
18853 137
18854 137
18855 137
18856 137
18857 137
18858 137
18859 137
18860 137
18861 137
18862 137
18863 137
18864 137
18865 137
18866 137
18867 137
18868 137
18869 137
18870 137
18871 137
18872 137
18873 137
18874 137
18875 137
18876 137
18877 137
18878 137
18879 137
18880 137
18881 137
18882 137
18883 137
18884 137
18885 137
18886 137
18887 137
18888 137
18889 137
18890 137
18891 137
18892 137
18893 137
18894 137
18895 137
18896 137
18897 137
18898 137
18899 137
18900 137
18901 137
18902 137
18903 137
18904 137
18905 137
18906 137
18907 138
18908 138
18909 138
18910 138
18911 138
18912 138
18913 138
18914 138
18915 138
18916 138
18917 138
18918 138
18919 138
18920 138
18921 138
18922 138
18923 138
18924 138
18925 138
18926 138
18927 138
18928 138
18929 138
18930 138
18931 138
18932 138
18933 138
18934 138
18935 138
18936 138
18937 138
18938 138
18939 138
18940 138
18941 138
18942 138
18943 138
18944 138
18945 138
18946 138
18947 138
18948 138
18949 138
18950 138
18951 138
18952 138
18953 138
18954 138
18955 138
18956 138
18957 138
18958 138
18959 138
18960 138
18961 138
18962 138
18963 138
18964 138
18965 138
18966 138
18967 138
18968 138
18969 138
18970 138
18971 138
18972 138
18973 138
18974 138
18975 138
18976 138
18977 138
18978 138
18979 138
18980 138
18981 138
18982 138
18983 138
18984 138
18985 138
18986 138
18987 138
18988 138
18989 138
18990 138
18991 138
18992 138
18993 138
18994 138
18995 138
18996 138
18997 138
18998 138
18999 138
19000 138
19001 138
19002 138
19003 138
19004 138
19005 138
19006 138
19007 138
19008 138
19009 138
19010 138
19011 138
19012 138
19013 138
19014 138
19015 138
19016 138
19017 138
19018 138
19019 138
19020 138
19021 138
19022 138
19023 138
19024 138
19025 138
19026 138
19027 138
19028 138
19029 138
19030 138
19031 138
19032 138
19033 138
19034 138
19035 138
19036 138
19037 138
19038 138
19039 138
19040 138
19041 138
19042 138
19043 138
19044 138
19045 138
19046 138
19047 138
19048 138
19049 138
19050 138
19051 138
19052 138
19053 138
19054 138
19055 138
19056 138
19057 138
19058 138
19059 138
19060 138
19061 138
19062 138
19063 138
19064 138
19065 138
19066 138
19067 138
19068 138
19069 138
19070 138
19071 138
19072 138
19073 138
19074 138
19075 138
19076 138
19077 138
19078 138
19079 138
19080 138
19081 138
19082 138
19083 138
19084 138
19085 138
19086 138
19087 138
19088 138
19089 138
19090 138
19091 138
19092 138
19093 138
19094 138
19095 138
19096 138
19097 138
19098 138
19099 138
19100 138
19101 138
19102 138
19103 138
19104 138
19105 138
19106 138
19107 138
19108 138
19109 138
19110 138
19111 138
19112 138
19113 138
19114 138
19115 138
19116 138
19117 138
19118 138
19119 138
19120 138
19121 138
19122 138
19123 138
19124 138
19125 138
19126 138
19127 138
19128 138
19129 138
19130 138
19131 138
19132 138
19133 138
19134 138
19135 138
19136 138
19137 138
19138 138
19139 138
19140 138
19141 138
19142 138
19143 138
19144 138
19145 138
19146 138
19147 138
19148 138
19149 138
19150 138
19151 138
19152 138
19153 138
19154 138
19155 138
19156 138
19157 138
19158 138
19159 138
19160 138
19161 138
19162 138
19163 138
19164 138
19165 138
19166 138
19167 138
19168 138
19169 138
19170 138
19171 138
19172 138
19173 138
19174 138
19175 138
19176 138
19177 138
19178 138
19179 138
19180 138
19181 138
19182 138
19183 139
19184 139
19185 139
19186 139
19187 139
19188 139
19189 139
19190 139
19191 139
19192 139
19193 139
19194 139
19195 139
19196 139
19197 139
19198 139
19199 139
19200 139
19201 139
19202 139
19203 139
19204 139
19205 139
19206 139
19207 139
19208 139
19209 139
19210 139
19211 139
19212 139
19213 139
19214 139
19215 139
19216 139
19217 139
19218 139
19219 139
19220 139
19221 139
19222 139
19223 139
19224 139
19225 139
19226 139
19227 139
19228 139
19229 139
19230 139
19231 139
19232 139
19233 139
19234 139
19235 139
19236 139
19237 139
19238 139
19239 139
19240 139
19241 139
19242 139
19243 139
19244 139
19245 139
19246 139
19247 139
19248 139
19249 139
19250 139
19251 139
19252 139
19253 139
19254 139
19255 139
19256 139
19257 139
19258 139
19259 139
19260 139
19261 139
19262 139
19263 139
19264 139
19265 139
19266 139
19267 139
19268 139
19269 139
19270 139
19271 139
19272 139
19273 139
19274 139
19275 139
19276 139
19277 139
19278 139
19279 139
19280 139
19281 139
19282 139
19283 139
19284 139
19285 139
19286 139
19287 139
19288 139
19289 139
19290 139
19291 139
19292 139
19293 139
19294 139
19295 139
19296 139
19297 139
19298 139
19299 139
19300 139
19301 139
19302 139
19303 139
19304 139
19305 139
19306 139
19307 139
19308 139
19309 139
19310 139
19311 139
19312 139
19313 139
19314 139
19315 139
19316 139
19317 139
19318 139
19319 139
19320 139
19321 139
19322 139
19323 139
19324 139
19325 139
19326 139
19327 139
19328 139
19329 139
19330 139
19331 139
19332 139
19333 139
19334 139
19335 139
19336 139
19337 139
19338 139
19339 139
19340 139
19341 139
19342 139
19343 139
19344 139
19345 139
19346 139
19347 139
19348 139
19349 139
19350 139
19351 139
19352 139
19353 139
19354 139
19355 139
19356 139
19357 139
19358 139
19359 139
19360 139
19361 139
19362 139
19363 139
19364 139
19365 139
19366 139
19367 139
19368 139
19369 139
19370 139
19371 139
19372 139
19373 139
19374 139
19375 139
19376 139
19377 139
19378 139
19379 139
19380 139
19381 139
19382 139
19383 139
19384 139
19385 139
19386 139
19387 139
19388 139
19389 139
19390 139
19391 139
19392 139
19393 139
19394 139
19395 139
19396 139
19397 139
19398 139
19399 139
19400 139
19401 139
19402 139
19403 139
19404 139
19405 139
19406 139
19407 139
19408 139
19409 139
19410 139
19411 139
19412 139
19413 139
19414 139
19415 139
19416 139
19417 139
19418 139
19419 139
19420 139
19421 139
19422 139
19423 139
19424 139
19425 139
19426 139
19427 139
19428 139
19429 139
19430 139
19431 139
19432 139
19433 139
19434 139
19435 139
19436 139
19437 139
19438 139
19439 139
19440 139
19441 139
19442 139
19443 139
19444 139
19445 139
19446 139
19447 139
19448 139
19449 139
19450 139
19451 139
19452 139
19453 139
19454 139
19455 139
19456 139
19457 139
19458 139
19459 139
19460 139
19461 140
19462 140
19463 140
19464 140
19465 140
19466 140
19467 140
19468 140
19469 140
19470 140
19471 140
19472 140
19473 140
19474 140
19475 140
19476 140
19477 140
19478 140
19479 140
19480 140
19481 140
19482 140
19483 140
19484 140
19485 140
19486 140
19487 140
19488 140
19489 140
19490 140
19491 140
19492 140
19493 140
19494 140
19495 140
19496 140
19497 140
19498 140
19499 140
19500 140
19501 140
19502 140
19503 140
19504 140
19505 140
19506 140
19507 140
19508 140
19509 140
19510 140
19511 140
19512 140
19513 140
19514 140
19515 140
19516 140
19517 140
19518 140
19519 140
19520 140
19521 140
19522 140
19523 140
19524 140
19525 140
19526 140
19527 140
19528 140
19529 140
19530 140
19531 140
19532 140
19533 140
19534 140
19535 140
19536 140
19537 140
19538 140
19539 140
19540 140
19541 140
19542 140
19543 140
19544 140
19545 140
19546 140
19547 140
19548 140
19549 140
19550 140
19551 140
19552 140
19553 140
19554 140
19555 140
19556 140
19557 140
19558 140
19559 140
19560 140
19561 140
19562 140
19563 140
19564 140
19565 140
19566 140
19567 140
19568 140
19569 140
19570 140
19571 140
19572 140
19573 140
19574 140
19575 140
19576 140
19577 140
19578 140
19579 140
19580 140
19581 140
19582 140
19583 140
19584 140
19585 140
19586 140
19587 140
19588 140
19589 140
19590 140
19591 140
19592 140
19593 140
19594 140
19595 140
19596 140
19597 140
19598 140
19599 140
19600 140
19601 140
19602 140
19603 140
19604 140
19605 140
19606 140
19607 140
19608 140
19609 140
19610 140
19611 140
19612 140
19613 140
19614 140
19615 140
19616 140
19617 140
19618 140
19619 140
19620 140
19621 140
19622 140
19623 140
19624 140
19625 140
19626 140
19627 140
19628 140
19629 140
19630 140
19631 140
19632 140
19633 140
19634 140
19635 140
19636 140
19637 140
19638 140
19639 140
19640 140
19641 140
19642 140
19643 140
19644 140
19645 140
19646 140
19647 140
19648 140
19649 140
19650 140
19651 140
19652 140
19653 140
19654 140
19655 140
19656 140
19657 140
19658 140
19659 140
19660 140
19661 140
19662 140
19663 140
19664 140
19665 140
19666 140
19667 140
19668 140
19669 140
19670 140
19671 140
19672 140
19673 140
19674 140
19675 140
19676 140
19677 140
19678 140
19679 140
19680 140
19681 140
19682 140
19683 140
19684 140
19685 140
19686 140
19687 140
19688 140
19689 140
19690 140
19691 140
19692 140
19693 140
19694 140
19695 140
19696 140
19697 140
19698 140
19699 140
19700 140
19701 140
19702 140
19703 140
19704 140
19705 140
19706 140
19707 140
19708 140
19709 140
19710 140
19711 140
19712 140
19713 140
19714 140
19715 140
19716 140
19717 140
19718 140
19719 140
19720 140
19721 140
19722 140
19723 140
19724 140
19725 140
19726 140
19727 140
19728 140
19729 140
19730 140
19731 140
19732 140
19733 140
19734 140
19735 140
19736 140
19737 140
19738 140
19739 140
19740 140
19741 141
19742 141
19743 141
19744 141
19745 141
19746 141
19747 141
19748 141
19749 141
19750 141
19751 141
19752 141
19753 141
19754 141
19755 141
19756 141
19757 141
19758 141
19759 141
19760 141
19761 141
19762 141
19763 141
19764 141
19765 141
19766 141
19767 141
19768 141
19769 141
19770 141
19771 141
19772 141
19773 141
19774 141
19775 141
19776 141
19777 141
19778 141
19779 141
19780 141
19781 141
19782 141
19783 141
19784 141
19785 141
19786 141
19787 141
19788 141
19789 141
19790 141
19791 141
19792 141
19793 141
19794 141
19795 141
19796 141
19797 141
19798 141
19799 141
19800 141
19801 141
19802 141
19803 141
19804 141
19805 141
19806 141
19807 141
19808 141
19809 141
19810 141
19811 141
19812 141
19813 141
19814 141
19815 141
19816 141
19817 141
19818 141
19819 141
19820 141
19821 141
19822 141
19823 141
19824 141
19825 141
19826 141
19827 141
19828 141
19829 141
19830 141
19831 141
19832 141
19833 141
19834 141
19835 141
19836 141
19837 141
19838 141
19839 141
19840 141
19841 141
19842 141
19843 141
19844 141
19845 141
19846 141
19847 141
19848 141
19849 141
19850 141
19851 141
19852 141
19853 141
19854 141
19855 141
19856 141
19857 141
19858 141
19859 141
19860 141
19861 141
19862 141
19863 141
19864 141
19865 141
19866 141
19867 141
19868 141
19869 141
19870 141
19871 141
19872 141
19873 141
19874 141
19875 141
19876 141
19877 141
19878 141
19879 141
19880 141
19881 141
19882 141
19883 141
19884 141
19885 141
19886 141
19887 141
19888 141
19889 141
19890 141
19891 141
19892 141
19893 141
19894 141
19895 141
19896 141
19897 141
19898 141
19899 141
19900 141
19901 141
19902 141
19903 141
19904 141
19905 141
19906 141
19907 141
19908 141
19909 141
19910 141
19911 141
19912 141
19913 141
19914 141
19915 141
19916 141
19917 141
19918 141
19919 141
19920 141
19921 141
19922 141
19923 141
19924 141
19925 141
19926 141
19927 141
19928 141
19929 141
19930 141
19931 141
19932 141
19933 141
19934 141
19935 141
19936 141
19937 141
19938 141
19939 141
19940 141
19941 141
19942 141
19943 141
19944 141
19945 141
19946 141
19947 141
19948 141
19949 141
19950 141
19951 141
19952 141
19953 141
19954 141
19955 141
19956 141
19957 141
19958 141
19959 141
19960 141
19961 141
19962 141
19963 141
19964 141
19965 141
19966 141
19967 141
19968 141
19969 141
19970 141
19971 141
19972 141
19973 141
19974 141
19975 141
19976 141
19977 141
19978 141
19979 141
19980 141
19981 141
19982 141
19983 141
19984 141
19985 141
19986 141
19987 141
19988 141
19989 141
19990 141
19991 141
19992 141
19993 141
19994 141
19995 141
19996 141
19997 141
19998 141
19999 141
20000 141
20001 141
20002 141
20003 141
20004 141
20005 141
20006 141
20007 141
20008 141
20009 141
20010 141
20011 141
20012 141
20013 141
20014 141
20015 141
20016 141
20017 141
20018 141
20019 141
20020 141
20021 141
20022 141
20023 142
20024 142
20025 142
20026 142
20027 142
20028 142
20029 142
20030 142
20031 142
20032 142
20033 142
20034 142
20035 142
20036 142
20037 142
20038 142
20039 142
20040 142
20041 142
20042 142
20043 142
20044 142
20045 142
20046 142
20047 142
20048 142
20049 142
20050 142
20051 142
20052 142
20053 142
20054 142
20055 142
20056 142
20057 142
20058 142
20059 142
20060 142
20061 142
20062 142
20063 142
20064 142
20065 142
20066 142
20067 142
20068 142
20069 142
20070 142
20071 142
20072 142
20073 142
20074 142
20075 142
20076 142
20077 142
20078 142
20079 142
20080 142
20081 142
20082 142
20083 142
20084 142
20085 142
20086 142
20087 142
20088 142
20089 142
20090 142
20091 142
20092 142
20093 142
20094 142
20095 142
20096 142
20097 142
20098 142
20099 142
20100 142
20101 142
20102 142
20103 142
20104 142
20105 142
20106 142
20107 142
20108 142
20109 142
20110 142
20111 142
20112 142
20113 142
20114 142
20115 142
20116 142
20117 142
20118 142
20119 142
20120 142
20121 142
20122 142
20123 142
20124 142
20125 142
20126 142
20127 142
20128 142
20129 142
20130 142
20131 142
20132 142
20133 142
20134 142
20135 142
20136 142
20137 142
20138 142
20139 142
20140 142
20141 142
20142 142
20143 142
20144 142
20145 142
20146 142
20147 142
20148 142
20149 142
20150 142
20151 142
20152 142
20153 142
20154 142
20155 142
20156 142
20157 142
20158 142
20159 142
20160 142
20161 142
20162 142
20163 142
20164 142
20165 142
20166 142
20167 142
20168 142
20169 142
20170 142
20171 142
20172 142
20173 142
20174 142
20175 142
20176 142
20177 142
20178 142
20179 142
20180 142
20181 142
20182 142
20183 142
20184 142
20185 142
20186 142
20187 142
20188 142
20189 142
20190 142
20191 142
20192 142
20193 142
20194 142
20195 142
20196 142
20197 142
20198 142
20199 142
20200 142
20201 142
20202 142
20203 142
20204 142
20205 142
20206 142
20207 142
20208 142
20209 142
20210 142
20211 142
20212 142
20213 142
20214 142
20215 142
20216 142
20217 142
20218 142
20219 142
20220 142
20221 142
20222 142
20223 142
20224 142
20225 142
20226 142
20227 142
20228 142
20229 142
20230 142
20231 142
20232 142
20233 142
20234 142
20235 142
20236 142
20237 142
20238 142
20239 142
20240 142
20241 142
20242 142
20243 142
20244 142
20245 142
20246 142
20247 142
20248 142
20249 142
20250 142
20251 142
20252 142
20253 142
20254 142
20255 142
20256 142
20257 142
20258 142
20259 142
20260 142
20261 142
20262 142
20263 142
20264 142
20265 142
20266 142
20267 142
20268 142
20269 142
20270 142
20271 142
20272 142
20273 142
20274 142
20275 142
20276 142
20277 142
20278 142
20279 142
20280 142
20281 142
20282 142
20283 142
20284 142
20285 142
20286 142
20287 142
20288 142
20289 142
20290 142
20291 142
20292 142
20293 142
20294 142
20295 142
20296 142
20297 142
20298 142
20299 142
20300 142
20301 142
20302 142
20303 142
20304 142
20305 142
20306 142
20307 143
20308 143
20309 143
20310 143
20311 143
20312 143
20313 143
20314 143
20315 143
20316 143
20317 143
20318 143
20319 143
20320 143
20321 143
20322 143
20323 143
20324 143
20325 143
20326 143
20327 143
20328 143
20329 143
20330 143
20331 143
20332 143
20333 143
20334 143
20335 143
20336 143
20337 143
20338 143
20339 143
20340 143
20341 143
20342 143
20343 143
20344 143
20345 143
20346 143
20347 143
20348 143
20349 143
20350 143
20351 143
20352 143
20353 143
20354 143
20355 143
20356 143
20357 143
20358 143
20359 143
20360 143
20361 143
20362 143
20363 143
20364 143
20365 143
20366 143
20367 143
20368 143
20369 143
20370 143
20371 143
20372 143
20373 143
20374 143
20375 143
20376 143
20377 143
20378 143
20379 143
20380 143
20381 143
20382 143
20383 143
20384 143
20385 143
20386 143
20387 143
20388 143
20389 143
20390 143
20391 143
20392 143
20393 143
20394 143
20395 143
20396 143
20397 143
20398 143
20399 143
20400 143
20401 143
20402 143
20403 143
20404 143
20405 143
20406 143
20407 143
20408 143
20409 143
20410 143
20411 143
20412 143
20413 143
20414 143
20415 143
20416 143
20417 143
20418 143
20419 143
20420 143
20421 143
20422 143
20423 143
20424 143
20425 143
20426 143
20427 143
20428 143
20429 143
20430 143
20431 143
20432 143
20433 143
20434 143
20435 143
20436 143
20437 143
20438 143
20439 143
20440 143
20441 143
20442 143
20443 143
20444 143
20445 143
20446 143
20447 143
20448 143
20449 143
20450 143
20451 143
20452 143
20453 143
20454 143
20455 143
20456 143
20457 143
20458 143
20459 143
20460 143
20461 143
20462 143
20463 143
20464 143
20465 143
20466 143
20467 143
20468 143
20469 143
20470 143
20471 143
20472 143
20473 143
20474 143
20475 143
20476 143
20477 143
20478 143
20479 143
20480 143
20481 143
20482 143
20483 143
20484 143
20485 143
20486 143
20487 143
20488 143
20489 143
20490 143
20491 143
20492 143
20493 143
20494 143
20495 143
20496 143
20497 143
20498 143
20499 143
20500 143
20501 143
20502 143
20503 143
20504 143
20505 143
20506 143
20507 143
20508 143
20509 143
20510 143
20511 143
20512 143
20513 143
20514 143
20515 143
20516 143
20517 143
20518 143
20519 143
20520 143
20521 143
20522 143
20523 143
20524 143
20525 143
20526 143
20527 143
20528 143
20529 143
20530 143
20531 143
20532 143
20533 143
20534 143
20535 143
20536 143
20537 143
20538 143
20539 143
20540 143
20541 143
20542 143
20543 143
20544 143
20545 143
20546 143
20547 143
20548 143
20549 143
20550 143
20551 143
20552 143
20553 143
20554 143
20555 143
20556 143
20557 143
20558 143
20559 143
20560 143
20561 143
20562 143
20563 143
20564 143
20565 143
20566 143
20567 143
20568 143
20569 143
20570 143
20571 143
20572 143
20573 143
20574 143
20575 143
20576 143
20577 143
20578 143
20579 143
20580 143
20581 143
20582 143
20583 143
20584 143
20585 143
20586 143
20587 143
20588 143
20589 143
20590 143
20591 143
20592 143
20593 144
20594 144
20595 144
20596 144
20597 144
20598 144
20599 144
20600 144
20601 144
20602 144
20603 144
20604 144
20605 144
20606 144
20607 144
20608 144
20609 144
20610 144
20611 144
20612 144
20613 144
20614 144
20615 144
20616 144
20617 144
20618 144
20619 144
20620 144
20621 144
20622 144
20623 144
20624 144
20625 144
20626 144
20627 144
20628 144
20629 144
20630 144
20631 144
20632 144
20633 144
20634 144
20635 144
20636 144
20637 144
20638 144
20639 144
20640 144
20641 144
20642 144
20643 144
20644 144
20645 144
20646 144
20647 144
20648 144
20649 144
20650 144
20651 144
20652 144
20653 144
20654 144
20655 144
20656 144
20657 144
20658 144
20659 144
20660 144
20661 144
20662 144
20663 144
20664 144
20665 144
20666 144
20667 144
20668 144
20669 144
20670 144
20671 144
20672 144
20673 144
20674 144
20675 144
20676 144
20677 144
20678 144
20679 144
20680 144
20681 144
20682 144
20683 144
20684 144
20685 144
20686 144
20687 144
20688 144
20689 144
20690 144
20691 144
20692 144
20693 144
20694 144
20695 144
20696 144
20697 144
20698 144
20699 144
20700 144
20701 144
20702 144
20703 144
20704 144
20705 144
20706 144
20707 144
20708 144
20709 144
20710 144
20711 144
20712 144
20713 144
20714 144
20715 144
20716 144
20717 144
20718 144
20719 144
20720 144
20721 144
20722 144
20723 144
20724 144
20725 144
20726 144
20727 144
20728 144
20729 144
20730 144
20731 144
20732 144
20733 144
20734 144
20735 144
20736 144
20737 144
20738 144
20739 144
20740 144
20741 144
20742 144
20743 144
20744 144
20745 144
20746 144
20747 144
20748 144
20749 144
20750 144
20751 144
20752 144
20753 144
20754 144
20755 144
20756 144
20757 144
20758 144
20759 144
20760 144
20761 144
20762 144
20763 144
20764 144
20765 144
20766 144
20767 144
20768 144
20769 144
20770 144
20771 144
20772 144
20773 144
20774 144
20775 144
20776 144
20777 144
20778 144
20779 144
20780 144
20781 144
20782 144
20783 144
20784 144
20785 144
20786 144
20787 144
20788 144
20789 144
20790 144
20791 144
20792 144
20793 144
20794 144
20795 144
20796 144
20797 144
20798 144
20799 144
20800 144
20801 144
20802 144
20803 144
20804 144
20805 144
20806 144
20807 144
20808 144
20809 144
20810 144
20811 144
20812 144
20813 144
20814 144
20815 144
20816 144
20817 144
20818 144
20819 144
20820 144
20821 144
20822 144
20823 144
20824 144
20825 144
20826 144
20827 144
20828 144
20829 144
20830 144
20831 144
20832 144
20833 144
20834 144
20835 144
20836 144
20837 144
20838 144
20839 144
20840 144
20841 144
20842 144
20843 144
20844 144
20845 144
20846 144
20847 144
20848 144
20849 144
20850 144
20851 144
20852 144
20853 144
20854 144
20855 144
20856 144
20857 144
20858 144
20859 144
20860 144
20861 144
20862 144
20863 144
20864 144
20865 144
20866 144
20867 144
20868 144
20869 144
20870 144
20871 144
20872 144
20873 144
20874 144
20875 144
20876 144
20877 144
20878 144
20879 144
20880 144
20881 145
20882 145
20883 145
20884 145
20885 145
20886 145
20887 145
20888 145
20889 145
20890 145
20891 145
20892 145
20893 145
20894 145
20895 145
20896 145
20897 145
20898 145
20899 145
20900 145
20901 145
20902 145
20903 145
20904 145
20905 145
20906 145
20907 145
20908 145
20909 145
20910 145
20911 145
20912 145
20913 145
20914 145
20915 145
20916 145
20917 145
20918 145
20919 145
20920 145
20921 145
20922 145
20923 145
20924 145
20925 145
20926 145
20927 145
20928 145
20929 145
20930 145
20931 145
20932 145
20933 145
20934 145
20935 145
20936 145
20937 145
20938 145
20939 145
20940 145
20941 145
20942 145
20943 145
20944 145
20945 145
20946 145
20947 145
20948 145
20949 145
20950 145
20951 145
20952 145
20953 145
20954 145
20955 145
20956 145
20957 145
20958 145
20959 145
20960 145
20961 145
20962 145
20963 145
20964 145
20965 145
20966 145
20967 145
20968 145
20969 145
20970 145
20971 145
20972 145
20973 145
20974 145
20975 145
20976 145
20977 145
20978 145
20979 145
20980 145
20981 145
20982 145
20983 145
20984 145
20985 145
20986 145
20987 145
20988 145
20989 145
20990 145
20991 145
20992 145
20993 145
20994 145
20995 145
20996 145
20997 145
20998 145
20999 145
21000 145
21001 145
21002 145
21003 145
21004 145
21005 145
21006 145
21007 145
21008 145
21009 145
21010 145
21011 145
21012 145
21013 145
21014 145
21015 145
21016 145
21017 145
21018 145
21019 145
21020 145
21021 145
21022 145
21023 145
21024 145
21025 145
21026 145
21027 145
21028 145
21029 145
21030 145
21031 145
21032 145
21033 145
21034 145
21035 145
21036 145
21037 145
21038 145
21039 145
21040 145
21041 145
21042 145
21043 145
21044 145
21045 145
21046 145
21047 145
21048 145
21049 145
21050 145
21051 145
21052 145
21053 145
21054 145
21055 145
21056 145
21057 145
21058 145
21059 145
21060 145
21061 145
21062 145
21063 145
21064 145
21065 145
21066 145
21067 145
21068 145
21069 145
21070 145
21071 145
21072 145
21073 145
21074 145
21075 145
21076 145
21077 145
21078 145
21079 145
21080 145
21081 145
21082 145
21083 145
21084 145
21085 145
21086 145
21087 145
21088 145
21089 145
21090 145
21091 145
21092 145
21093 145
21094 145
21095 145
21096 145
21097 145
21098 145
21099 145
21100 145
21101 145
21102 145
21103 145
21104 145
21105 145
21106 145
21107 145
21108 145
21109 145
21110 145
21111 145
21112 145
21113 145
21114 145
21115 145
21116 145
21117 145
21118 145
21119 145
21120 145
21121 145
21122 145
21123 145
21124 145
21125 145
21126 145
21127 145
21128 145
21129 145
21130 145
21131 145
21132 145
21133 145
21134 145
21135 145
21136 145
21137 145
21138 145
21139 145
21140 145
21141 145
21142 145
21143 145
21144 145
21145 145
21146 145
21147 145
21148 145
21149 145
21150 145
21151 145
21152 145
21153 145
21154 145
21155 145
21156 145
21157 145
21158 145
21159 145
21160 145
21161 145
21162 145
21163 145
21164 145
21165 145
21166 145
21167 145
21168 145
21169 145
21170 145
21171 146
21172 146
21173 146
21174 146
21175 146
21176 146
21177 146
21178 146
21179 146
21180 146
21181 146
21182 146
21183 146
21184 146
21185 146
21186 146
21187 146
21188 146
21189 146
21190 146
21191 146
21192 146
21193 146
21194 146
21195 146
21196 146
21197 146
21198 146
21199 146
21200 146
21201 146
21202 146
21203 146
21204 146
21205 146
21206 146
21207 146
21208 146
21209 146
21210 146
21211 146
21212 146
21213 146
21214 146
21215 146
21216 146
21217 146
21218 146
21219 146
21220 146
21221 146
21222 146
21223 146
21224 146
21225 146
21226 146
21227 146
21228 146
21229 146
21230 146
21231 146
21232 146
21233 146
21234 146
21235 146
21236 146
21237 146
21238 146
21239 146
21240 146
21241 146
21242 146
21243 146
21244 146
21245 146
21246 146
21247 146
21248 146
21249 146
21250 146
21251 146
21252 146
21253 146
21254 146
21255 146
21256 146
21257 146
21258 146
21259 146
21260 146
21261 146
21262 146
21263 146
21264 146
21265 146
21266 146
21267 146
21268 146
21269 146
21270 146
21271 146
21272 146
21273 146
21274 146
21275 146
21276 146
21277 146
21278 146
21279 146
21280 146
21281 146
21282 146
21283 146
21284 146
21285 146
21286 146
21287 146
21288 146
21289 146
21290 146
21291 146
21292 146
21293 146
21294 146
21295 146
21296 146
21297 146
21298 146
21299 146
21300 146
21301 146
21302 146
21303 146
21304 146
21305 146
21306 146
21307 146
21308 146
21309 146
21310 146
21311 146
21312 146
21313 146
21314 146
21315 146
21316 146
21317 146
21318 146
21319 146
21320 146
21321 146
21322 146
21323 146
21324 146
21325 146
21326 146
21327 146
21328 146
21329 146
21330 146
21331 146
21332 146
21333 146
21334 146
21335 146
21336 146
21337 146
21338 146
21339 146
21340 146
21341 146
21342 146
21343 146
21344 146
21345 146
21346 146
21347 146
21348 146
21349 146
21350 146
21351 146
21352 146
21353 146
21354 146
21355 146
21356 146
21357 146
21358 146
21359 146
21360 146
21361 146
21362 146
21363 146
21364 146
21365 146
21366 146
21367 146
21368 146
21369 146
21370 146
21371 146
21372 146
21373 146
21374 146
21375 146
21376 146
21377 146
21378 146
21379 146
21380 146
21381 146
21382 146
21383 146
21384 146
21385 146
21386 146
21387 146
21388 146
21389 146
21390 146
21391 146
21392 146
21393 146
21394 146
21395 146
21396 146
21397 146
21398 146
21399 146
21400 146
21401 146
21402 146
21403 146
21404 146
21405 146
21406 146
21407 146
21408 146
21409 146
21410 146
21411 146
21412 146
21413 146
21414 146
21415 146
21416 146
21417 146
21418 146
21419 146
21420 146
21421 146
21422 146
21423 146
21424 146
21425 146
21426 146
21427 146
21428 146
21429 146
21430 146
21431 146
21432 146
21433 146
21434 146
21435 146
21436 146
21437 146
21438 146
21439 146
21440 146
21441 146
21442 146
21443 146
21444 146
21445 146
21446 146
21447 146
21448 146
21449 146
21450 146
21451 146
21452 146
21453 146
21454 146
21455 146
21456 146
21457 146
21458 146
21459 146
21460 146
21461 146
21462 146
21463 147
21464 147
21465 147
21466 147
21467 147
21468 147
21469 147
21470 147
21471 147
21472 147
21473 147
21474 147
21475 147
21476 147
21477 147
21478 147
21479 147
21480 147
21481 147
21482 147
21483 147
21484 147
21485 147
21486 147
21487 147
21488 147
21489 147
21490 147
21491 147
21492 147
21493 147
21494 147
21495 147
21496 147
21497 147
21498 147
21499 147
21500 147
21501 147
21502 147
21503 147
21504 147
21505 147
21506 147
21507 147
21508 147
21509 147
21510 147
21511 147
21512 147
21513 147
21514 147
21515 147
21516 147
21517 147
21518 147
21519 147
21520 147
21521 147
21522 147
21523 147
21524 147
21525 147
21526 147
21527 147
21528 147
21529 147
21530 147
21531 147
21532 147
21533 147
21534 147
21535 147
21536 147
21537 147
21538 147
21539 147
21540 147
21541 147
21542 147
21543 147
21544 147
21545 147
21546 147
21547 147
21548 147
21549 147
21550 147
21551 147
21552 147
21553 147
21554 147
21555 147
21556 147
21557 147
21558 147
21559 147
21560 147
21561 147
21562 147
21563 147
21564 147
21565 147
21566 147
21567 147
21568 147
21569 147
21570 147
21571 147
21572 147
21573 147
21574 147
21575 147
21576 147
21577 147
21578 147
21579 147
21580 147
21581 147
21582 147
21583 147
21584 147
21585 147
21586 147
21587 147
21588 147
21589 147
21590 147
21591 147
21592 147
21593 147
21594 147
21595 147
21596 147
21597 147
21598 147
21599 147
21600 147
21601 147
21602 147
21603 147
21604 147
21605 147
21606 147
21607 147
21608 147
21609 147
21610 147
21611 147
21612 147
21613 147
21614 147
21615 147
21616 147
21617 147
21618 147
21619 147
21620 147
21621 147
21622 147
21623 147
21624 147
21625 147
21626 147
21627 147
21628 147
21629 147
21630 147
21631 147
21632 147
21633 147
21634 147
21635 147
21636 147
21637 147
21638 147
21639 147
21640 147
21641 147
21642 147
21643 147
21644 147
21645 147
21646 147
21647 147
21648 147
21649 147
21650 147
21651 147
21652 147
21653 147
21654 147
21655 147
21656 147
21657 147
21658 147
21659 147
21660 147
21661 147
21662 147
21663 147
21664 147
21665 147
21666 147
21667 147
21668 147
21669 147
21670 147
21671 147
21672 147
21673 147
21674 147
21675 147
21676 147
21677 147
21678 147
21679 147
21680 147
21681 147
21682 147
21683 147
21684 147
21685 147
21686 147
21687 147
21688 147
21689 147
21690 147
21691 147
21692 147
21693 147
21694 147
21695 147
21696 147
21697 147
21698 147
21699 147
21700 147
21701 147
21702 147
21703 147
21704 147
21705 147
21706 147
21707 147
21708 147
21709 147
21710 147
21711 147
21712 147
21713 147
21714 147
21715 147
21716 147
21717 147
21718 147
21719 147
21720 147
21721 147
21722 147
21723 147
21724 147
21725 147
21726 147
21727 147
21728 147
21729 147
21730 147
21731 147
21732 147
21733 147
21734 147
21735 147
21736 147
21737 147
21738 147
21739 147
21740 147
21741 147
21742 147
21743 147
21744 147
21745 147
21746 147
21747 147
21748 147
21749 147
21750 147
21751 147
21752 147
21753 147
21754 147
21755 147
21756 147
21757 148
21758 148
21759 148
21760 148
21761 148
21762 148
21763 148
21764 148
21765 148
21766 148
21767 148
21768 148
21769 148
21770 148
21771 148
21772 148
21773 148
21774 148
21775 148
21776 148
21777 148
21778 148
21779 148
21780 148
21781 148
21782 148
21783 148
21784 148
21785 148
21786 148
21787 148
21788 148
21789 148
21790 148
21791 148
21792 148
21793 148
21794 148
21795 148
21796 148
21797 148
21798 148
21799 148
21800 148
21801 148
21802 148
21803 148
21804 148
21805 148
21806 148
21807 148
21808 148
21809 148
21810 148
21811 148
21812 148
21813 148
21814 148
21815 148
21816 148
21817 148
21818 148
21819 148
21820 148
21821 148
21822 148
21823 148
21824 148
21825 148
21826 148
21827 148
21828 148
21829 148
21830 148
21831 148
21832 148
21833 148
21834 148
21835 148
21836 148
21837 148
21838 148
21839 148
21840 148
21841 148
21842 148
21843 148
21844 148
21845 148
21846 148
21847 148
21848 148
21849 148
21850 148
21851 148
21852 148
21853 148
21854 148
21855 148
21856 148
21857 148
21858 148
21859 148
21860 148
21861 148
21862 148
21863 148
21864 148
21865 148
21866 148
21867 148
21868 148
21869 148
21870 148
21871 148
21872 148
21873 148
21874 148
21875 148
21876 148
21877 148
21878 148
21879 148
21880 148
21881 148
21882 148
21883 148
21884 148
21885 148
21886 148
21887 148
21888 148
21889 148
21890 148
21891 148
21892 148
21893 148
21894 148
21895 148
21896 148
21897 148
21898 148
21899 148
21900 148
21901 148
21902 148
21903 148
21904 148
21905 148
21906 148
21907 148
21908 148
21909 148
21910 148
21911 148
21912 148
21913 148
21914 148
21915 148
21916 148
21917 148
21918 148
21919 148
21920 148
21921 148
21922 148
21923 148
21924 148
21925 148
21926 148
21927 148
21928 148
21929 148
21930 148
21931 148
21932 148
21933 148
21934 148
21935 148
21936 148
21937 148
21938 148
21939 148
21940 148
21941 148
21942 148
21943 148
21944 148
21945 148
21946 148
21947 148
21948 148
21949 148
21950 148
21951 148
21952 148
21953 148
21954 148
21955 148
21956 148
21957 148
21958 148
21959 148
21960 148
21961 148
21962 148
21963 148
21964 148
21965 148
21966 148
21967 148
21968 148
21969 148
21970 148
21971 148
21972 148
21973 148
21974 148
21975 148
21976 148
21977 148
21978 148
21979 148
21980 148
21981 148
21982 148
21983 148
21984 148
21985 148
21986 148
21987 148
21988 148
21989 148
21990 148
21991 148
21992 148
21993 148
21994 148
21995 148
21996 148
21997 148
21998 148
21999 148
22000 148
22001 148
22002 148
22003 148
22004 148
22005 148
22006 148
22007 148
22008 148
22009 148
22010 148
22011 148
22012 148
22013 148
22014 148
22015 148
22016 148
22017 148
22018 148
22019 148
22020 148
22021 148
22022 148
22023 148
22024 148
22025 148
22026 148
22027 148
22028 148
22029 148
22030 148
22031 148
22032 148
22033 148
22034 148
22035 148
22036 148
22037 148
22038 148
22039 148
22040 148
22041 148
22042 148
22043 148
22044 148
22045 148
22046 148
22047 148
22048 148
22049 148
22050 148
22051 148
22052 148
22053 149
22054 149
22055 149
22056 149
22057 149
22058 149
22059 149
22060 149
22061 149
22062 149
22063 149
22064 149
22065 149
22066 149
22067 149
22068 149
22069 149
22070 149
22071 149
22072 149
22073 149
22074 149
22075 149
22076 149
22077 149
22078 149
22079 149
22080 149
22081 149
22082 149
22083 149
22084 149
22085 149
22086 149
22087 149
22088 149
22089 149
22090 149
22091 149
22092 149
22093 149
22094 149
22095 149
22096 149
22097 149
22098 149
22099 149
22100 149
22101 149
22102 149
22103 149
22104 149
22105 149
22106 149
22107 149
22108 149
22109 149
22110 149
22111 149
22112 149
22113 149
22114 149
22115 149
22116 149
22117 149
22118 149
22119 149
22120 149
22121 149
22122 149
22123 149
22124 149
22125 149
22126 149
22127 149
22128 149
22129 149
22130 149
22131 149
22132 149
22133 149
22134 149
22135 149
22136 149
22137 149
22138 149
22139 149
22140 149
22141 149
22142 149
22143 149
22144 149
22145 149
22146 149
22147 149
22148 149
22149 149
22150 149
22151 149
22152 149
22153 149
22154 149
22155 149
22156 149
22157 149
22158 149
22159 149
22160 149
22161 149
22162 149
22163 149
22164 149
22165 149
22166 149
22167 149
22168 149
22169 149
22170 149
22171 149
22172 149
22173 149
22174 149
22175 149
22176 149
22177 149
22178 149
22179 149
22180 149
22181 149
22182 149
22183 149
22184 149
22185 149
22186 149
22187 149
22188 149
22189 149
22190 149
22191 149
22192 149
22193 149
22194 149
22195 149
22196 149
22197 149
22198 149
22199 149
22200 149
22201 149
22202 149
22203 149
22204 149
22205 149
22206 149
22207 149
22208 149
22209 149
22210 149
22211 149
22212 149
22213 149
22214 149
22215 149
22216 149
22217 149
22218 149
22219 149
22220 149
22221 149
22222 149
22223 149
22224 149
22225 149
22226 149
22227 149
22228 149
22229 149
22230 149
22231 149
22232 149
22233 149
22234 149
22235 149
22236 149
22237 149
22238 149
22239 149
22240 149
22241 149
22242 149
22243 149
22244 149
22245 149
22246 149
22247 149
22248 149
22249 149
22250 149
22251 149
22252 149
22253 149
22254 149
22255 149
22256 149
22257 149
22258 149
22259 149
22260 149
22261 149
22262 149
22263 149
22264 149
22265 149
22266 149
22267 149
22268 149
22269 149
22270 149
22271 149
22272 149
22273 149
22274 149
22275 149
22276 149
22277 149
22278 149
22279 149
22280 149
22281 149
22282 149
22283 149
22284 149
22285 149
22286 149
22287 149
22288 149
22289 149
22290 149
22291 149
22292 149
22293 149
22294 149
22295 149
22296 149
22297 149
22298 149
22299 149
22300 149
22301 149
22302 149
22303 149
22304 149
22305 149
22306 149
22307 149
22308 149
22309 149
22310 149
22311 149
22312 149
22313 149
22314 149
22315 149
22316 149
22317 149
22318 149
22319 149
22320 149
22321 149
22322 149
22323 149
22324 149
22325 149
22326 149
22327 149
22328 149
22329 149
22330 149
22331 149
22332 149
22333 149
22334 149
22335 149
22336 149
22337 149
22338 149
22339 149
22340 149
22341 149
22342 149
22343 149
22344 149
22345 149
22346 149
22347 149
22348 149
22349 149
22350 149
22351 150
22352 150
22353 150
22354 150
22355 150
22356 150
22357 150
22358 150
22359 150
22360 150
22361 150
22362 150
22363 150
22364 150
22365 150
22366 150
22367 150
22368 150
22369 150
22370 150
22371 150
22372 150
22373 150
22374 150
22375 150
22376 150
22377 150
22378 150
22379 150
22380 150
22381 150
22382 150
22383 150
22384 150
22385 150
22386 150
22387 150
22388 150
22389 150
22390 150
22391 150
22392 150
22393 150
22394 150
22395 150
22396 150
22397 150
22398 150
22399 150
22400 150
22401 150
22402 150
22403 150
22404 150
22405 150
22406 150
22407 150
22408 150
22409 150
22410 150
22411 150
22412 150
22413 150
22414 150
22415 150
22416 150
22417 150
22418 150
22419 150
22420 150
22421 150
22422 150
22423 150
22424 150
22425 150
22426 150
22427 150
22428 150
22429 150
22430 150
22431 150
22432 150
22433 150
22434 150
22435 150
22436 150
22437 150
22438 150
22439 150
22440 150
22441 150
22442 150
22443 150
22444 150
22445 150
22446 150
22447 150
22448 150
22449 150
22450 150
22451 150
22452 150
22453 150
22454 150
22455 150
22456 150
22457 150
22458 150
22459 150
22460 150
22461 150
22462 150
22463 150
22464 150
22465 150
22466 150
22467 150
22468 150
22469 150
22470 150
22471 150
22472 150
22473 150
22474 150
22475 150
22476 150
22477 150
22478 150
22479 150
22480 150
22481 150
22482 150
22483 150
22484 150
22485 150
22486 150
22487 150
22488 150
22489 150
22490 150
22491 150
22492 150
22493 150
22494 150
22495 150
22496 150
22497 150
22498 150
22499 150
22500 150
22501 150
22502 150
22503 150
22504 150
22505 150
22506 150
22507 150
22508 150
22509 150
22510 150
22511 150
22512 150
22513 150
22514 150
22515 150
22516 150
22517 150
22518 150
22519 150
22520 150
22521 150
22522 150
22523 150
22524 150
22525 150
22526 150
22527 150
22528 150
22529 150
22530 150
22531 150
22532 150
22533 150
22534 150
22535 150
22536 150
22537 150
22538 150
22539 150
22540 150
22541 150
22542 150
22543 150
22544 150
22545 150
22546 150
22547 150
22548 150
22549 150
22550 150
22551 150
22552 150
22553 150
22554 150
22555 150
22556 150
22557 150
22558 150
22559 150
22560 150
22561 150
22562 150
22563 150
22564 150
22565 150
22566 150
22567 150
22568 150
22569 150
22570 150
22571 150
22572 150
22573 150
22574 150
22575 150
22576 150
22577 150
22578 150
22579 150
22580 150
22581 150
22582 150
22583 150
22584 150
22585 150
22586 150
22587 150
22588 150
22589 150
22590 150
22591 150
22592 150
22593 150
22594 150
22595 150
22596 150
22597 150
22598 150
22599 150
22600 150
22601 150
22602 150
22603 150
22604 150
22605 150
22606 150
22607 150
22608 150
22609 150
22610 150
22611 150
22612 150
22613 150
22614 150
22615 150
22616 150
22617 150
22618 150
22619 150
22620 150
22621 150
22622 150
22623 150
22624 150
22625 150
22626 150
22627 150
22628 150
22629 150
22630 150
22631 150
22632 150
22633 150
22634 150
22635 150
22636 150
22637 150
22638 150
22639 150
22640 150
22641 150
22642 150
22643 150
22644 150
22645 150
22646 150
22647 150
22648 150
22649 150
22650 150
22651 151
22652 151
22653 151
22654 151
22655 151
22656 151
22657 151
22658 151
22659 151
22660 151
22661 151
22662 151
22663 151
22664 151
22665 151
22666 151
22667 151
22668 151
22669 151
22670 151
22671 151
22672 151
22673 151
22674 151
22675 151
22676 151
22677 151
22678 151
22679 151
22680 151
22681 151
22682 151
22683 151
22684 151
22685 151
22686 151
22687 151
22688 151
22689 151
22690 151
22691 151
22692 151
22693 151
22694 151
22695 151
22696 151
22697 151
22698 151
22699 151
22700 151
22701 151
22702 151
22703 151
22704 151
22705 151
22706 151
22707 151
22708 151
22709 151
22710 151
22711 151
22712 151
22713 151
22714 151
22715 151
22716 151
22717 151
22718 151
22719 151
22720 151
22721 151
22722 151
22723 151
22724 151
22725 151
22726 151
22727 151
22728 151
22729 151
22730 151
22731 151
22732 151
22733 151
22734 151
22735 151
22736 151
22737 151
22738 151
22739 151
22740 151
22741 151
22742 151
22743 151
22744 151
22745 151
22746 151
22747 151
22748 151
22749 151
22750 151
22751 151
22752 151
22753 151
22754 151
22755 151
22756 151
22757 151
22758 151
22759 151
22760 151
22761 151
22762 151
22763 151
22764 151
22765 151
22766 151
22767 151
22768 151
22769 151
22770 151
22771 151
22772 151
22773 151
22774 151
22775 151
22776 151
22777 151
22778 151
22779 151
22780 151
22781 151
22782 151
22783 151
22784 151
22785 151
22786 151
22787 151
22788 151
22789 151
22790 151
22791 151
22792 151
22793 151
22794 151
22795 151
22796 151
22797 151
22798 151
22799 151
22800 151
22801 151
22802 151
22803 151
22804 151
22805 151
22806 151
22807 151
22808 151
22809 151
22810 151
22811 151
22812 151
22813 151
22814 151
22815 151
22816 151
22817 151
22818 151
22819 151
22820 151
22821 151
22822 151
22823 151
22824 151
22825 151
22826 151
22827 151
22828 151
22829 151
22830 151
22831 151
22832 151
22833 151
22834 151
22835 151
22836 151
22837 151
22838 151
22839 151
22840 151
22841 151
22842 151
22843 151
22844 151
22845 151
22846 151
22847 151
22848 151
22849 151
22850 151
22851 151
22852 151
22853 151
22854 151
22855 151
22856 151
22857 151
22858 151
22859 151
22860 151
22861 151
22862 151
22863 151
22864 151
22865 151
22866 151
22867 151
22868 151
22869 151
22870 151
22871 151
22872 151
22873 151
22874 151
22875 151
22876 151
22877 151
22878 151
22879 151
22880 151
22881 151
22882 151
22883 151
22884 151
22885 151
22886 151
22887 151
22888 151
22889 151
22890 151
22891 151
22892 151
22893 151
22894 151
22895 151
22896 151
22897 151
22898 151
22899 151
22900 151
22901 151
22902 151
22903 151
22904 151
22905 151
22906 151
22907 151
22908 151
22909 151
22910 151
22911 151
22912 151
22913 151
22914 151
22915 151
22916 151
22917 151
22918 151
22919 151
22920 151
22921 151
22922 151
22923 151
22924 151
22925 151
22926 151
22927 151
22928 151
22929 151
22930 151
22931 151
22932 151
22933 151
22934 151
22935 151
22936 151
22937 151
22938 151
22939 151
22940 151
22941 151
22942 151
22943 151
22944 151
22945 151
22946 151
22947 151
22948 151
22949 151
22950 151
22951 151
22952 151
22953 152
22954 152
22955 152
22956 152
22957 152
22958 152
22959 152
22960 152
22961 152
22962 152
22963 152
22964 152
22965 152
22966 152
22967 152
22968 152
22969 152
22970 152
22971 152
22972 152
22973 152
22974 152
22975 152
22976 152
22977 152
22978 152
22979 152
22980 152
22981 152
22982 152
22983 152
22984 152
22985 152
22986 152
22987 152
22988 152
22989 152
22990 152
22991 152
22992 152
22993 152
22994 152
22995 152
22996 152
22997 152
22998 152
22999 152
23000 152
23001 152
23002 152
23003 152
23004 152
23005 152
23006 152
23007 152
23008 152
23009 152
23010 152
23011 152
23012 152
23013 152
23014 152
23015 152
23016 152
23017 152
23018 152
23019 152
23020 152
23021 152
23022 152
23023 152
23024 152
23025 152
23026 152
23027 152
23028 152
23029 152
23030 152
23031 152
23032 152
23033 152
23034 152
23035 152
23036 152
23037 152
23038 152
23039 152
23040 152
23041 152
23042 152
23043 152
23044 152
23045 152
23046 152
23047 152
23048 152
23049 152
23050 152
23051 152
23052 152
23053 152
23054 152
23055 152
23056 152
23057 152
23058 152
23059 152
23060 152
23061 152
23062 152
23063 152
23064 152
23065 152
23066 152
23067 152
23068 152
23069 152
23070 152
23071 152
23072 152
23073 152
23074 152
23075 152
23076 152
23077 152
23078 152
23079 152
23080 152
23081 152
23082 152
23083 152
23084 152
23085 152
23086 152
23087 152
23088 152
23089 152
23090 152
23091 152
23092 152
23093 152
23094 152
23095 152
23096 152
23097 152
23098 152
23099 152
23100 152
23101 152
23102 152
23103 152
23104 152
23105 152
23106 152
23107 152
23108 152
23109 152
23110 152
23111 152
23112 152
23113 152
23114 152
23115 152
23116 152
23117 152
23118 152
23119 152
23120 152
23121 152
23122 152
23123 152
23124 152
23125 152
23126 152
23127 152
23128 152
23129 152
23130 152
23131 152
23132 152
23133 152
23134 152
23135 152
23136 152
23137 152
23138 152
23139 152
23140 152
23141 152
23142 152
23143 152
23144 152
23145 152
23146 152
23147 152
23148 152
23149 152
23150 152
23151 152
23152 152
23153 152
23154 152
23155 152
23156 152
23157 152
23158 152
23159 152
23160 152
23161 152
23162 152
23163 152
23164 152
23165 152
23166 152
23167 152
23168 152
23169 152
23170 152
23171 152
23172 152
23173 152
23174 152
23175 152
23176 152
23177 152
23178 152
23179 152
23180 152
23181 152
23182 152
23183 152
23184 152
23185 152
23186 152
23187 152
23188 152
23189 152
23190 152
23191 152
23192 152
23193 152
23194 152
23195 152
23196 152
23197 152
23198 152
23199 152
23200 152
23201 152
23202 152
23203 152
23204 152
23205 152
23206 152
23207 152
23208 152
23209 152
23210 152
23211 152
23212 152
23213 152
23214 152
23215 152
23216 152
23217 152
23218 152
23219 152
23220 152
23221 152
23222 152
23223 152
23224 152
23225 152
23226 152
23227 152
23228 152
23229 152
23230 152
23231 152
23232 152
23233 152
23234 152
23235 152
23236 152
23237 152
23238 152
23239 152
23240 152
23241 152
23242 152
23243 152
23244 152
23245 152
23246 152
23247 152
23248 152
23249 152
23250 152
23251 152
23252 152
23253 152
23254 152
23255 152
23256 152
23257 153
23258 153
23259 153
23260 153
23261 153
23262 153
23263 153
23264 153
23265 153
23266 153
23267 153
23268 153
23269 153
23270 153
23271 153
23272 153
23273 153
23274 153
23275 153
23276 153
23277 153
23278 153
23279 153
23280 153
23281 153
23282 153
23283 153
23284 153
23285 153
23286 153
23287 153
23288 153
23289 153
23290 153
23291 153
23292 153
23293 153
23294 153
23295 153
23296 153
23297 153
23298 153
23299 153
23300 153
23301 153
23302 153
23303 153
23304 153
23305 153
23306 153
23307 153
23308 153
23309 153
23310 153
23311 153
23312 153
23313 153
23314 153
23315 153
23316 153
23317 153
23318 153
23319 153
23320 153
23321 153
23322 153
23323 153
23324 153
23325 153
23326 153
23327 153
23328 153
23329 153
23330 153
23331 153
23332 153
23333 153
23334 153
23335 153
23336 153
23337 153
23338 153
23339 153
23340 153
23341 153
23342 153
23343 153
23344 153
23345 153
23346 153
23347 153
23348 153
23349 153
23350 153
23351 153
23352 153
23353 153
23354 153
23355 153
23356 153
23357 153
23358 153
23359 153
23360 153
23361 153
23362 153
23363 153
23364 153
23365 153
23366 153
23367 153
23368 153
23369 153
23370 153
23371 153
23372 153
23373 153
23374 153
23375 153
23376 153
23377 153
23378 153
23379 153
23380 153
23381 153
23382 153
23383 153
23384 153
23385 153
23386 153
23387 153
23388 153
23389 153
23390 153
23391 153
23392 153
23393 153
23394 153
23395 153
23396 153
23397 153
23398 153
23399 153
23400 153
23401 153
23402 153
23403 153
23404 153
23405 153
23406 153
23407 153
23408 153
23409 153
23410 153
23411 153
23412 153
23413 153
23414 153
23415 153
23416 153
23417 153
23418 153
23419 153
23420 153
23421 153
23422 153
23423 153
23424 153
23425 153
23426 153
23427 153
23428 153
23429 153
23430 153
23431 153
23432 153
23433 153
23434 153
23435 153
23436 153
23437 153
23438 153
23439 153
23440 153
23441 153
23442 153
23443 153
23444 153
23445 153
23446 153
23447 153
23448 153
23449 153
23450 153
23451 153
23452 153
23453 153
23454 153
23455 153
23456 153
23457 153
23458 153
23459 153
23460 153
23461 153
23462 153
23463 153
23464 153
23465 153
23466 153
23467 153
23468 153
23469 153
23470 153
23471 153
23472 153
23473 153
23474 153
23475 153
23476 153
23477 153
23478 153
23479 153
23480 153
23481 153
23482 153
23483 153
23484 153
23485 153
23486 153
23487 153
23488 153
23489 153
23490 153
23491 153
23492 153
23493 153
23494 153
23495 153
23496 153
23497 153
23498 153
23499 153
23500 153
23501 153
23502 153
23503 153
23504 153
23505 153
23506 153
23507 153
23508 153
23509 153
23510 153
23511 153
23512 153
23513 153
23514 153
23515 153
23516 153
23517 153
23518 153
23519 153
23520 153
23521 153
23522 153
23523 153
23524 153
23525 153
23526 153
23527 153
23528 153
23529 153
23530 153
23531 153
23532 153
23533 153
23534 153
23535 153
23536 153
23537 153
23538 153
23539 153
23540 153
23541 153
23542 153
23543 153
23544 153
23545 153
23546 153
23547 153
23548 153
23549 153
23550 153
23551 153
23552 153
23553 153
23554 153
23555 153
23556 153
23557 153
23558 153
23559 153
23560 153
23561 153
23562 153
23563 154
23564 154
23565 154
23566 154
23567 154
23568 154
23569 154
23570 154
23571 154
23572 154
23573 154
23574 154
23575 154
23576 154
23577 154
23578 154
23579 154
23580 154
23581 154
23582 154
23583 154
23584 154
23585 154
23586 154
23587 154
23588 154
23589 154
23590 154
23591 154
23592 154
23593 154
23594 154
23595 154
23596 154
23597 154
23598 154
23599 154
23600 154
23601 154
23602 154
23603 154
23604 154
23605 154
23606 154
23607 154
23608 154
23609 154
23610 154
23611 154
23612 154
23613 154
23614 154
23615 154
23616 154
23617 154
23618 154
23619 154
23620 154
23621 154
23622 154
23623 154
23624 154
23625 154
23626 154
23627 154
23628 154
23629 154
23630 154
23631 154
23632 154
23633 154
23634 154
23635 154
23636 154
23637 154
23638 154
23639 154
23640 154
23641 154
23642 154
23643 154
23644 154
23645 154
23646 154
23647 154
23648 154
23649 154
23650 154
23651 154
23652 154
23653 154
23654 154
23655 154
23656 154
23657 154
23658 154
23659 154
23660 154
23661 154
23662 154
23663 154
23664 154
23665 154
23666 154
23667 154
23668 154
23669 154
23670 154
23671 154
23672 154
23673 154
23674 154
23675 154
23676 154
23677 154
23678 154
23679 154
23680 154
23681 154
23682 154
23683 154
23684 154
23685 154
23686 154
23687 154
23688 154
23689 154
23690 154
23691 154
23692 154
23693 154
23694 154
23695 154
23696 154
23697 154
23698 154
23699 154
23700 154
23701 154
23702 154
23703 154
23704 154
23705 154
23706 154
23707 154
23708 154
23709 154
23710 154
23711 154
23712 154
23713 154
23714 154
23715 154
23716 154
23717 154
23718 154
23719 154
23720 154
23721 154
23722 154
23723 154
23724 154
23725 154
23726 154
23727 154
23728 154
23729 154
23730 154
23731 154
23732 154
23733 154
23734 154
23735 154
23736 154
23737 154
23738 154
23739 154
23740 154
23741 154
23742 154
23743 154
23744 154
23745 154
23746 154
23747 154
23748 154
23749 154
23750 154
23751 154
23752 154
23753 154
23754 154
23755 154
23756 154
23757 154
23758 154
23759 154
23760 154
23761 154
23762 154
23763 154
23764 154
23765 154
23766 154
23767 154
23768 154
23769 154
23770 154
23771 154
23772 154
23773 154
23774 154
23775 154
23776 154
23777 154
23778 154
23779 154
23780 154
23781 154
23782 154
23783 154
23784 154
23785 154
23786 154
23787 154
23788 154
23789 154
23790 154
23791 154
23792 154
23793 154
23794 154
23795 154
23796 154
23797 154
23798 154
23799 154
23800 154
23801 154
23802 154
23803 154
23804 154
23805 154
23806 154
23807 154
23808 154
23809 154
23810 154
23811 154
23812 154
23813 154
23814 154
23815 154
23816 154
23817 154
23818 154
23819 154
23820 154
23821 154
23822 154
23823 154
23824 154
23825 154
23826 154
23827 154
23828 154
23829 154
23830 154
23831 154
23832 154
23833 154
23834 154
23835 154
23836 154
23837 154
23838 154
23839 154
23840 154
23841 154
23842 154
23843 154
23844 154
23845 154
23846 154
23847 154
23848 154
23849 154
23850 154
23851 154
23852 154
23853 154
23854 154
23855 154
23856 154
23857 154
23858 154
23859 154
23860 154
23861 154
23862 154
23863 154
23864 154
23865 154
23866 154
23867 154
23868 154
23869 154
23870 154
23871 155
23872 155
23873 155
23874 155
23875 155
23876 155
23877 155
23878 155
23879 155
23880 155
23881 155
23882 155
23883 155
23884 155
23885 155
23886 155
23887 155
23888 155
23889 155
23890 155
23891 155
23892 155
23893 155
23894 155
23895 155
23896 155
23897 155
23898 155
23899 155
23900 155
23901 155
23902 155
23903 155
23904 155
23905 155
23906 155
23907 155
23908 155
23909 155
23910 155
23911 155
23912 155
23913 155
23914 155
23915 155
23916 155
23917 155
23918 155
23919 155
23920 155
23921 155
23922 155
23923 155
23924 155
23925 155
23926 155
23927 155
23928 155
23929 155
23930 155
23931 155
23932 155
23933 155
23934 155
23935 155
23936 155
23937 155
23938 155
23939 155
23940 155
23941 155
23942 155
23943 155
23944 155
23945 155
23946 155
23947 155
23948 155
23949 155
23950 155
23951 155
23952 155
23953 155
23954 155
23955 155
23956 155
23957 155
23958 155
23959 155
23960 155
23961 155
23962 155
23963 155
23964 155
23965 155
23966 155
23967 155
23968 155
23969 155
23970 155
23971 155
23972 155
23973 155
23974 155
23975 155
23976 155
23977 155
23978 155
23979 155
23980 155
23981 155
23982 155
23983 155
23984 155
23985 155
23986 155
23987 155
23988 155
23989 155
23990 155
23991 155
23992 155
23993 155
23994 155
23995 155
23996 155
23997 155
23998 155
23999 155
24000 155
24001 155
24002 155
24003 155
24004 155
24005 155
24006 155
24007 155
24008 155
24009 155
24010 155
24011 155
24012 155
24013 155
24014 155
24015 155
24016 155
24017 155
24018 155
24019 155
24020 155
24021 155
24022 155
24023 155
24024 155
24025 155
24026 155
24027 155
24028 155
24029 155
24030 155
24031 155
24032 155
24033 155
24034 155
24035 155
24036 155
24037 155
24038 155
24039 155
24040 155
24041 155
24042 155
24043 155
24044 155
24045 155
24046 155
24047 155
24048 155
24049 155
24050 155
24051 155
24052 155
24053 155
24054 155
24055 155
24056 155
24057 155
24058 155
24059 155
24060 155
24061 155
24062 155
24063 155
24064 155
24065 155
24066 155
24067 155
24068 155
24069 155
24070 155
24071 155
24072 155
24073 155
24074 155
24075 155
24076 155
24077 155
24078 155
24079 155
24080 155
24081 155
24082 155
24083 155
24084 155
24085 155
24086 155
24087 155
24088 155
24089 155
24090 155
24091 155
24092 155
24093 155
24094 155
24095 155
24096 155
24097 155
24098 155
24099 155
24100 155
24101 155
24102 155
24103 155
24104 155
24105 155
24106 155
24107 155
24108 155
24109 155
24110 155
24111 155
24112 155
24113 155
24114 155
24115 155
24116 155
24117 155
24118 155
24119 155
24120 155
24121 155
24122 155
24123 155
24124 155
24125 155
24126 155
24127 155
24128 155
24129 155
24130 155
24131 155
24132 155
24133 155
24134 155
24135 155
24136 155
24137 155
24138 155
24139 155
24140 155
24141 155
24142 155
24143 155
24144 155
24145 155
24146 155
24147 155
24148 155
24149 155
24150 155
24151 155
24152 155
24153 155
24154 155
24155 155
24156 155
24157 155
24158 155
24159 155
24160 155
24161 155
24162 155
24163 155
24164 155
24165 155
24166 155
24167 155
24168 155
24169 155
24170 155
24171 155
24172 155
24173 155
24174 155
24175 155
24176 155
24177 155
24178 155
24179 155
24180 155
24181 156
24182 156
24183 156
24184 156
24185 156
24186 156
24187 156
24188 156
24189 156
24190 156
24191 156
24192 156
24193 156
24194 156
24195 156
24196 156
24197 156
24198 156
24199 156
24200 156
24201 156
24202 156
24203 156
24204 156
24205 156
24206 156
24207 156
24208 156
24209 156
24210 156
24211 156
24212 156
24213 156
24214 156
24215 156
24216 156
24217 156
24218 156
24219 156
24220 156
24221 156
24222 156
24223 156
24224 156
24225 156
24226 156
24227 156
24228 156
24229 156
24230 156
24231 156
24232 156
24233 156
24234 156
24235 156
24236 156
24237 156
24238 156
24239 156
24240 156
24241 156
24242 156
24243 156
24244 156
24245 156
24246 156
24247 156
24248 156
24249 156
24250 156
24251 156
24252 156
24253 156
24254 156
24255 156
24256 156
24257 156
24258 156
24259 156
24260 156
24261 156
24262 156
24263 156
24264 156
24265 156
24266 156
24267 156
24268 156
24269 156
24270 156
24271 156
24272 156
24273 156
24274 156
24275 156
24276 156
24277 156
24278 156
24279 156
24280 156
24281 156
24282 156
24283 156
24284 156
24285 156
24286 156
24287 156
24288 156
24289 156
24290 156
24291 156
24292 156
24293 156
24294 156
24295 156
24296 156
24297 156
24298 156
24299 156
24300 156
24301 156
24302 156
24303 156
24304 156
24305 156
24306 156
24307 156
24308 156
24309 156
24310 156
24311 156
24312 156
24313 156
24314 156
24315 156
24316 156
24317 156
24318 156
24319 156
24320 156
24321 156
24322 156
24323 156
24324 156
24325 156
24326 156
24327 156
24328 156
24329 156
24330 156
24331 156
24332 156
24333 156
24334 156
24335 156
24336 156
24337 156
24338 156
24339 156
24340 156
24341 156
24342 156
24343 156
24344 156
24345 156
24346 156
24347 156
24348 156
24349 156
24350 156
24351 156
24352 156
24353 156
24354 156
24355 156
24356 156
24357 156
24358 156
24359 156
24360 156
24361 156
24362 156
24363 156
24364 156
24365 156
24366 156
24367 156
24368 156
24369 156
24370 156
24371 156
24372 156
24373 156
24374 156
24375 156
24376 156
24377 156
24378 156
24379 156
24380 156
24381 156
24382 156
24383 156
24384 156
24385 156
24386 156
24387 156
24388 156
24389 156
24390 156
24391 156
24392 156
24393 156
24394 156
24395 156
24396 156
24397 156
24398 156
24399 156
24400 156
24401 156
24402 156
24403 156
24404 156
24405 156
24406 156
24407 156
24408 156
24409 156
24410 156
24411 156
24412 156
24413 156
24414 156
24415 156
24416 156
24417 156
24418 156
24419 156
24420 156
24421 156
24422 156
24423 156
24424 156
24425 156
24426 156
24427 156
24428 156
24429 156
24430 156
24431 156
24432 156
24433 156
24434 156
24435 156
24436 156
24437 156
24438 156
24439 156
24440 156
24441 156
24442 156
24443 156
24444 156
24445 156
24446 156
24447 156
24448 156
24449 156
24450 156
24451 156
24452 156
24453 156
24454 156
24455 156
24456 156
24457 156
24458 156
24459 156
24460 156
24461 156
24462 156
24463 156
24464 156
24465 156
24466 156
24467 156
24468 156
24469 156
24470 156
24471 156
24472 156
24473 156
24474 156
24475 156
24476 156
24477 156
24478 156
24479 156
24480 156
24481 156
24482 156
24483 156
24484 156
24485 156
24486 156
24487 156
24488 156
24489 156
24490 156
24491 156
24492 156
24493 157
24494 157
24495 157
24496 157
24497 157
24498 157
24499 157
24500 157
24501 157
24502 157
24503 157
24504 157
24505 157
24506 157
24507 157
24508 157
24509 157
24510 157
24511 157
24512 157
24513 157
24514 157
24515 157
24516 157
24517 157
24518 157
24519 157
24520 157
24521 157
24522 157
24523 157
24524 157
24525 157
24526 157
24527 157
24528 157
24529 157
24530 157
24531 157
24532 157
24533 157
24534 157
24535 157
24536 157
24537 157
24538 157
24539 157
24540 157
24541 157
24542 157
24543 157
24544 157
24545 157
24546 157
24547 157
24548 157
24549 157
24550 157
24551 157
24552 157
24553 157
24554 157
24555 157
24556 157
24557 157
24558 157
24559 157
24560 157
24561 157
24562 157
24563 157
24564 157
24565 157
24566 157
24567 157
24568 157
24569 157
24570 157
24571 157
24572 157
24573 157
24574 157
24575 157
24576 157
24577 157
24578 157
24579 157
24580 157
24581 157
24582 157
24583 157
24584 157
24585 157
24586 157
24587 157
24588 157
24589 157
24590 157
24591 157
24592 157
24593 157
24594 157
24595 157
24596 157
24597 157
24598 157
24599 157
24600 157
24601 157
24602 157
24603 157
24604 157
24605 157
24606 157
24607 157
24608 157
24609 157
24610 157
24611 157
24612 157
24613 157
24614 157
24615 157
24616 157
24617 157
24618 157
24619 157
24620 157
24621 157
24622 157
24623 157
24624 157
24625 157
24626 157
24627 157
24628 157
24629 157
24630 157
24631 157
24632 157
24633 157
24634 157
24635 157
24636 157
24637 157
24638 157
24639 157
24640 157
24641 157
24642 157
24643 157
24644 157
24645 157
24646 157
24647 157
24648 157
24649 157
24650 157
24651 157
24652 157
24653 157
24654 157
24655 157
24656 157
24657 157
24658 157
24659 157
24660 157
24661 157
24662 157
24663 157
24664 157
24665 157
24666 157
24667 157
24668 157
24669 157
24670 157
24671 157
24672 157
24673 157
24674 157
24675 157
24676 157
24677 157
24678 157
24679 157
24680 157
24681 157
24682 157
24683 157
24684 157
24685 157
24686 157
24687 157
24688 157
24689 157
24690 157
24691 157
24692 157
24693 157
24694 157
24695 157
24696 157
24697 157
24698 157
24699 157
24700 157
24701 157
24702 157
24703 157
24704 157
24705 157
24706 157
24707 157
24708 157
24709 157
24710 157
24711 157
24712 157
24713 157
24714 157
24715 157
24716 157
24717 157
24718 157
24719 157
24720 157
24721 157
24722 157
24723 157
24724 157
24725 157
24726 157
24727 157
24728 157
24729 157
24730 157
24731 157
24732 157
24733 157
24734 157
24735 157
24736 157
24737 157
24738 157
24739 157
24740 157
24741 157
24742 157
24743 157
24744 157
24745 157
24746 157
24747 157
24748 157
24749 157
24750 157
24751 157
24752 157
24753 157
24754 157
24755 157
24756 157
24757 157
24758 157
24759 157
24760 157
24761 157
24762 157
24763 157
24764 157
24765 157
24766 157
24767 157
24768 157
24769 157
24770 157
24771 157
24772 157
24773 157
24774 157
24775 157
24776 157
24777 157
24778 157
24779 157
24780 157
24781 157
24782 157
24783 157
24784 157
24785 157
24786 157
24787 157
24788 157
24789 157
24790 157
24791 157
24792 157
24793 157
24794 157
24795 157
24796 157
24797 157
24798 157
24799 157
24800 157
24801 157
24802 157
24803 157
24804 157
24805 157
24806 157
24807 158
24808 158
24809 158
24810 158
24811 158
24812 158
24813 158
24814 158
24815 158
24816 158
24817 158
24818 158
24819 158
24820 158
24821 158
24822 158
24823 158
24824 158
24825 158
24826 158
24827 158
24828 158
24829 158
24830 158
24831 158
24832 158
24833 158
24834 158
24835 158
24836 158
24837 158
24838 158
24839 158
24840 158
24841 158
24842 158
24843 158
24844 158
24845 158
24846 158
24847 158
24848 158
24849 158
24850 158
24851 158
24852 158
24853 158
24854 158
24855 158
24856 158
24857 158
24858 158
24859 158
24860 158
24861 158
24862 158
24863 158
24864 158
24865 158
24866 158
24867 158
24868 158
24869 158
24870 158
24871 158
24872 158
24873 158
24874 158
24875 158
24876 158
24877 158
24878 158
24879 158
24880 158
24881 158
24882 158
24883 158
24884 158
24885 158
24886 158
24887 158
24888 158
24889 158
24890 158
24891 158
24892 158
24893 158
24894 158
24895 158
24896 158
24897 158
24898 158
24899 158
24900 158
24901 158
24902 158
24903 158
24904 158
24905 158
24906 158
24907 158
24908 158
24909 158
24910 158
24911 158
24912 158
24913 158
24914 158
24915 158
24916 158
24917 158
24918 158
24919 158
24920 158
24921 158
24922 158
24923 158
24924 158
24925 158
24926 158
24927 158
24928 158
24929 158
24930 158
24931 158
24932 158
24933 158
24934 158
24935 158
24936 158
24937 158
24938 158
24939 158
24940 158
24941 158
24942 158
24943 158
24944 158
24945 158
24946 158
24947 158
24948 158
24949 158
24950 158
24951 158
24952 158
24953 158
24954 158
24955 158
24956 158
24957 158
24958 158
24959 158
24960 158
24961 158
24962 158
24963 158
24964 158
24965 158
24966 158
24967 158
24968 158
24969 158
24970 158
24971 158
24972 158
24973 158
24974 158
24975 158
24976 158
24977 158
24978 158
24979 158
24980 158
24981 158
24982 158
24983 158
24984 158
24985 158
24986 158
24987 158
24988 158
24989 158
24990 158
24991 158
24992 158
24993 158
24994 158
24995 158
24996 158
24997 158
24998 158
24999 158
25000 158
25001 158
25002 158
25003 158
25004 158
25005 158
25006 158
25007 158
25008 158
25009 158
25010 158
25011 158
25012 158
25013 158
25014 158
25015 158
25016 158
25017 158
25018 158
25019 158
25020 158
25021 158
25022 158
25023 158
25024 158
25025 158
25026 158
25027 158
25028 158
25029 158
25030 158
25031 158
25032 158
25033 158
25034 158
25035 158
25036 158
25037 158
25038 158
25039 158
25040 158
25041 158
25042 158
25043 158
25044 158
25045 158
25046 158
25047 158
25048 158
25049 158
25050 158
25051 158
25052 158
25053 158
25054 158
25055 158
25056 158
25057 158
25058 158
25059 158
25060 158
25061 158
25062 158
25063 158
25064 158
25065 158
25066 158
25067 158
25068 158
25069 158
25070 158
25071 158
25072 158
25073 158
25074 158
25075 158
25076 158
25077 158
25078 158
25079 158
25080 158
25081 158
25082 158
25083 158
25084 158
25085 158
25086 158
25087 158
25088 158
25089 158
25090 158
25091 158
25092 158
25093 158
25094 158
25095 158
25096 158
25097 158
25098 158
25099 158
25100 158
25101 158
25102 158
25103 158
25104 158
25105 158
25106 158
25107 158
25108 158
25109 158
25110 158
25111 158
25112 158
25113 158
25114 158
25115 158
25116 158
25117 158
25118 158
25119 158
25120 158
25121 158
25122 158
25123 159
25124 159
25125 159
25126 159
25127 159
25128 159
25129 159
25130 159
25131 159
25132 159
25133 159
25134 159
25135 159
25136 159
25137 159
25138 159
25139 159
25140 159
25141 159
25142 159
25143 159
25144 159
25145 159
25146 159
25147 159
25148 159
25149 159
25150 159
25151 159
25152 159
25153 159
25154 159
25155 159
25156 159
25157 159
25158 159
25159 159
25160 159
25161 159
25162 159
25163 159
25164 159
25165 159
25166 159
25167 159
25168 159
25169 159
25170 159
25171 159
25172 159
25173 159
25174 159
25175 159
25176 159
25177 159
25178 159
25179 159
25180 159
25181 159
25182 159
25183 159
25184 159
25185 159
25186 159
25187 159
25188 159
25189 159
25190 159
25191 159
25192 159
25193 159
25194 159
25195 159
25196 159
25197 159
25198 159
25199 159
25200 159
25201 159
25202 159
25203 159
25204 159
25205 159
25206 159
25207 159
25208 159
25209 159
25210 159
25211 159
25212 159
25213 159
25214 159
25215 159
25216 159
25217 159
25218 159
25219 159
25220 159
25221 159
25222 159
25223 159
25224 159
25225 159
25226 159
25227 159
25228 159
25229 159
25230 159
25231 159
25232 159
25233 159
25234 159
25235 159
25236 159
25237 159
25238 159
25239 159
25240 159
25241 159
25242 159
25243 159
25244 159
25245 159
25246 159
25247 159
25248 159
25249 159
25250 159
25251 159
25252 159
25253 159
25254 159
25255 159
25256 159
25257 159
25258 159
25259 159
25260 159
25261 159
25262 159
25263 159
25264 159
25265 159
25266 159
25267 159
25268 159
25269 159
25270 159
25271 159
25272 159
25273 159
25274 159
25275 159
25276 159
25277 159
25278 159
25279 159
25280 159
25281 159
25282 159
25283 159
25284 159
25285 159
25286 159
25287 159
25288 159
25289 159
25290 159
25291 159
25292 159
25293 159
25294 159
25295 159
25296 159
25297 159
25298 159
25299 159
25300 159
25301 159
25302 159
25303 159
25304 159
25305 159
25306 159
25307 159
25308 159
25309 159
25310 159
25311 159
25312 159
25313 159
25314 159
25315 159
25316 159
25317 159
25318 159
25319 159
25320 159
25321 159
25322 159
25323 159
25324 159
25325 159
25326 159
25327 159
25328 159
25329 159
25330 159
25331 159
25332 159
25333 159
25334 159
25335 159
25336 159
25337 159
25338 159
25339 159
25340 159
25341 159
25342 159
25343 159
25344 159
25345 159
25346 159
25347 159
25348 159
25349 159
25350 159
25351 159
25352 159
25353 159
25354 159
25355 159
25356 159
25357 159
25358 159
25359 159
25360 159
25361 159
25362 159
25363 159
25364 159
25365 159
25366 159
25367 159
25368 159
25369 159
25370 159
25371 159
25372 159
25373 159
25374 159
25375 159
25376 159
25377 159
25378 159
25379 159
25380 159
25381 159
25382 159
25383 159
25384 159
25385 159
25386 159
25387 159
25388 159
25389 159
25390 159
25391 159
25392 159
25393 159
25394 159
25395 159
25396 159
25397 159
25398 159
25399 159
25400 159
25401 159
25402 159
25403 159
25404 159
25405 159
25406 159
25407 159
25408 159
25409 159
25410 159
25411 159
25412 159
25413 159
25414 159
25415 159
25416 159
25417 159
25418 159
25419 159
25420 159
25421 159
25422 159
25423 159
25424 159
25425 159
25426 159
25427 159
25428 159
25429 159
25430 159
25431 159
25432 159
25433 159
25434 159
25435 159
25436 159
25437 159
25438 159
25439 159
25440 159
25441 160
25442 160
25443 160
25444 160
25445 160
25446 160
25447 160
25448 160
25449 160
25450 160
25451 160
25452 160
25453 160
25454 160
25455 160
25456 160
25457 160
25458 160
25459 160
25460 160
25461 160
25462 160
25463 160
25464 160
25465 160
25466 160
25467 160
25468 160
25469 160
25470 160
25471 160
25472 160
25473 160
25474 160
25475 160
25476 160
25477 160
25478 160
25479 160
25480 160
25481 160
25482 160
25483 160
25484 160
25485 160
25486 160
25487 160
25488 160
25489 160
25490 160
25491 160
25492 160
25493 160
25494 160
25495 160
25496 160
25497 160
25498 160
25499 160
25500 160
25501 160
25502 160
25503 160
25504 160
25505 160
25506 160
25507 160
25508 160
25509 160
25510 160
25511 160
25512 160
25513 160
25514 160
25515 160
25516 160
25517 160
25518 160
25519 160
25520 160
25521 160
25522 160
25523 160
25524 160
25525 160
25526 160
25527 160
25528 160
25529 160
25530 160
25531 160
25532 160
25533 160
25534 160
25535 160
25536 160
25537 160
25538 160
25539 160
25540 160
25541 160
25542 160
25543 160
25544 160
25545 160
25546 160
25547 160
25548 160
25549 160
25550 160
25551 160
25552 160
25553 160
25554 160
25555 160
25556 160
25557 160
25558 160
25559 160
25560 160
25561 160
25562 160
25563 160
25564 160
25565 160
25566 160
25567 160
25568 160
25569 160
25570 160
25571 160
25572 160
25573 160
25574 160
25575 160
25576 160
25577 160
25578 160
25579 160
25580 160
25581 160
25582 160
25583 160
25584 160
25585 160
25586 160
25587 160
25588 160
25589 160
25590 160
25591 160
25592 160
25593 160
25594 160
25595 160
25596 160
25597 160
25598 160
25599 160
25600 160
25601 160
25602 160
25603 160
25604 160
25605 160
25606 160
25607 160
25608 160
25609 160
25610 160
25611 160
25612 160
25613 160
25614 160
25615 160
25616 160
25617 160
25618 160
25619 160
25620 160
25621 160
25622 160
25623 160
25624 160
25625 160
25626 160
25627 160
25628 160
25629 160
25630 160
25631 160
25632 160
25633 160
25634 160
25635 160
25636 160
25637 160
25638 160
25639 160
25640 160
25641 160
25642 160
25643 160
25644 160
25645 160
25646 160
25647 160
25648 160
25649 160
25650 160
25651 160
25652 160
25653 160
25654 160
25655 160
25656 160
25657 160
25658 160
25659 160
25660 160
25661 160
25662 160
25663 160
25664 160
25665 160
25666 160
25667 160
25668 160
25669 160
25670 160
25671 160
25672 160
25673 160
25674 160
25675 160
25676 160
25677 160
25678 160
25679 160
25680 160
25681 160
25682 160
25683 160
25684 160
25685 160
25686 160
25687 160
25688 160
25689 160
25690 160
25691 160
25692 160
25693 160
25694 160
25695 160
25696 160
25697 160
25698 160
25699 160
25700 160
25701 160
25702 160
25703 160
25704 160
25705 160
25706 160
25707 160
25708 160
25709 160
25710 160
25711 160
25712 160
25713 160
25714 160
25715 160
25716 160
25717 160
25718 160
25719 160
25720 160
25721 160
25722 160
25723 160
25724 160
25725 160
25726 160
25727 160
25728 160
25729 160
25730 160
25731 160
25732 160
25733 160
25734 160
25735 160
25736 160
25737 160
25738 160
25739 160
25740 160
25741 160
25742 160
25743 160
25744 160
25745 160
25746 160
25747 160
25748 160
25749 160
25750 160
25751 160
25752 160
25753 160
25754 160
25755 160
25756 160
25757 160
25758 160
25759 160
25760 160
25761 161
25762 161
25763 161
25764 161
25765 161
25766 161
25767 161
25768 161
25769 161
25770 161
25771 161
25772 161
25773 161
25774 161
25775 161
25776 161
25777 161
25778 161
25779 161
25780 161
25781 161
25782 161
25783 161
25784 161
25785 161
25786 161
25787 161
25788 161
25789 161
25790 161
25791 161
25792 161
25793 161
25794 161
25795 161
25796 161
25797 161
25798 161
25799 161
25800 161
25801 161
25802 161
25803 161
25804 161
25805 161
25806 161
25807 161
25808 161
25809 161
25810 161
25811 161
25812 161
25813 161
25814 161
25815 161
25816 161
25817 161
25818 161
25819 161
25820 161
25821 161
25822 161
25823 161
25824 161
25825 161
25826 161
25827 161
25828 161
25829 161
25830 161
25831 161
25832 161
25833 161
25834 161
25835 161
25836 161
25837 161
25838 161
25839 161
25840 161
25841 161
25842 161
25843 161
25844 161
25845 161
25846 161
25847 161
25848 161
25849 161
25850 161
25851 161
25852 161
25853 161
25854 161
25855 161
25856 161
25857 161
25858 161
25859 161
25860 161
25861 161
25862 161
25863 161
25864 161
25865 161
25866 161
25867 161
25868 161
25869 161
25870 161
25871 161
25872 161
25873 161
25874 161
25875 161
25876 161
25877 161
25878 161
25879 161
25880 161
25881 161
25882 161
25883 161
25884 161
25885 161
25886 161
25887 161
25888 161
25889 161
25890 161
25891 161
25892 161
25893 161
25894 161
25895 161
25896 161
25897 161
25898 161
25899 161
25900 161
25901 161
25902 161
25903 161
25904 161
25905 161
25906 161
25907 161
25908 161
25909 161
25910 161
25911 161
25912 161
25913 161
25914 161
25915 161
25916 161
25917 161
25918 161
25919 161
25920 161
25921 161
25922 161
25923 161
25924 161
25925 161
25926 161
25927 161
25928 161
25929 161
25930 161
25931 161
25932 161
25933 161
25934 161
25935 161
25936 161
25937 161
25938 161
25939 161
25940 161
25941 161
25942 161
25943 161
25944 161
25945 161
25946 161
25947 161
25948 161
25949 161
25950 161
25951 161
25952 161
25953 161
25954 161
25955 161
25956 161
25957 161
25958 161
25959 161
25960 161
25961 161
25962 161
25963 161
25964 161
25965 161
25966 161
25967 161
25968 161
25969 161
25970 161
25971 161
25972 161
25973 161
25974 161
25975 161
25976 161
25977 161
25978 161
25979 161
25980 161
25981 161
25982 161
25983 161
25984 161
25985 161
25986 161
25987 161
25988 161
25989 161
25990 161
25991 161
25992 161
25993 161
25994 161
25995 161
25996 161
25997 161
25998 161
25999 161
26000 161
26001 161
26002 161
26003 161
26004 161
26005 161
26006 161
26007 161
26008 161
26009 161
26010 161
26011 161
26012 161
26013 161
26014 161
26015 161
26016 161
26017 161
26018 161
26019 161
26020 161
26021 161
26022 161
26023 161
26024 161
26025 161
26026 161
26027 161
26028 161
26029 161
26030 161
26031 161
26032 161
26033 161
26034 161
26035 161
26036 161
26037 161
26038 161
26039 161
26040 161
26041 161
26042 161
26043 161
26044 161
26045 161
26046 161
26047 161
26048 161
26049 161
26050 161
26051 161
26052 161
26053 161
26054 161
26055 161
26056 161
26057 161
26058 161
26059 161
26060 161
26061 161
26062 161
26063 161
26064 161
26065 161
26066 161
26067 161
26068 161
26069 161
26070 161
26071 161
26072 161
26073 161
26074 161
26075 161
26076 161
26077 161
26078 161
26079 161
26080 161
26081 161
26082 161
26083 162
26084 162
26085 162
26086 162
26087 162
26088 162
26089 162
26090 162
26091 162
26092 162
26093 162
26094 162
26095 162
26096 162
26097 162
26098 162
26099 162
26100 162
26101 162
26102 162
26103 162
26104 162
26105 162
26106 162
26107 162
26108 162
26109 162
26110 162
26111 162
26112 162
26113 162
26114 162
26115 162
26116 162
26117 162
26118 162
26119 162
26120 162
26121 162
26122 162
26123 162
26124 162
26125 162
26126 162
26127 162
26128 162
26129 162
26130 162
26131 162
26132 162
26133 162
26134 162
26135 162
26136 162
26137 162
26138 162
26139 162
26140 162
26141 162
26142 162
26143 162
26144 162
26145 162
26146 162
26147 162
26148 162
26149 162
26150 162
26151 162
26152 162
26153 162
26154 162
26155 162
26156 162
26157 162
26158 162
26159 162
26160 162
26161 162
26162 162
26163 162
26164 162
26165 162
26166 162
26167 162
26168 162
26169 162
26170 162
26171 162
26172 162
26173 162
26174 162
26175 162
26176 162
26177 162
26178 162
26179 162
26180 162
26181 162
26182 162
26183 162
26184 162
26185 162
26186 162
26187 162
26188 162
26189 162
26190 162
26191 162
26192 162
26193 162
26194 162
26195 162
26196 162
26197 162
26198 162
26199 162
26200 162
26201 162
26202 162
26203 162
26204 162
26205 162
26206 162
26207 162
26208 162
26209 162
26210 162
26211 162
26212 162
26213 162
26214 162
26215 162
26216 162
26217 162
26218 162
26219 162
26220 162
26221 162
26222 162
26223 162
26224 162
26225 162
26226 162
26227 162
26228 162
26229 162
26230 162
26231 162
26232 162
26233 162
26234 162
26235 162
26236 162
26237 162
26238 162
26239 162
26240 162
26241 162
26242 162
26243 162
26244 162
26245 162
26246 162
26247 162
26248 162
26249 162
26250 162
26251 162
26252 162
26253 162
26254 162
26255 162
26256 162
26257 162
26258 162
26259 162
26260 162
26261 162
26262 162
26263 162
26264 162
26265 162
26266 162
26267 162
26268 162
26269 162
26270 162
26271 162
26272 162
26273 162
26274 162
26275 162
26276 162
26277 162
26278 162
26279 162
26280 162
26281 162
26282 162
26283 162
26284 162
26285 162
26286 162
26287 162
26288 162
26289 162
26290 162
26291 162
26292 162
26293 162
26294 162
26295 162
26296 162
26297 162
26298 162
26299 162
26300 162
26301 162
26302 162
26303 162
26304 162
26305 162
26306 162
26307 162
26308 162
26309 162
26310 162
26311 162
26312 162
26313 162
26314 162
26315 162
26316 162
26317 162
26318 162
26319 162
26320 162
26321 162
26322 162
26323 162
26324 162
26325 162
26326 162
26327 162
26328 162
26329 162
26330 162
26331 162
26332 162
26333 162
26334 162
26335 162
26336 162
26337 162
26338 162
26339 162
26340 162
26341 162
26342 162
26343 162
26344 162
26345 162
26346 162
26347 162
26348 162
26349 162
26350 162
26351 162
26352 162
26353 162
26354 162
26355 162
26356 162
26357 162
26358 162
26359 162
26360 162
26361 162
26362 162
26363 162
26364 162
26365 162
26366 162
26367 162
26368 162
26369 162
26370 162
26371 162
26372 162
26373 162
26374 162
26375 162
26376 162
26377 162
26378 162
26379 162
26380 162
26381 162
26382 162
26383 162
26384 162
26385 162
26386 162
26387 162
26388 162
26389 162
26390 162
26391 162
26392 162
26393 162
26394 162
26395 162
26396 162
26397 162
26398 162
26399 162
26400 162
26401 162
26402 162
26403 162
26404 162
26405 162
26406 162
26407 163
26408 163
26409 163
26410 163
26411 163
26412 163
26413 163
26414 163
26415 163
26416 163
26417 163
26418 163
26419 163
26420 163
26421 163
26422 163
26423 163
26424 163
26425 163
26426 163
26427 163
26428 163
26429 163
26430 163
26431 163
26432 163
26433 163
26434 163
26435 163
26436 163
26437 163
26438 163
26439 163
26440 163
26441 163
26442 163
26443 163
26444 163
26445 163
26446 163
26447 163
26448 163
26449 163
26450 163
26451 163
26452 163
26453 163
26454 163
26455 163
26456 163
26457 163
26458 163
26459 163
26460 163
26461 163
26462 163
26463 163
26464 163
26465 163
26466 163
26467 163
26468 163
26469 163
26470 163
26471 163
26472 163
26473 163
26474 163
26475 163
26476 163
26477 163
26478 163
26479 163
26480 163
26481 163
26482 163
26483 163
26484 163
26485 163
26486 163
26487 163
26488 163
26489 163
26490 163
26491 163
26492 163
26493 163
26494 163
26495 163
26496 163
26497 163
26498 163
26499 163
26500 163
26501 163
26502 163
26503 163
26504 163
26505 163
26506 163
26507 163
26508 163
26509 163
26510 163
26511 163
26512 163
26513 163
26514 163
26515 163
26516 163
26517 163
26518 163
26519 163
26520 163
26521 163
26522 163
26523 163
26524 163
26525 163
26526 163
26527 163
26528 163
26529 163
26530 163
26531 163
26532 163
26533 163
26534 163
26535 163
26536 163
26537 163
26538 163
26539 163
26540 163
26541 163
26542 163
26543 163
26544 163
26545 163
26546 163
26547 163
26548 163
26549 163
26550 163
26551 163
26552 163
26553 163
26554 163
26555 163
26556 163
26557 163
26558 163
26559 163
26560 163
26561 163
26562 163
26563 163
26564 163
26565 163
26566 163
26567 163
26568 163
26569 163
26570 163
26571 163
26572 163
26573 163
26574 163
26575 163
26576 163
26577 163
26578 163
26579 163
26580 163
26581 163
26582 163
26583 163
26584 163
26585 163
26586 163
26587 163
26588 163
26589 163
26590 163
26591 163
26592 163
26593 163
26594 163
26595 163
26596 163
26597 163
26598 163
26599 163
26600 163
26601 163
26602 163
26603 163
26604 163
26605 163
26606 163
26607 163
26608 163
26609 163
26610 163
26611 163
26612 163
26613 163
26614 163
26615 163
26616 163
26617 163
26618 163
26619 163
26620 163
26621 163
26622 163
26623 163
26624 163
26625 163
26626 163
26627 163
26628 163
26629 163
26630 163
26631 163
26632 163
26633 163
26634 163
26635 163
26636 163
26637 163
26638 163
26639 163
26640 163
26641 163
26642 163
26643 163
26644 163
26645 163
26646 163
26647 163
26648 163
26649 163
26650 163
26651 163
26652 163
26653 163
26654 163
26655 163
26656 163
26657 163
26658 163
26659 163
26660 163
26661 163
26662 163
26663 163
26664 163
26665 163
26666 163
26667 163
26668 163
26669 163
26670 163
26671 163
26672 163
26673 163
26674 163
26675 163
26676 163
26677 163
26678 163
26679 163
26680 163
26681 163
26682 163
26683 163
26684 163
26685 163
26686 163
26687 163
26688 163
26689 163
26690 163
26691 163
26692 163
26693 163
26694 163
26695 163
26696 163
26697 163
26698 163
26699 163
26700 163
26701 163
26702 163
26703 163
26704 163
26705 163
26706 163
26707 163
26708 163
26709 163
26710 163
26711 163
26712 163
26713 163
26714 163
26715 163
26716 163
26717 163
26718 163
26719 163
26720 163
26721 163
26722 163
26723 163
26724 163
26725 163
26726 163
26727 163
26728 163
26729 163
26730 163
26731 163
26732 163
26733 164
26734 164
26735 164
26736 164
26737 164
26738 164
26739 164
26740 164
26741 164
26742 164
26743 164
26744 164
26745 164
26746 164
26747 164
26748 164
26749 164
26750 164
26751 164
26752 164
26753 164
26754 164
26755 164
26756 164
26757 164
26758 164
26759 164
26760 164
26761 164
26762 164
26763 164
26764 164
26765 164
26766 164
26767 164
26768 164
26769 164
26770 164
26771 164
26772 164
26773 164
26774 164
26775 164
26776 164
26777 164
26778 164
26779 164
26780 164
26781 164
26782 164
26783 164
26784 164
26785 164
26786 164
26787 164
26788 164
26789 164
26790 164
26791 164
26792 164
26793 164
26794 164
26795 164
26796 164
26797 164
26798 164
26799 164
26800 164
26801 164
26802 164
26803 164
26804 164
26805 164
26806 164
26807 164
26808 164
26809 164
26810 164
26811 164
26812 164
26813 164
26814 164
26815 164
26816 164
26817 164
26818 164
26819 164
26820 164
26821 164
26822 164
26823 164
26824 164
26825 164
26826 164
26827 164
26828 164
26829 164
26830 164
26831 164
26832 164
26833 164
26834 164
26835 164
26836 164
26837 164
26838 164
26839 164
26840 164
26841 164
26842 164
26843 164
26844 164
26845 164
26846 164
26847 164
26848 164
26849 164
26850 164
26851 164
26852 164
26853 164
26854 164
26855 164
26856 164
26857 164
26858 164
26859 164
26860 164
26861 164
26862 164
26863 164
26864 164
26865 164
26866 164
26867 164
26868 164
26869 164
26870 164
26871 164
26872 164
26873 164
26874 164
26875 164
26876 164
26877 164
26878 164
26879 164
26880 164
26881 164
26882 164
26883 164
26884 164
26885 164
26886 164
26887 164
26888 164
26889 164
26890 164
26891 164
26892 164
26893 164
26894 164
26895 164
26896 164
26897 164
26898 164
26899 164
26900 164
26901 164
26902 164
26903 164
26904 164
26905 164
26906 164
26907 164
26908 164
26909 164
26910 164
26911 164
26912 164
26913 164
26914 164
26915 164
26916 164
26917 164
26918 164
26919 164
26920 164
26921 164
26922 164
26923 164
26924 164
26925 164
26926 164
26927 164
26928 164
26929 164
26930 164
26931 164
26932 164
26933 164
26934 164
26935 164
26936 164
26937 164
26938 164
26939 164
26940 164
26941 164
26942 164
26943 164
26944 164
26945 164
26946 164
26947 164
26948 164
26949 164
26950 164
26951 164
26952 164
26953 164
26954 164
26955 164
26956 164
26957 164
26958 164
26959 164
26960 164
26961 164
26962 164
26963 164
26964 164
26965 164
26966 164
26967 164
26968 164
26969 164
26970 164
26971 164
26972 164
26973 164
26974 164
26975 164
26976 164
26977 164
26978 164
26979 164
26980 164
26981 164
26982 164
26983 164
26984 164
26985 164
26986 164
26987 164
26988 164
26989 164
26990 164
26991 164
26992 164
26993 164
26994 164
26995 164
26996 164
26997 164
26998 164
26999 164
27000 164
27001 164
27002 164
27003 164
27004 164
27005 164
27006 164
27007 164
27008 164
27009 164
27010 164
27011 164
27012 164
27013 164
27014 164
27015 164
27016 164
27017 164
27018 164
27019 164
27020 164
27021 164
27022 164
27023 164
27024 164
27025 164
27026 164
27027 164
27028 164
27029 164
27030 164
27031 164
27032 164
27033 164
27034 164
27035 164
27036 164
27037 164
27038 164
27039 164
27040 164
27041 164
27042 164
27043 164
27044 164
27045 164
27046 164
27047 164
27048 164
27049 164
27050 164
27051 164
27052 164
27053 164
27054 164
27055 164
27056 164
27057 164
27058 164
27059 164
27060 164
27061 165
27062 165
27063 165
27064 165
27065 165
27066 165
27067 165
27068 165
27069 165
27070 165
27071 165
27072 165
27073 165
27074 165
27075 165
27076 165
27077 165
27078 165
27079 165
27080 165
27081 165
27082 165
27083 165
27084 165
27085 165
27086 165
27087 165
27088 165
27089 165
27090 165
27091 165
27092 165
27093 165
27094 165
27095 165
27096 165
27097 165
27098 165
27099 165
27100 165
27101 165
27102 165
27103 165
27104 165
27105 165
27106 165
27107 165
27108 165
27109 165
27110 165
27111 165
27112 165
27113 165
27114 165
27115 165
27116 165
27117 165
27118 165
27119 165
27120 165
27121 165
27122 165
27123 165
27124 165
27125 165
27126 165
27127 165
27128 165
27129 165
27130 165
27131 165
27132 165
27133 165
27134 165
27135 165
27136 165
27137 165
27138 165
27139 165
27140 165
27141 165
27142 165
27143 165
27144 165
27145 165
27146 165
27147 165
27148 165
27149 165
27150 165
27151 165
27152 165
27153 165
27154 165
27155 165
27156 165
27157 165
27158 165
27159 165
27160 165
27161 165
27162 165
27163 165
27164 165
27165 165
27166 165
27167 165
27168 165
27169 165
27170 165
27171 165
27172 165
27173 165
27174 165
27175 165
27176 165
27177 165
27178 165
27179 165
27180 165
27181 165
27182 165
27183 165
27184 165
27185 165
27186 165
27187 165
27188 165
27189 165
27190 165
27191 165
27192 165
27193 165
27194 165
27195 165
27196 165
27197 165
27198 165
27199 165
27200 165
27201 165
27202 165
27203 165
27204 165
27205 165
27206 165
27207 165
27208 165
27209 165
27210 165
27211 165
27212 165
27213 165
27214 165
27215 165
27216 165
27217 165
27218 165
27219 165
27220 165
27221 165
27222 165
27223 165
27224 165
27225 165
27226 165
27227 165
27228 165
27229 165
27230 165
27231 165
27232 165
27233 165
27234 165
27235 165
27236 165
27237 165
27238 165
27239 165
27240 165
27241 165
27242 165
27243 165
27244 165
27245 165
27246 165
27247 165
27248 165
27249 165
27250 165
27251 165
27252 165
27253 165
27254 165
27255 165
27256 165
27257 165
27258 165
27259 165
27260 165
27261 165
27262 165
27263 165
27264 165
27265 165
27266 165
27267 165
27268 165
27269 165
27270 165
27271 165
27272 165
27273 165
27274 165
27275 165
27276 165
27277 165
27278 165
27279 165
27280 165
27281 165
27282 165
27283 165
27284 165
27285 165
27286 165
27287 165
27288 165
27289 165
27290 165
27291 165
27292 165
27293 165
27294 165
27295 165
27296 165
27297 165
27298 165
27299 165
27300 165
27301 165
27302 165
27303 165
27304 165
27305 165
27306 165
27307 165
27308 165
27309 165
27310 165
27311 165
27312 165
27313 165
27314 165
27315 165
27316 165
27317 165
27318 165
27319 165
27320 165
27321 165
27322 165
27323 165
27324 165
27325 165
27326 165
27327 165
27328 165
27329 165
27330 165
27331 165
27332 165
27333 165
27334 165
27335 165
27336 165
27337 165
27338 165
27339 165
27340 165
27341 165
27342 165
27343 165
27344 165
27345 165
27346 165
27347 165
27348 165
27349 165
27350 165
27351 165
27352 165
27353 165
27354 165
27355 165
27356 165
27357 165
27358 165
27359 165
27360 165
27361 165
27362 165
27363 165
27364 165
27365 165
27366 165
27367 165
27368 165
27369 165
27370 165
27371 165
27372 165
27373 165
27374 165
27375 165
27376 165
27377 165
27378 165
27379 165
27380 165
27381 165
27382 165
27383 165
27384 165
27385 165
27386 165
27387 165
27388 165
27389 165
27390 165
27391 166
27392 166
27393 166
27394 166
27395 166
27396 166
27397 166
27398 166
27399 166
27400 166
27401 166
27402 166
27403 166
27404 166
27405 166
27406 166
27407 166
27408 166
27409 166
27410 166
27411 166
27412 166
27413 166
27414 166
27415 166
27416 166
27417 166
27418 166
27419 166
27420 166
27421 166
27422 166
27423 166
27424 166
27425 166
27426 166
27427 166
27428 166
27429 166
27430 166
27431 166
27432 166
27433 166
27434 166
27435 166
27436 166
27437 166
27438 166
27439 166
27440 166
27441 166
27442 166
27443 166
27444 166
27445 166
27446 166
27447 166
27448 166
27449 166
27450 166
27451 166
27452 166
27453 166
27454 166
27455 166
27456 166
27457 166
27458 166
27459 166
27460 166
27461 166
27462 166
27463 166
27464 166
27465 166
27466 166
27467 166
27468 166
27469 166
27470 166
27471 166
27472 166
27473 166
27474 166
27475 166
27476 166
27477 166
27478 166
27479 166
27480 166
27481 166
27482 166
27483 166
27484 166
27485 166
27486 166
27487 166
27488 166
27489 166
27490 166
27491 166
27492 166
27493 166
27494 166
27495 166
27496 166
27497 166
27498 166
27499 166
27500 166
27501 166
27502 166
27503 166
27504 166
27505 166
27506 166
27507 166
27508 166
27509 166
27510 166
27511 166
27512 166
27513 166
27514 166
27515 166
27516 166
27517 166
27518 166
27519 166
27520 166
27521 166
27522 166
27523 166
27524 166
27525 166
27526 166
27527 166
27528 166
27529 166
27530 166
27531 166
27532 166
27533 166
27534 166
27535 166
27536 166
27537 166
27538 166
27539 166
27540 166
27541 166
27542 166
27543 166
27544 166
27545 166
27546 166
27547 166
27548 166
27549 166
27550 166
27551 166
27552 166
27553 166
27554 166
27555 166
27556 166
27557 166
27558 166
27559 166
27560 166
27561 166
27562 166
27563 166
27564 166
27565 166
27566 166
27567 166
27568 166
27569 166
27570 166
27571 166
27572 166
27573 166
27574 166
27575 166
27576 166
27577 166
27578 166
27579 166
27580 166
27581 166
27582 166
27583 166
27584 166
27585 166
27586 166
27587 166
27588 166
27589 166
27590 166
27591 166
27592 166
27593 166
27594 166
27595 166
27596 166
27597 166
27598 166
27599 166
27600 166
27601 166
27602 166
27603 166
27604 166
27605 166
27606 166
27607 166
27608 166
27609 166
27610 166
27611 166
27612 166
27613 166
27614 166
27615 166
27616 166
27617 166
27618 166
27619 166
27620 166
27621 166
27622 166
27623 166
27624 166
27625 166
27626 166
27627 166
27628 166
27629 166
27630 166
27631 166
27632 166
27633 166
27634 166
27635 166
27636 166
27637 166
27638 166
27639 166
27640 166
27641 166
27642 166
27643 166
27644 166
27645 166
27646 166
27647 166
27648 166
27649 166
27650 166
27651 166
27652 166
27653 166
27654 166
27655 166
27656 166
27657 166
27658 166
27659 166
27660 166
27661 166
27662 166
27663 166
27664 166
27665 166
27666 166
27667 166
27668 166
27669 166
27670 166
27671 166
27672 166
27673 166
27674 166
27675 166
27676 166
27677 166
27678 166
27679 166
27680 166
27681 166
27682 166
27683 166
27684 166
27685 166
27686 166
27687 166
27688 166
27689 166
27690 166
27691 166
27692 166
27693 166
27694 166
27695 166
27696 166
27697 166
27698 166
27699 166
27700 166
27701 166
27702 166
27703 166
27704 166
27705 166
27706 166
27707 166
27708 166
27709 166
27710 166
27711 166
27712 166
27713 166
27714 166
27715 166
27716 166
27717 166
27718 166
27719 166
27720 166
27721 166
27722 166
27723 167
27724 167
27725 167
27726 167
27727 167
27728 167
27729 167
27730 167
27731 167
27732 167
27733 167
27734 167
27735 167
27736 167
27737 167
27738 167
27739 167
27740 167
27741 167
27742 167
27743 167
27744 167
27745 167
27746 167
27747 167
27748 167
27749 167
27750 167
27751 167
27752 167
27753 167
27754 167
27755 167
27756 167
27757 167
27758 167
27759 167
27760 167
27761 167
27762 167
27763 167
27764 167
27765 167
27766 167
27767 167
27768 167
27769 167
27770 167
27771 167
27772 167
27773 167
27774 167
27775 167
27776 167
27777 167
27778 167
27779 167
27780 167
27781 167
27782 167
27783 167
27784 167
27785 167
27786 167
27787 167
27788 167
27789 167
27790 167
27791 167
27792 167
27793 167
27794 167
27795 167
27796 167
27797 167
27798 167
27799 167
27800 167
27801 167
27802 167
27803 167
27804 167
27805 167
27806 167
27807 167
27808 167
27809 167
27810 167
27811 167
27812 167
27813 167
27814 167
27815 167
27816 167
27817 167
27818 167
27819 167
27820 167
27821 167
27822 167
27823 167
27824 167
27825 167
27826 167
27827 167
27828 167
27829 167
27830 167
27831 167
27832 167
27833 167
27834 167
27835 167
27836 167
27837 167
27838 167
27839 167
27840 167
27841 167
27842 167
27843 167
27844 167
27845 167
27846 167
27847 167
27848 167
27849 167
27850 167
27851 167
27852 167
27853 167
27854 167
27855 167
27856 167
27857 167
27858 167
27859 167
27860 167
27861 167
27862 167
27863 167
27864 167
27865 167
27866 167
27867 167
27868 167
27869 167
27870 167
27871 167
27872 167
27873 167
27874 167
27875 167
27876 167
27877 167
27878 167
27879 167
27880 167
27881 167
27882 167
27883 167
27884 167
27885 167
27886 167
27887 167
27888 167
27889 167
27890 167
27891 167
27892 167
27893 167
27894 167
27895 167
27896 167
27897 167
27898 167
27899 167
27900 167
27901 167
27902 167
27903 167
27904 167
27905 167
27906 167
27907 167
27908 167
27909 167
27910 167
27911 167
27912 167
27913 167
27914 167
27915 167
27916 167
27917 167
27918 167
27919 167
27920 167
27921 167
27922 167
27923 167
27924 167
27925 167
27926 167
27927 167
27928 167
27929 167
27930 167
27931 167
27932 167
27933 167
27934 167
27935 167
27936 167
27937 167
27938 167
27939 167
27940 167
27941 167
27942 167
27943 167
27944 167
27945 167
27946 167
27947 167
27948 167
27949 167
27950 167
27951 167
27952 167
27953 167
27954 167
27955 167
27956 167
27957 167
27958 167
27959 167
27960 167
27961 167
27962 167
27963 167
27964 167
27965 167
27966 167
27967 167
27968 167
27969 167
27970 167
27971 167
27972 167
27973 167
27974 167
27975 167
27976 167
27977 167
27978 167
27979 167
27980 167
27981 167
27982 167
27983 167
27984 167
27985 167
27986 167
27987 167
27988 167
27989 167
27990 167
27991 167
27992 167
27993 167
27994 167
27995 167
27996 167
27997 167
27998 167
27999 167
28000 167
28001 167
28002 167
28003 167
28004 167
28005 167
28006 167
28007 167
28008 167
28009 167
28010 167
28011 167
28012 167
28013 167
28014 167
28015 167
28016 167
28017 167
28018 167
28019 167
28020 167
28021 167
28022 167
28023 167
28024 167
28025 167
28026 167
28027 167
28028 167
28029 167
28030 167
28031 167
28032 167
28033 167
28034 167
28035 167
28036 167
28037 167
28038 167
28039 167
28040 167
28041 167
28042 167
28043 167
28044 167
28045 167
28046 167
28047 167
28048 167
28049 167
28050 167
28051 167
28052 167
28053 167
28054 167
28055 167
28056 167
28057 168
28058 168
28059 168
28060 168
28061 168
28062 168
28063 168
28064 168
28065 168
28066 168
28067 168
28068 168
28069 168
28070 168
28071 168
28072 168
28073 168
28074 168
28075 168
28076 168
28077 168
28078 168
28079 168
28080 168
28081 168
28082 168
28083 168
28084 168
28085 168
28086 168
28087 168
28088 168
28089 168
28090 168
28091 168
28092 168
28093 168
28094 168
28095 168
28096 168
28097 168
28098 168
28099 168
28100 168
28101 168
28102 168
28103 168
28104 168
28105 168
28106 168
28107 168
28108 168
28109 168
28110 168
28111 168
28112 168
28113 168
28114 168
28115 168
28116 168
28117 168
28118 168
28119 168
28120 168
28121 168
28122 168
28123 168
28124 168
28125 168
28126 168
28127 168
28128 168
28129 168
28130 168
28131 168
28132 168
28133 168
28134 168
28135 168
28136 168
28137 168
28138 168
28139 168
28140 168
28141 168
28142 168
28143 168
28144 168
28145 168
28146 168
28147 168
28148 168
28149 168
28150 168
28151 168
28152 168
28153 168
28154 168
28155 168
28156 168
28157 168
28158 168
28159 168
28160 168
28161 168
28162 168
28163 168
28164 168
28165 168
28166 168
28167 168
28168 168
28169 168
28170 168
28171 168
28172 168
28173 168
28174 168
28175 168
28176 168
28177 168
28178 168
28179 168
28180 168
28181 168
28182 168
28183 168
28184 168
28185 168
28186 168
28187 168
28188 168
28189 168
28190 168
28191 168
28192 168
28193 168
28194 168
28195 168
28196 168
28197 168
28198 168
28199 168
28200 168
28201 168
28202 168
28203 168
28204 168
28205 168
28206 168
28207 168
28208 168
28209 168
28210 168
28211 168
28212 168
28213 168
28214 168
28215 168
28216 168
28217 168
28218 168
28219 168
28220 168
28221 168
28222 168
28223 168
28224 168
28225 168
28226 168
28227 168
28228 168
28229 168
28230 168
28231 168
28232 168
28233 168
28234 168
28235 168
28236 168
28237 168
28238 168
28239 168
28240 168
28241 168
28242 168
28243 168
28244 168
28245 168
28246 168
28247 168
28248 168
28249 168
28250 168
28251 168
28252 168
28253 168
28254 168
28255 168
28256 168
28257 168
28258 168
28259 168
28260 168
28261 168
28262 168
28263 168
28264 168
28265 168
28266 168
28267 168
28268 168
28269 168
28270 168
28271 168
28272 168
28273 168
28274 168
28275 168
28276 168
28277 168
28278 168
28279 168
28280 168
28281 168
28282 168
28283 168
28284 168
28285 168
28286 168
28287 168
28288 168
28289 168
28290 168
28291 168
28292 168
28293 168
28294 168
28295 168
28296 168
28297 168
28298 168
28299 168
28300 168
28301 168
28302 168
28303 168
28304 168
28305 168
28306 168
28307 168
28308 168
28309 168
28310 168
28311 168
28312 168
28313 168
28314 168
28315 168
28316 168
28317 168
28318 168
28319 168
28320 168
28321 168
28322 168
28323 168
28324 168
28325 168
28326 168
28327 168
28328 168
28329 168
28330 168
28331 168
28332 168
28333 168
28334 168
28335 168
28336 168
28337 168
28338 168
28339 168
28340 168
28341 168
28342 168
28343 168
28344 168
28345 168
28346 168
28347 168
28348 168
28349 168
28350 168
28351 168
28352 168
28353 168
28354 168
28355 168
28356 168
28357 168
28358 168
28359 168
28360 168
28361 168
28362 168
28363 168
28364 168
28365 168
28366 168
28367 168
28368 168
28369 168
28370 168
28371 168
28372 168
28373 168
28374 168
28375 168
28376 168
28377 168
28378 168
28379 168
28380 168
28381 168
28382 168
28383 168
28384 168
28385 168
28386 168
28387 168
28388 168
28389 168
28390 168
28391 168
28392 168
28393 169
28394 169
28395 169
28396 169
28397 169
28398 169
28399 169
28400 169
28401 169
28402 169
28403 169
28404 169
28405 169
28406 169
28407 169
28408 169
28409 169
28410 169
28411 169
28412 169
28413 169
28414 169
28415 169
28416 169
28417 169
28418 169
28419 169
28420 169
28421 169
28422 169
28423 169
28424 169
28425 169
28426 169
28427 169
28428 169
28429 169
28430 169
28431 169
28432 169
28433 169
28434 169
28435 169
28436 169
28437 169
28438 169
28439 169
28440 169
28441 169
28442 169
28443 169
28444 169
28445 169
28446 169
28447 169
28448 169
28449 169
28450 169
28451 169
28452 169
28453 169
28454 169
28455 169
28456 169
28457 169
28458 169
28459 169
28460 169
28461 169
28462 169
28463 169
28464 169
28465 169
28466 169
28467 169
28468 169
28469 169
28470 169
28471 169
28472 169
28473 169
28474 169
28475 169
28476 169
28477 169
28478 169
28479 169
28480 169
28481 169
28482 169
28483 169
28484 169
28485 169
28486 169
28487 169
28488 169
28489 169
28490 169
28491 169
28492 169
28493 169
28494 169
28495 169
28496 169
28497 169
28498 169
28499 169
28500 169
28501 169
28502 169
28503 169
28504 169
28505 169
28506 169
28507 169
28508 169
28509 169
28510 169
28511 169
28512 169
28513 169
28514 169
28515 169
28516 169
28517 169
28518 169
28519 169
28520 169
28521 169
28522 169
28523 169
28524 169
28525 169
28526 169
28527 169
28528 169
28529 169
28530 169
28531 169
28532 169
28533 169
28534 169
28535 169
28536 169
28537 169
28538 169
28539 169
28540 169
28541 169
28542 169
28543 169
28544 169
28545 169
28546 169
28547 169
28548 169
28549 169
28550 169
28551 169
28552 169
28553 169
28554 169
28555 169
28556 169
28557 169
28558 169
28559 169
28560 169
28561 169
28562 169
28563 169
28564 169
28565 169
28566 169
28567 169
28568 169
28569 169
28570 169
28571 169
28572 169
28573 169
28574 169
28575 169
28576 169
28577 169
28578 169
28579 169
28580 169
28581 169
28582 169
28583 169
28584 169
28585 169
28586 169
28587 169
28588 169
28589 169
28590 169
28591 169
28592 169
28593 169
28594 169
28595 169
28596 169
28597 169
28598 169
28599 169
28600 169
28601 169
28602 169
28603 169
28604 169
28605 169
28606 169
28607 169
28608 169
28609 169
28610 169
28611 169
28612 169
28613 169
28614 169
28615 169
28616 169
28617 169
28618 169
28619 169
28620 169
28621 169
28622 169
28623 169
28624 169
28625 169
28626 169
28627 169
28628 169
28629 169
28630 169
28631 169
28632 169
28633 169
28634 169
28635 169
28636 169
28637 169
28638 169
28639 169
28640 169
28641 169
28642 169
28643 169
28644 169
28645 169
28646 169
28647 169
28648 169
28649 169
28650 169
28651 169
28652 169
28653 169
28654 169
28655 169
28656 169
28657 169
28658 169
28659 169
28660 169
28661 169
28662 169
28663 169
28664 169
28665 169
28666 169
28667 169
28668 169
28669 169
28670 169
28671 169
28672 169
28673 169
28674 169
28675 169
28676 169
28677 169
28678 169
28679 169
28680 169
28681 169
28682 169
28683 169
28684 169
28685 169
28686 169
28687 169
28688 169
28689 169
28690 169
28691 169
28692 169
28693 169
28694 169
28695 169
28696 169
28697 169
28698 169
28699 169
28700 169
28701 169
28702 169
28703 169
28704 169
28705 169
28706 169
28707 169
28708 169
28709 169
28710 169
28711 169
28712 169
28713 169
28714 169
28715 169
28716 169
28717 169
28718 169
28719 169
28720 169
28721 169
28722 169
28723 169
28724 169
28725 169
28726 169
28727 169
28728 169
28729 169
28730 169
28731 170
28732 170
28733 170
28734 170
28735 170
28736 170
28737 170
28738 170
28739 170
28740 170
28741 170
28742 170
28743 170
28744 170
28745 170
28746 170
28747 170
28748 170
28749 170
28750 170
28751 170
28752 170
28753 170
28754 170
28755 170
28756 170
28757 170
28758 170
28759 170
28760 170
28761 170
28762 170
28763 170
28764 170
28765 170
28766 170
28767 170
28768 170
28769 170
28770 170
28771 170
28772 170
28773 170
28774 170
28775 170
28776 170
28777 170
28778 170
28779 170
28780 170
28781 170
28782 170
28783 170
28784 170
28785 170
28786 170
28787 170
28788 170
28789 170
28790 170
28791 170
28792 170
28793 170
28794 170
28795 170
28796 170
28797 170
28798 170
28799 170
28800 170
28801 170
28802 170
28803 170
28804 170
28805 170
28806 170
28807 170
28808 170
28809 170
28810 170
28811 170
28812 170
28813 170
28814 170
28815 170
28816 170
28817 170
28818 170
28819 170
28820 170
28821 170
28822 170
28823 170
28824 170
28825 170
28826 170
28827 170
28828 170
28829 170
28830 170
28831 170
28832 170
28833 170
28834 170
28835 170
28836 170
28837 170
28838 170
28839 170
28840 170
28841 170
28842 170
28843 170
28844 170
28845 170
28846 170
28847 170
28848 170
28849 170
28850 170
28851 170
28852 170
28853 170
28854 170
28855 170
28856 170
28857 170
28858 170
28859 170
28860 170
28861 170
28862 170
28863 170
28864 170
28865 170
28866 170
28867 170
28868 170
28869 170
28870 170
28871 170
28872 170
28873 170
28874 170
28875 170
28876 170
28877 170
28878 170
28879 170
28880 170
28881 170
28882 170
28883 170
28884 170
28885 170
28886 170
28887 170
28888 170
28889 170
28890 170
28891 170
28892 170
28893 170
28894 170
28895 170
28896 170
28897 170
28898 170
28899 170
28900 170
28901 170
28902 170
28903 170
28904 170
28905 170
28906 170
28907 170
28908 170
28909 170
28910 170
28911 170
28912 170
28913 170
28914 170
28915 170
28916 170
28917 170
28918 170
28919 170
28920 170
28921 170
28922 170
28923 170
28924 170
28925 170
28926 170
28927 170
28928 170
28929 170
28930 170
28931 170
28932 170
28933 170
28934 170
28935 170
28936 170
28937 170
28938 170
28939 170
28940 170
28941 170
28942 170
28943 170
28944 170
28945 170
28946 170
28947 170
28948 170
28949 170
28950 170
28951 170
28952 170
28953 170
28954 170
28955 170
28956 170
28957 170
28958 170
28959 170
28960 170
28961 170
28962 170
28963 170
28964 170
28965 170
28966 170
28967 170
28968 170
28969 170
28970 170
28971 170
28972 170
28973 170
28974 170
28975 170
28976 170
28977 170
28978 170
28979 170
28980 170
28981 170
28982 170
28983 170
28984 170
28985 170
28986 170
28987 170
28988 170
28989 170
28990 170
28991 170
28992 170
28993 170
28994 170
28995 170
28996 170
28997 170
28998 170
28999 170
29000 170
29001 170
29002 170
29003 170
29004 170
29005 170
29006 170
29007 170
29008 170
29009 170
29010 170
29011 170
29012 170
29013 170
29014 170
29015 170
29016 170
29017 170
29018 170
29019 170
29020 170
29021 170
29022 170
29023 170
29024 170
29025 170
29026 170
29027 170
29028 170
29029 170
29030 170
29031 170
29032 170
29033 170
29034 170
29035 170
29036 170
29037 170
29038 170
29039 170
29040 170
29041 170
29042 170
29043 170
29044 170
29045 170
29046 170
29047 170
29048 170
29049 170
29050 170
29051 170
29052 170
29053 170
29054 170
29055 170
29056 170
29057 170
29058 170
29059 170
29060 170
29061 170
29062 170
29063 170
29064 170
29065 170
29066 170
29067 170
29068 170
29069 170
29070 170
29071 171
29072 171
29073 171
29074 171
29075 171
29076 171
29077 171
29078 171
29079 171
29080 171
29081 171
29082 171
29083 171
29084 171
29085 171
29086 171
29087 171
29088 171
29089 171
29090 171
29091 171
29092 171
29093 171
29094 171
29095 171
29096 171
29097 171
29098 171
29099 171
29100 171
29101 171
29102 171
29103 171
29104 171
29105 171
29106 171
29107 171
29108 171
29109 171
29110 171
29111 171
29112 171
29113 171
29114 171
29115 171
29116 171
29117 171
29118 171
29119 171
29120 171
29121 171
29122 171
29123 171
29124 171
29125 171
29126 171
29127 171
29128 171
29129 171
29130 171
29131 171
29132 171
29133 171
29134 171
29135 171
29136 171
29137 171
29138 171
29139 171
29140 171
29141 171
29142 171
29143 171
29144 171
29145 171
29146 171
29147 171
29148 171
29149 171
29150 171
29151 171
29152 171
29153 171
29154 171
29155 171
29156 171
29157 171
29158 171
29159 171
29160 171
29161 171
29162 171
29163 171
29164 171
29165 171
29166 171
29167 171
29168 171
29169 171
29170 171
29171 171
29172 171
29173 171
29174 171
29175 171
29176 171
29177 171
29178 171
29179 171
29180 171
29181 171
29182 171
29183 171
29184 171
29185 171
29186 171
29187 171
29188 171
29189 171
29190 171
29191 171
29192 171
29193 171
29194 171
29195 171
29196 171
29197 171
29198 171
29199 171
29200 171
29201 171
29202 171
29203 171
29204 171
29205 171
29206 171
29207 171
29208 171
29209 171
29210 171
29211 171
29212 171
29213 171
29214 171
29215 171
29216 171
29217 171
29218 171
29219 171
29220 171
29221 171
29222 171
29223 171
29224 171
29225 171
29226 171
29227 171
29228 171
29229 171
29230 171
29231 171
29232 171
29233 171
29234 171
29235 171
29236 171
29237 171
29238 171
29239 171
29240 171
29241 171
29242 171
29243 171
29244 171
29245 171
29246 171
29247 171
29248 171
29249 171
29250 171
29251 171
29252 171
29253 171
29254 171
29255 171
29256 171
29257 171
29258 171
29259 171
29260 171
29261 171
29262 171
29263 171
29264 171
29265 171
29266 171
29267 171
29268 171
29269 171
29270 171
29271 171
29272 171
29273 171
29274 171
29275 171
29276 171
29277 171
29278 171
29279 171
29280 171
29281 171
29282 171
29283 171
29284 171
29285 171
29286 171
29287 171
29288 171
29289 171
29290 171
29291 171
29292 171
29293 171
29294 171
29295 171
29296 171
29297 171
29298 171
29299 171
29300 171
29301 171
29302 171
29303 171
29304 171
29305 171
29306 171
29307 171
29308 171
29309 171
29310 171
29311 171
29312 171
29313 171
29314 171
29315 171
29316 171
29317 171
29318 171
29319 171
29320 171
29321 171
29322 171
29323 171
29324 171
29325 171
29326 171
29327 171
29328 171
29329 171
29330 171
29331 171
29332 171
29333 171
29334 171
29335 171
29336 171
29337 171
29338 171
29339 171
29340 171
29341 171
29342 171
29343 171
29344 171
29345 171
29346 171
29347 171
29348 171
29349 171
29350 171
29351 171
29352 171
29353 171
29354 171
29355 171
29356 171
29357 171
29358 171
29359 171
29360 171
29361 171
29362 171
29363 171
29364 171
29365 171
29366 171
29367 171
29368 171
29369 171
29370 171
29371 171
29372 171
29373 171
29374 171
29375 171
29376 171
29377 171
29378 171
29379 171
29380 171
29381 171
29382 171
29383 171
29384 171
29385 171
29386 171
29387 171
29388 171
29389 171
29390 171
29391 171
29392 171
29393 171
29394 171
29395 171
29396 171
29397 171
29398 171
29399 171
29400 171
29401 171
29402 171
29403 171
29404 171
29405 171
29406 171
29407 171
29408 171
29409 171
29410 171
29411 171
29412 171
29413 172
29414 172
29415 172
29416 172
29417 172
29418 172
29419 172
29420 172
29421 172
29422 172
29423 172
29424 172
29425 172
29426 172
29427 172
29428 172
29429 172
29430 172
29431 172
29432 172
29433 172
29434 172
29435 172
29436 172
29437 172
29438 172
29439 172
29440 172
29441 172
29442 172
29443 172
29444 172
29445 172
29446 172
29447 172
29448 172
29449 172
29450 172
29451 172
29452 172
29453 172
29454 172
29455 172
29456 172
29457 172
29458 172
29459 172
29460 172
29461 172
29462 172
29463 172
29464 172
29465 172
29466 172
29467 172
29468 172
29469 172
29470 172
29471 172
29472 172
29473 172
29474 172
29475 172
29476 172
29477 172
29478 172
29479 172
29480 172
29481 172
29482 172
29483 172
29484 172
29485 172
29486 172
29487 172
29488 172
29489 172
29490 172
29491 172
29492 172
29493 172
29494 172
29495 172
29496 172
29497 172
29498 172
29499 172
29500 172
29501 172
29502 172
29503 172
29504 172
29505 172
29506 172
29507 172
29508 172
29509 172
29510 172
29511 172
29512 172
29513 172
29514 172
29515 172
29516 172
29517 172
29518 172
29519 172
29520 172
29521 172
29522 172
29523 172
29524 172
29525 172
29526 172
29527 172
29528 172
29529 172
29530 172
29531 172
29532 172
29533 172
29534 172
29535 172
29536 172
29537 172
29538 172
29539 172
29540 172
29541 172
29542 172
29543 172
29544 172
29545 172
29546 172
29547 172
29548 172
29549 172
29550 172
29551 172
29552 172
29553 172
29554 172
29555 172
29556 172
29557 172
29558 172
29559 172
29560 172
29561 172
29562 172
29563 172
29564 172
29565 172
29566 172
29567 172
29568 172
29569 172
29570 172
29571 172
29572 172
29573 172
29574 172
29575 172
29576 172
29577 172
29578 172
29579 172
29580 172
29581 172
29582 172
29583 172
29584 172
29585 172
29586 172
29587 172
29588 172
29589 172
29590 172
29591 172
29592 172
29593 172
29594 172
29595 172
29596 172
29597 172
29598 172
29599 172
29600 172
29601 172
29602 172
29603 172
29604 172
29605 172
29606 172
29607 172
29608 172
29609 172
29610 172
29611 172
29612 172
29613 172
29614 172
29615 172
29616 172
29617 172
29618 172
29619 172
29620 172
29621 172
29622 172
29623 172
29624 172
29625 172
29626 172
29627 172
29628 172
29629 172
29630 172
29631 172
29632 172
29633 172
29634 172
29635 172
29636 172
29637 172
29638 172
29639 172
29640 172
29641 172
29642 172
29643 172
29644 172
29645 172
29646 172
29647 172
29648 172
29649 172
29650 172
29651 172
29652 172
29653 172
29654 172
29655 172
29656 172
29657 172
29658 172
29659 172
29660 172
29661 172
29662 172
29663 172
29664 172
29665 172
29666 172
29667 172
29668 172
29669 172
29670 172
29671 172
29672 172
29673 172
29674 172
29675 172
29676 172
29677 172
29678 172
29679 172
29680 172
29681 172
29682 172
29683 172
29684 172
29685 172
29686 172
29687 172
29688 172
29689 172
29690 172
29691 172
29692 172
29693 172
29694 172
29695 172
29696 172
29697 172
29698 172
29699 172
29700 172
29701 172
29702 172
29703 172
29704 172
29705 172
29706 172
29707 172
29708 172
29709 172
29710 172
29711 172
29712 172
29713 172
29714 172
29715 172
29716 172
29717 172
29718 172
29719 172
29720 172
29721 172
29722 172
29723 172
29724 172
29725 172
29726 172
29727 172
29728 172
29729 172
29730 172
29731 172
29732 172
29733 172
29734 172
29735 172
29736 172
29737 172
29738 172
29739 172
29740 172
29741 172
29742 172
29743 172
29744 172
29745 172
29746 172
29747 172
29748 172
29749 172
29750 172
29751 172
29752 172
29753 172
29754 172
29755 172
29756 172
29757 173
29758 173
29759 173
29760 173
29761 173
29762 173
29763 173
29764 173
29765 173
29766 173
29767 173
29768 173
29769 173
29770 173
29771 173
29772 173
29773 173
29774 173
29775 173
29776 173
29777 173
29778 173
29779 173
29780 173
29781 173
29782 173
29783 173
29784 173
29785 173
29786 173
29787 173
29788 173
29789 173
29790 173
29791 173
29792 173
29793 173
29794 173
29795 173
29796 173
29797 173
29798 173
29799 173
29800 173
29801 173
29802 173
29803 173
29804 173
29805 173
29806 173
29807 173
29808 173
29809 173
29810 173
29811 173
29812 173
29813 173
29814 173
29815 173
29816 173
29817 173
29818 173
29819 173
29820 173
29821 173
29822 173
29823 173
29824 173
29825 173
29826 173
29827 173
29828 173
29829 173
29830 173
29831 173
29832 173
29833 173
29834 173
29835 173
29836 173
29837 173
29838 173
29839 173
29840 173
29841 173
29842 173
29843 173
29844 173
29845 173
29846 173
29847 173
29848 173
29849 173
29850 173
29851 173
29852 173
29853 173
29854 173
29855 173
29856 173
29857 173
29858 173
29859 173
29860 173
29861 173
29862 173
29863 173
29864 173
29865 173
29866 173
29867 173
29868 173
29869 173
29870 173
29871 173
29872 173
29873 173
29874 173
29875 173
29876 173
29877 173
29878 173
29879 173
29880 173
29881 173
29882 173
29883 173
29884 173
29885 173
29886 173
29887 173
29888 173
29889 173
29890 173
29891 173
29892 173
29893 173
29894 173
29895 173
29896 173
29897 173
29898 173
29899 173
29900 173
29901 173
29902 173
29903 173
29904 173
29905 173
29906 173
29907 173
29908 173
29909 173
29910 173
29911 173
29912 173
29913 173
29914 173
29915 173
29916 173
29917 173
29918 173
29919 173
29920 173
29921 173
29922 173
29923 173
29924 173
29925 173
29926 173
29927 173
29928 173
29929 173
29930 173
29931 173
29932 173
29933 173
29934 173
29935 173
29936 173
29937 173
29938 173
29939 173
29940 173
29941 173
29942 173
29943 173
29944 173
29945 173
29946 173
29947 173
29948 173
29949 173
29950 173
29951 173
29952 173
29953 173
29954 173
29955 173
29956 173
29957 173
29958 173
29959 173
29960 173
29961 173
29962 173
29963 173
29964 173
29965 173
29966 173
29967 173
29968 173
29969 173
29970 173
29971 173
29972 173
29973 173
29974 173
29975 173
29976 173
29977 173
29978 173
29979 173
29980 173
29981 173
29982 173
29983 173
29984 173
29985 173
29986 173
29987 173
29988 173
29989 173
29990 173
29991 173
29992 173
29993 173
29994 173
29995 173
29996 173
29997 173
29998 173
29999 173
30000 173
30001 173
30002 173
30003 173
30004 173
30005 173
30006 173
30007 173
30008 173
30009 173
30010 173
30011 173
30012 173
30013 173
30014 173
30015 173
30016 173
30017 173
30018 173
30019 173
30020 173
30021 173
30022 173
30023 173
30024 173
30025 173
30026 173
30027 173
30028 173
30029 173
30030 173
30031 173
30032 173
30033 173
30034 173
30035 173
30036 173
30037 173
30038 173
30039 173
30040 173
30041 173
30042 173
30043 173
30044 173
30045 173
30046 173
30047 173
30048 173
30049 173
30050 173
30051 173
30052 173
30053 173
30054 173
30055 173
30056 173
30057 173
30058 173
30059 173
30060 173
30061 173
30062 173
30063 173
30064 173
30065 173
30066 173
30067 173
30068 173
30069 173
30070 173
30071 173
30072 173
30073 173
30074 173
30075 173
30076 173
30077 173
30078 173
30079 173
30080 173
30081 173
30082 173
30083 173
30084 173
30085 173
30086 173
30087 173
30088 173
30089 173
30090 173
30091 173
30092 173
30093 173
30094 173
30095 173
30096 173
30097 173
30098 173
30099 173
30100 173
30101 173
30102 173
30103 174
30104 174
30105 174
30106 174
30107 174
30108 174
30109 174
30110 174
30111 174
30112 174
30113 174
30114 174
30115 174
30116 174
30117 174
30118 174
30119 174
30120 174
30121 174
30122 174
30123 174
30124 174
30125 174
30126 174
30127 174
30128 174
30129 174
30130 174
30131 174
30132 174
30133 174
30134 174
30135 174
30136 174
30137 174
30138 174
30139 174
30140 174
30141 174
30142 174
30143 174
30144 174
30145 174
30146 174
30147 174
30148 174
30149 174
30150 174
30151 174
30152 174
30153 174
30154 174
30155 174
30156 174
30157 174
30158 174
30159 174
30160 174
30161 174
30162 174
30163 174
30164 174
30165 174
30166 174
30167 174
30168 174
30169 174
30170 174
30171 174
30172 174
30173 174
30174 174
30175 174
30176 174
30177 174
30178 174
30179 174
30180 174
30181 174
30182 174
30183 174
30184 174
30185 174
30186 174
30187 174
30188 174
30189 174
30190 174
30191 174
30192 174
30193 174
30194 174
30195 174
30196 174
30197 174
30198 174
30199 174
30200 174
30201 174
30202 174
30203 174
30204 174
30205 174
30206 174
30207 174
30208 174
30209 174
30210 174
30211 174
30212 174
30213 174
30214 174
30215 174
30216 174
30217 174
30218 174
30219 174
30220 174
30221 174
30222 174
30223 174
30224 174
30225 174
30226 174
30227 174
30228 174
30229 174
30230 174
30231 174
30232 174
30233 174
30234 174
30235 174
30236 174
30237 174
30238 174
30239 174
30240 174
30241 174
30242 174
30243 174
30244 174
30245 174
30246 174
30247 174
30248 174
30249 174
30250 174
30251 174
30252 174
30253 174
30254 174
30255 174
30256 174
30257 174
30258 174
30259 174
30260 174
30261 174
30262 174
30263 174
30264 174
30265 174
30266 174
30267 174
30268 174
30269 174
30270 174
30271 174
30272 174
30273 174
30274 174
30275 174
30276 174
30277 174
30278 174
30279 174
30280 174
30281 174
30282 174
30283 174
30284 174
30285 174
30286 174
30287 174
30288 174
30289 174
30290 174
30291 174
30292 174
30293 174
30294 174
30295 174
30296 174
30297 174
30298 174
30299 174
30300 174
30301 174
30302 174
30303 174
30304 174
30305 174
30306 174
30307 174
30308 174
30309 174
30310 174
30311 174
30312 174
30313 174
30314 174
30315 174
30316 174
30317 174
30318 174
30319 174
30320 174
30321 174
30322 174
30323 174
30324 174
30325 174
30326 174
30327 174
30328 174
30329 174
30330 174
30331 174
30332 174
30333 174
30334 174
30335 174
30336 174
30337 174
30338 174
30339 174
30340 174
30341 174
30342 174
30343 174
30344 174
30345 174
30346 174
30347 174
30348 174
30349 174
30350 174
30351 174
30352 174
30353 174
30354 174
30355 174
30356 174
30357 174
30358 174
30359 174
30360 174
30361 174
30362 174
30363 174
30364 174
30365 174
30366 174
30367 174
30368 174
30369 174
30370 174
30371 174
30372 174
30373 174
30374 174
30375 174
30376 174
30377 174
30378 174
30379 174
30380 174
30381 174
30382 174
30383 174
30384 174
30385 174
30386 174
30387 174
30388 174
30389 174
30390 174
30391 174
30392 174
30393 174
30394 174
30395 174
30396 174
30397 174
30398 174
30399 174
30400 174
30401 174
30402 174
30403 174
30404 174
30405 174
30406 174
30407 174
30408 174
30409 174
30410 174
30411 174
30412 174
30413 174
30414 174
30415 174
30416 174
30417 174
30418 174
30419 174
30420 174
30421 174
30422 174
30423 174
30424 174
30425 174
30426 174
30427 174
30428 174
30429 174
30430 174
30431 174
30432 174
30433 174
30434 174
30435 174
30436 174
30437 174
30438 174
30439 174
30440 174
30441 174
30442 174
30443 174
30444 174
30445 174
30446 174
30447 174
30448 174
30449 174
30450 174
30451 175
30452 175
30453 175
30454 175
30455 175
30456 175
30457 175
30458 175
30459 175
30460 175
30461 175
30462 175
30463 175
30464 175
30465 175
30466 175
30467 175
30468 175
30469 175
30470 175
30471 175
30472 175
30473 175
30474 175
30475 175
30476 175
30477 175
30478 175
30479 175
30480 175
30481 175
30482 175
30483 175
30484 175
30485 175
30486 175
30487 175
30488 175
30489 175
30490 175
30491 175
30492 175
30493 175
30494 175
30495 175
30496 175
30497 175
30498 175
30499 175
30500 175
30501 175
30502 175
30503 175
30504 175
30505 175
30506 175
30507 175
30508 175
30509 175
30510 175
30511 175
30512 175
30513 175
30514 175
30515 175
30516 175
30517 175
30518 175
30519 175
30520 175
30521 175
30522 175
30523 175
30524 175
30525 175
30526 175
30527 175
30528 175
30529 175
30530 175
30531 175
30532 175
30533 175
30534 175
30535 175
30536 175
30537 175
30538 175
30539 175
30540 175
30541 175
30542 175
30543 175
30544 175
30545 175
30546 175
30547 175
30548 175
30549 175
30550 175
30551 175
30552 175
30553 175
30554 175
30555 175
30556 175
30557 175
30558 175
30559 175
30560 175
30561 175
30562 175
30563 175
30564 175
30565 175
30566 175
30567 175
30568 175
30569 175
30570 175
30571 175
30572 175
30573 175
30574 175
30575 175
30576 175
30577 175
30578 175
30579 175
30580 175
30581 175
30582 175
30583 175
30584 175
30585 175
30586 175
30587 175
30588 175
30589 175
30590 175
30591 175
30592 175
30593 175
30594 175
30595 175
30596 175
30597 175
30598 175
30599 175
30600 175
30601 175
30602 175
30603 175
30604 175
30605 175
30606 175
30607 175
30608 175
30609 175
30610 175
30611 175
30612 175
30613 175
30614 175
30615 175
30616 175
30617 175
30618 175
30619 175
30620 175
30621 175
30622 175
30623 175
30624 175
30625 175
30626 175
30627 175
30628 175
30629 175
30630 175
30631 175
30632 175
30633 175
30634 175
30635 175
30636 175
30637 175
30638 175
30639 175
30640 175
30641 175
30642 175
30643 175
30644 175
30645 175
30646 175
30647 175
30648 175
30649 175
30650 175
30651 175
30652 175
30653 175
30654 175
30655 175
30656 175
30657 175
30658 175
30659 175
30660 175
30661 175
30662 175
30663 175
30664 175
30665 175
30666 175
30667 175
30668 175
30669 175
30670 175
30671 175
30672 175
30673 175
30674 175
30675 175
30676 175
30677 175
30678 175
30679 175
30680 175
30681 175
30682 175
30683 175
30684 175
30685 175
30686 175
30687 175
30688 175
30689 175
30690 175
30691 175
30692 175
30693 175
30694 175
30695 175
30696 175
30697 175
30698 175
30699 175
30700 175
30701 175
30702 175
30703 175
30704 175
30705 175
30706 175
30707 175
30708 175
30709 175
30710 175
30711 175
30712 175
30713 175
30714 175
30715 175
30716 175
30717 175
30718 175
30719 175
30720 175
30721 175
30722 175
30723 175
30724 175
30725 175
30726 175
30727 175
30728 175
30729 175
30730 175
30731 175
30732 175
30733 175
30734 175
30735 175
30736 175
30737 175
30738 175
30739 175
30740 175
30741 175
30742 175
30743 175
30744 175
30745 175
30746 175
30747 175
30748 175
30749 175
30750 175
30751 175
30752 175
30753 175
30754 175
30755 175
30756 175
30757 175
30758 175
30759 175
30760 175
30761 175
30762 175
30763 175
30764 175
30765 175
30766 175
30767 175
30768 175
30769 175
30770 175
30771 175
30772 175
30773 175
30774 175
30775 175
30776 175
30777 175
30778 175
30779 175
30780 175
30781 175
30782 175
30783 175
30784 175
30785 175
30786 175
30787 175
30788 175
30789 175
30790 175
30791 175
30792 175
30793 175
30794 175
30795 175
30796 175
30797 175
30798 175
30799 175
30800 175
30801 176
30802 176
30803 176
30804 176
30805 176
30806 176
30807 176
30808 176
30809 176
30810 176
30811 176
30812 176
30813 176
30814 176
30815 176
30816 176
30817 176
30818 176
30819 176
30820 176
30821 176
30822 176
30823 176
30824 176
30825 176
30826 176
30827 176
30828 176
30829 176
30830 176
30831 176
30832 176
30833 176
30834 176
30835 176
30836 176
30837 176
30838 176
30839 176
30840 176
30841 176
30842 176
30843 176
30844 176
30845 176
30846 176
30847 176
30848 176
30849 176
30850 176
30851 176
30852 176
30853 176
30854 176
30855 176
30856 176
30857 176
30858 176
30859 176
30860 176
30861 176
30862 176
30863 176
30864 176
30865 176
30866 176
30867 176
30868 176
30869 176
30870 176
30871 176
30872 176
30873 176
30874 176
30875 176
30876 176
30877 176
30878 176
30879 176
30880 176
30881 176
30882 176
30883 176
30884 176
30885 176
30886 176
30887 176
30888 176
30889 176
30890 176
30891 176
30892 176
30893 176
30894 176
30895 176
30896 176
30897 176
30898 176
30899 176
30900 176
30901 176
30902 176
30903 176
30904 176
30905 176
30906 176
30907 176
30908 176
30909 176
30910 176
30911 176
30912 176
30913 176
30914 176
30915 176
30916 176
30917 176
30918 176
30919 176
30920 176
30921 176
30922 176
30923 176
30924 176
30925 176
30926 176
30927 176
30928 176
30929 176
30930 176
30931 176
30932 176
30933 176
30934 176
30935 176
30936 176
30937 176
30938 176
30939 176
30940 176
30941 176
30942 176
30943 176
30944 176
30945 176
30946 176
30947 176
30948 176
30949 176
30950 176
30951 176
30952 176
30953 176
30954 176
30955 176
30956 176
30957 176
30958 176
30959 176
30960 176
30961 176
30962 176
30963 176
30964 176
30965 176
30966 176
30967 176
30968 176
30969 176
30970 176
30971 176
30972 176
30973 176
30974 176
30975 176
30976 176
30977 176
30978 176
30979 176
30980 176
30981 176
30982 176
30983 176
30984 176
30985 176
30986 176
30987 176
30988 176
30989 176
30990 176
30991 176
30992 176
30993 176
30994 176
30995 176
30996 176
30997 176
30998 176
30999 176
31000 176
31001 176
31002 176
31003 176
31004 176
31005 176
31006 176
31007 176
31008 176
31009 176
31010 176
31011 176
31012 176
31013 176
31014 176
31015 176
31016 176
31017 176
31018 176
31019 176
31020 176
31021 176
31022 176
31023 176
31024 176
31025 176
31026 176
31027 176
31028 176
31029 176
31030 176
31031 176
31032 176
31033 176
31034 176
31035 176
31036 176
31037 176
31038 176
31039 176
31040 176
31041 176
31042 176
31043 176
31044 176
31045 176
31046 176
31047 176
31048 176
31049 176
31050 176
31051 176
31052 176
31053 176
31054 176
31055 176
31056 176
31057 176
31058 176
31059 176
31060 176
31061 176
31062 176
31063 176
31064 176
31065 176
31066 176
31067 176
31068 176
31069 176
31070 176
31071 176
31072 176
31073 176
31074 176
31075 176
31076 176
31077 176
31078 176
31079 176
31080 176
31081 176
31082 176
31083 176
31084 176
31085 176
31086 176
31087 176
31088 176
31089 176
31090 176
31091 176
31092 176
31093 176
31094 176
31095 176
31096 176
31097 176
31098 176
31099 176
31100 176
31101 176
31102 176
31103 176
31104 176
31105 176
31106 176
31107 176
31108 176
31109 176
31110 176
31111 176
31112 176
31113 176
31114 176
31115 176
31116 176
31117 176
31118 176
31119 176
31120 176
31121 176
31122 176
31123 176
31124 176
31125 176
31126 176
31127 176
31128 176
31129 176
31130 176
31131 176
31132 176
31133 176
31134 176
31135 176
31136 176
31137 176
31138 176
31139 176
31140 176
31141 176
31142 176
31143 176
31144 176
31145 176
31146 176
31147 176
31148 176
31149 176
31150 176
31151 176
31152 176
31153 177
31154 177
31155 177
31156 177
31157 177
31158 177
31159 177
31160 177
31161 177
31162 177
31163 177
31164 177
31165 177
31166 177
31167 177
31168 177
31169 177
31170 177
31171 177
31172 177
31173 177
31174 177
31175 177
31176 177
31177 177
31178 177
31179 177
31180 177
31181 177
31182 177
31183 177
31184 177
31185 177
31186 177
31187 177
31188 177
31189 177
31190 177
31191 177
31192 177
31193 177
31194 177
31195 177
31196 177
31197 177
31198 177
31199 177
31200 177
31201 177
31202 177
31203 177
31204 177
31205 177
31206 177
31207 177
31208 177
31209 177
31210 177
31211 177
31212 177
31213 177
31214 177
31215 177
31216 177
31217 177
31218 177
31219 177
31220 177
31221 177
31222 177
31223 177
31224 177
31225 177
31226 177
31227 177
31228 177
31229 177
31230 177
31231 177
31232 177
31233 177
31234 177
31235 177
31236 177
31237 177
31238 177
31239 177
31240 177
31241 177
31242 177
31243 177
31244 177
31245 177
31246 177
31247 177
31248 177
31249 177
31250 177
31251 177
31252 177
31253 177
31254 177
31255 177
31256 177
31257 177
31258 177
31259 177
31260 177
31261 177
31262 177
31263 177
31264 177
31265 177
31266 177
31267 177
31268 177
31269 177
31270 177
31271 177
31272 177
31273 177
31274 177
31275 177
31276 177
31277 177
31278 177
31279 177
31280 177
31281 177
31282 177
31283 177
31284 177
31285 177
31286 177
31287 177
31288 177
31289 177
31290 177
31291 177
31292 177
31293 177
31294 177
31295 177
31296 177
31297 177
31298 177
31299 177
31300 177
31301 177
31302 177
31303 177
31304 177
31305 177
31306 177
31307 177
31308 177
31309 177
31310 177
31311 177
31312 177
31313 177
31314 177
31315 177
31316 177
31317 177
31318 177
31319 177
31320 177
31321 177
31322 177
31323 177
31324 177
31325 177
31326 177
31327 177
31328 177
31329 177
31330 177
31331 177
31332 177
31333 177
31334 177
31335 177
31336 177
31337 177
31338 177
31339 177
31340 177
31341 177
31342 177
31343 177
31344 177
31345 177
31346 177
31347 177
31348 177
31349 177
31350 177
31351 177
31352 177
31353 177
31354 177
31355 177
31356 177
31357 177
31358 177
31359 177
31360 177
31361 177
31362 177
31363 177
31364 177
31365 177
31366 177
31367 177
31368 177
31369 177
31370 177
31371 177
31372 177
31373 177
31374 177
31375 177
31376 177
31377 177
31378 177
31379 177
31380 177
31381 177
31382 177
31383 177
31384 177
31385 177
31386 177
31387 177
31388 177
31389 177
31390 177
31391 177
31392 177
31393 177
31394 177
31395 177
31396 177
31397 177
31398 177
31399 177
31400 177
31401 177
31402 177
31403 177
31404 177
31405 177
31406 177
31407 177
31408 177
31409 177
31410 177
31411 177
31412 177
31413 177
31414 177
31415 177
31416 177
31417 177
31418 177
31419 177
31420 177
31421 177
31422 177
31423 177
31424 177
31425 177
31426 177
31427 177
31428 177
31429 177
31430 177
31431 177
31432 177
31433 177
31434 177
31435 177
31436 177
31437 177
31438 177
31439 177
31440 177
31441 177
31442 177
31443 177
31444 177
31445 177
31446 177
31447 177
31448 177
31449 177
31450 177
31451 177
31452 177
31453 177
31454 177
31455 177
31456 177
31457 177
31458 177
31459 177
31460 177
31461 177
31462 177
31463 177
31464 177
31465 177
31466 177
31467 177
31468 177
31469 177
31470 177
31471 177
31472 177
31473 177
31474 177
31475 177
31476 177
31477 177
31478 177
31479 177
31480 177
31481 177
31482 177
31483 177
31484 177
31485 177
31486 177
31487 177
31488 177
31489 177
31490 177
31491 177
31492 177
31493 177
31494 177
31495 177
31496 177
31497 177
31498 177
31499 177
31500 177
31501 177
31502 177
31503 177
31504 177
31505 177
31506 177
31507 178
31508 178
31509 178
31510 178
31511 178
31512 178
31513 178
31514 178
31515 178
31516 178
31517 178
31518 178
31519 178
31520 178
31521 178
31522 178
31523 178
31524 178
31525 178
31526 178
31527 178
31528 178
31529 178
31530 178
31531 178
31532 178
31533 178
31534 178
31535 178
31536 178
31537 178
31538 178
31539 178
31540 178
31541 178
31542 178
31543 178
31544 178
31545 178
31546 178
31547 178
31548 178
31549 178
31550 178
31551 178
31552 178
31553 178
31554 178
31555 178
31556 178
31557 178
31558 178
31559 178
31560 178
31561 178
31562 178
31563 178
31564 178
31565 178
31566 178
31567 178
31568 178
31569 178
31570 178
31571 178
31572 178
31573 178
31574 178
31575 178
31576 178
31577 178
31578 178
31579 178
31580 178
31581 178
31582 178
31583 178
31584 178
31585 178
31586 178
31587 178
31588 178
31589 178
31590 178
31591 178
31592 178
31593 178
31594 178
31595 178
31596 178
31597 178
31598 178
31599 178
31600 178
31601 178
31602 178
31603 178
31604 178
31605 178
31606 178
31607 178
31608 178
31609 178
31610 178
31611 178
31612 178
31613 178
31614 178
31615 178
31616 178
31617 178
31618 178
31619 178
31620 178
31621 178
31622 178
31623 178
31624 178
31625 178
31626 178
31627 178
31628 178
31629 178
31630 178
31631 178
31632 178
31633 178
31634 178
31635 178
31636 178
31637 178
31638 178
31639 178
31640 178
31641 178
31642 178
31643 178
31644 178
31645 178
31646 178
31647 178
31648 178
31649 178
31650 178
31651 178
31652 178
31653 178
31654 178
31655 178
31656 178
31657 178
31658 178
31659 178
31660 178
31661 178
31662 178
31663 178
31664 178
31665 178
31666 178
31667 178
31668 178
31669 178
31670 178
31671 178
31672 178
31673 178
31674 178
31675 178
31676 178
31677 178
31678 178
31679 178
31680 178
31681 178
31682 178
31683 178
31684 178
31685 178
31686 178
31687 178
31688 178
31689 178
31690 178
31691 178
31692 178
31693 178
31694 178
31695 178
31696 178
31697 178
31698 178
31699 178
31700 178
31701 178
31702 178
31703 178
31704 178
31705 178
31706 178
31707 178
31708 178
31709 178
31710 178
31711 178
31712 178
31713 178
31714 178
31715 178
31716 178
31717 178
31718 178
31719 178
31720 178
31721 178
31722 178
31723 178
31724 178
31725 178
31726 178
31727 178
31728 178
31729 178
31730 178
31731 178
31732 178
31733 178
31734 178
31735 178
31736 178
31737 178
31738 178
31739 178
31740 178
31741 178
31742 178
31743 178
31744 178
31745 178
31746 178
31747 178
31748 178
31749 178
31750 178
31751 178
31752 178
31753 178
31754 178
31755 178
31756 178
31757 178
31758 178
31759 178
31760 178
31761 178
31762 178
31763 178
31764 178
31765 178
31766 178
31767 178
31768 178
31769 178
31770 178
31771 178
31772 178
31773 178
31774 178
31775 178
31776 178
31777 178
31778 178
31779 178
31780 178
31781 178
31782 178
31783 178
31784 178
31785 178
31786 178
31787 178
31788 178
31789 178
31790 178
31791 178
31792 178
31793 178
31794 178
31795 178
31796 178
31797 178
31798 178
31799 178
31800 178
31801 178
31802 178
31803 178
31804 178
31805 178
31806 178
31807 178
31808 178
31809 178
31810 178
31811 178
31812 178
31813 178
31814 178
31815 178
31816 178
31817 178
31818 178
31819 178
31820 178
31821 178
31822 178
31823 178
31824 178
31825 178
31826 178
31827 178
31828 178
31829 178
31830 178
31831 178
31832 178
31833 178
31834 178
31835 178
31836 178
31837 178
31838 178
31839 178
31840 178
31841 178
31842 178
31843 178
31844 178
31845 178
31846 178
31847 178
31848 178
31849 178
31850 178
31851 178
31852 178
31853 178
31854 178
31855 178
31856 178
31857 178
31858 178
31859 178
31860 178
31861 178
31862 178
31863 179
31864 179
31865 179
31866 179
31867 179
31868 179
31869 179
31870 179
31871 179
31872 179
31873 179
31874 179
31875 179
31876 179
31877 179
31878 179
31879 179
31880 179
31881 179
31882 179
31883 179
31884 179
31885 179
31886 179
31887 179
31888 179
31889 179
31890 179
31891 179
31892 179
31893 179
31894 179
31895 179
31896 179
31897 179
31898 179
31899 179
31900 179
31901 179
31902 179
31903 179
31904 179
31905 179
31906 179
31907 179
31908 179
31909 179
31910 179
31911 179
31912 179
31913 179
31914 179
31915 179
31916 179
31917 179
31918 179
31919 179
31920 179
31921 179
31922 179
31923 179
31924 179
31925 179
31926 179
31927 179
31928 179
31929 179
31930 179
31931 179
31932 179
31933 179
31934 179
31935 179
31936 179
31937 179
31938 179
31939 179
31940 179
31941 179
31942 179
31943 179
31944 179
31945 179
31946 179
31947 179
31948 179
31949 179
31950 179
31951 179
31952 179
31953 179
31954 179
31955 179
31956 179
31957 179
31958 179
31959 179
31960 179
31961 179
31962 179
31963 179
31964 179
31965 179
31966 179
31967 179
31968 179
31969 179
31970 179
31971 179
31972 179
31973 179
31974 179
31975 179
31976 179
31977 179
31978 179
31979 179
31980 179
31981 179
31982 179
31983 179
31984 179
31985 179
31986 179
31987 179
31988 179
31989 179
31990 179
31991 179
31992 179
31993 179
31994 179
31995 179
31996 179
31997 179
31998 179
31999 179
32000 179
32001 179
32002 179
32003 179
32004 179
32005 179
32006 179
32007 179
32008 179
32009 179
32010 179
32011 179
32012 179
32013 179
32014 179
32015 179
32016 179
32017 179
32018 179
32019 179
32020 179
32021 179
32022 179
32023 179
32024 179
32025 179
32026 179
32027 179
32028 179
32029 179
32030 179
32031 179
32032 179
32033 179
32034 179
32035 179
32036 179
32037 179
32038 179
32039 179
32040 179
32041 179
32042 179
32043 179
32044 179
32045 179
32046 179
32047 179
32048 179
32049 179
32050 179
32051 179
32052 179
32053 179
32054 179
32055 179
32056 179
32057 179
32058 179
32059 179
32060 179
32061 179
32062 179
32063 179
32064 179
32065 179
32066 179
32067 179
32068 179
32069 179
32070 179
32071 179
32072 179
32073 179
32074 179
32075 179
32076 179
32077 179
32078 179
32079 179
32080 179
32081 179
32082 179
32083 179
32084 179
32085 179
32086 179
32087 179
32088 179
32089 179
32090 179
32091 179
32092 179
32093 179
32094 179
32095 179
32096 179
32097 179
32098 179
32099 179
32100 179
32101 179
32102 179
32103 179
32104 179
32105 179
32106 179
32107 179
32108 179
32109 179
32110 179
32111 179
32112 179
32113 179
32114 179
32115 179
32116 179
32117 179
32118 179
32119 179
32120 179
32121 179
32122 179
32123 179
32124 179
32125 179
32126 179
32127 179
32128 179
32129 179
32130 179
32131 179
32132 179
32133 179
32134 179
32135 179
32136 179
32137 179
32138 179
32139 179
32140 179
32141 179
32142 179
32143 179
32144 179
32145 179
32146 179
32147 179
32148 179
32149 179
32150 179
32151 179
32152 179
32153 179
32154 179
32155 179
32156 179
32157 179
32158 179
32159 179
32160 179
32161 179
32162 179
32163 179
32164 179
32165 179
32166 179
32167 179
32168 179
32169 179
32170 179
32171 179
32172 179
32173 179
32174 179
32175 179
32176 179
32177 179
32178 179
32179 179
32180 179
32181 179
32182 179
32183 179
32184 179
32185 179
32186 179
32187 179
32188 179
32189 179
32190 179
32191 179
32192 179
32193 179
32194 179
32195 179
32196 179
32197 179
32198 179
32199 179
32200 179
32201 179
32202 179
32203 179
32204 179
32205 179
32206 179
32207 179
32208 179
32209 179
32210 179
32211 179
32212 179
32213 179
32214 179
32215 179
32216 179
32217 179
32218 179
32219 179
32220 179
32221 180
32222 180
32223 180
32224 180
32225 180
32226 180
32227 180
32228 180
32229 180
32230 180
32231 180
32232 180
32233 180
32234 180
32235 180
32236 180
32237 180
32238 180
32239 180
32240 180
32241 180
32242 180
32243 180
32244 180
32245 180
32246 180
32247 180
32248 180
32249 180
32250 180
32251 180
32252 180
32253 180
32254 180
32255 180
32256 180
32257 180
32258 180
32259 180
32260 180
32261 180
32262 180
32263 180
32264 180
32265 180
32266 180
32267 180
32268 180
32269 180
32270 180
32271 180
32272 180
32273 180
32274 180
32275 180
32276 180
32277 180
32278 180
32279 180
32280 180
32281 180
32282 180
32283 180
32284 180
32285 180
32286 180
32287 180
32288 180
32289 180
32290 180
32291 180
32292 180
32293 180
32294 180
32295 180
32296 180
32297 180
32298 180
32299 180
32300 180
32301 180
32302 180
32303 180
32304 180
32305 180
32306 180
32307 180
32308 180
32309 180
32310 180
32311 180
32312 180
32313 180
32314 180
32315 180
32316 180
32317 180
32318 180
32319 180
32320 180
32321 180
32322 180
32323 180
32324 180
32325 180
32326 180
32327 180
32328 180
32329 180
32330 180
32331 180
32332 180
32333 180
32334 180
32335 180
32336 180
32337 180
32338 180
32339 180
32340 180
32341 180
32342 180
32343 180
32344 180
32345 180
32346 180
32347 180
32348 180
32349 180
32350 180
32351 180
32352 180
32353 180
32354 180
32355 180
32356 180
32357 180
32358 180
32359 180
32360 180
32361 180
32362 180
32363 180
32364 180
32365 180
32366 180
32367 180
32368 180
32369 180
32370 180
32371 180
32372 180
32373 180
32374 180
32375 180
32376 180
32377 180
32378 180
32379 180
32380 180
32381 180
32382 180
32383 180
32384 180
32385 180
32386 180
32387 180
32388 180
32389 180
32390 180
32391 180
32392 180
32393 180
32394 180
32395 180
32396 180
32397 180
32398 180
32399 180
32400 180
32401 180
32402 180
32403 180
32404 180
32405 180
32406 180
32407 180
32408 180
32409 180
32410 180
32411 180
32412 180
32413 180
32414 180
32415 180
32416 180
32417 180
32418 180
32419 180
32420 180
32421 180
32422 180
32423 180
32424 180
32425 180
32426 180
32427 180
32428 180
32429 180
32430 180
32431 180
32432 180
32433 180
32434 180
32435 180
32436 180
32437 180
32438 180
32439 180
32440 180
32441 180
32442 180
32443 180
32444 180
32445 180
32446 180
32447 180
32448 180
32449 180
32450 180
32451 180
32452 180
32453 180
32454 180
32455 180
32456 180
32457 180
32458 180
32459 180
32460 180
32461 180
32462 180
32463 180
32464 180
32465 180
32466 180
32467 180
32468 180
32469 180
32470 180
32471 180
32472 180
32473 180
32474 180
32475 180
32476 180
32477 180
32478 180
32479 180
32480 180
32481 180
32482 180
32483 180
32484 180
32485 180
32486 180
32487 180
32488 180
32489 180
32490 180
32491 180
32492 180
32493 180
32494 180
32495 180
32496 180
32497 180
32498 180
32499 180
32500 180
32501 180
32502 180
32503 180
32504 180
32505 180
32506 180
32507 180
32508 180
32509 180
32510 180
32511 180
32512 180
32513 180
32514 180
32515 180
32516 180
32517 180
32518 180
32519 180
32520 180
32521 180
32522 180
32523 180
32524 180
32525 180
32526 180
32527 180
32528 180
32529 180
32530 180
32531 180
32532 180
32533 180
32534 180
32535 180
32536 180
32537 180
32538 180
32539 180
32540 180
32541 180
32542 180
32543 180
32544 180
32545 180
32546 180
32547 180
32548 180
32549 180
32550 180
32551 180
32552 180
32553 180
32554 180
32555 180
32556 180
32557 180
32558 180
32559 180
32560 180
32561 180
32562 180
32563 180
32564 180
32565 180
32566 180
32567 180
32568 180
32569 180
32570 180
32571 180
32572 180
32573 180
32574 180
32575 180
32576 180
32577 180
32578 180
32579 180
32580 180
32581 181
32582 181
32583 181
32584 181
32585 181
32586 181
32587 181
32588 181
32589 181
32590 181
32591 181
32592 181
32593 181
32594 181
32595 181
32596 181
32597 181
32598 181
32599 181
32600 181
32601 181
32602 181
32603 181
32604 181
32605 181
32606 181
32607 181
32608 181
32609 181
32610 181
32611 181
32612 181
32613 181
32614 181
32615 181
32616 181
32617 181
32618 181
32619 181
32620 181
32621 181
32622 181
32623 181
32624 181
32625 181
32626 181
32627 181
32628 181
32629 181
32630 181
32631 181
32632 181
32633 181
32634 181
32635 181
32636 181
32637 181
32638 181
32639 181
32640 181
32641 181
32642 181
32643 181
32644 181
32645 181
32646 181
32647 181
32648 181
32649 181
32650 181
32651 181
32652 181
32653 181
32654 181
32655 181
32656 181
32657 181
32658 181
32659 181
32660 181
32661 181
32662 181
32663 181
32664 181
32665 181
32666 181
32667 181
32668 181
32669 181
32670 181
32671 181
32672 181
32673 181
32674 181
32675 181
32676 181
32677 181
32678 181
32679 181
32680 181
32681 181
32682 181
32683 181
32684 181
32685 181
32686 181
32687 181
32688 181
32689 181
32690 181
32691 181
32692 181
32693 181
32694 181
32695 181
32696 181
32697 181
32698 181
32699 181
32700 181
32701 181
32702 181
32703 181
32704 181
32705 181
32706 181
32707 181
32708 181
32709 181
32710 181
32711 181
32712 181
32713 181
32714 181
32715 181
32716 181
32717 181
32718 181
32719 181
32720 181
32721 181
32722 181
32723 181
32724 181
32725 181
32726 181
32727 181
32728 181
32729 181
32730 181
32731 181
32732 181
32733 181
32734 181
32735 181
32736 181
32737 181
32738 181
32739 181
32740 181
32741 181
32742 181
32743 181
32744 181
32745 181
32746 181
32747 181
32748 181
32749 181
32750 181
32751 181
32752 181
32753 181
32754 181
32755 181
32756 181
32757 181
32758 181
32759 181
32760 181
32761 181
32762 181
32763 181
32764 181
32765 181
32766 181
32767 181
32768 181
32769 181
32770 181
32771 181
32772 181
32773 181
32774 181
32775 181
32776 181
32777 181
32778 181
32779 181
32780 181
32781 181
32782 181
32783 181
32784 181
32785 181
32786 181
32787 181
32788 181
32789 181
32790 181
32791 181
32792 181
32793 181
32794 181
32795 181
32796 181
32797 181
32798 181
32799 181
32800 181
32801 181
32802 181
32803 181
32804 181
32805 181
32806 181
32807 181
32808 181
32809 181
32810 181
32811 181
32812 181
32813 181
32814 181
32815 181
32816 181
32817 181
32818 181
32819 181
32820 181
32821 181
32822 181
32823 181
32824 181
32825 181
32826 181
32827 181
32828 181
32829 181
32830 181
32831 181
32832 181
32833 181
32834 181
32835 181
32836 181
32837 181
32838 181
32839 181
32840 181
32841 181
32842 181
32843 181
32844 181
32845 181
32846 181
32847 181
32848 181
32849 181
32850 181
32851 181
32852 181
32853 181
32854 181
32855 181
32856 181
32857 181
32858 181
32859 181
32860 181
32861 181
32862 181
32863 181
32864 181
32865 181
32866 181
32867 181
32868 181
32869 181
32870 181
32871 181
32872 181
32873 181
32874 181
32875 181
32876 181
32877 181
32878 181
32879 181
32880 181
32881 181
32882 181
32883 181
32884 181
32885 181
32886 181
32887 181
32888 181
32889 181
32890 181
32891 181
32892 181
32893 181
32894 181
32895 181
32896 181
32897 181
32898 181
32899 181
32900 181
32901 181
32902 181
32903 181
32904 181
32905 181
32906 181
32907 181
32908 181
32909 181
32910 181
32911 181
32912 181
32913 181
32914 181
32915 181
32916 181
32917 181
32918 181
32919 181
32920 181
32921 181
32922 181
32923 181
32924 181
32925 181
32926 181
32927 181
32928 181
32929 181
32930 181
32931 181
32932 181
32933 181
32934 181
32935 181
32936 181
32937 181
32938 181
32939 181
32940 181
32941 181
32942 181
32943 182
32944 182
32945 182
32946 182
32947 182
32948 182
32949 182
32950 182
32951 182
32952 182
32953 182
32954 182
32955 182
32956 182
32957 182
32958 182
32959 182
32960 182
32961 182
32962 182
32963 182
32964 182
32965 182
32966 182
32967 182
32968 182
32969 182
32970 182
32971 182
32972 182
32973 182
32974 182
32975 182
32976 182
32977 182
32978 182
32979 182
32980 182
32981 182
32982 182
32983 182
32984 182
32985 182
32986 182
32987 182
32988 182
32989 182
32990 182
32991 182
32992 182
32993 182
32994 182
32995 182
32996 182
32997 182
32998 182
32999 182
33000 182
33001 182
33002 182
33003 182
33004 182
33005 182
33006 182
33007 182
33008 182
33009 182
33010 182
33011 182
33012 182
33013 182
33014 182
33015 182
33016 182
33017 182
33018 182
33019 182
33020 182
33021 182
33022 182
33023 182
33024 182
33025 182
33026 182
33027 182
33028 182
33029 182
33030 182
33031 182
33032 182
33033 182
33034 182
33035 182
33036 182
33037 182
33038 182
33039 182
33040 182
33041 182
33042 182
33043 182
33044 182
33045 182
33046 182
33047 182
33048 182
33049 182
33050 182
33051 182
33052 182
33053 182
33054 182
33055 182
33056 182
33057 182
33058 182
33059 182
33060 182
33061 182
33062 182
33063 182
33064 182
33065 182
33066 182
33067 182
33068 182
33069 182
33070 182
33071 182
33072 182
33073 182
33074 182
33075 182
33076 182
33077 182
33078 182
33079 182
33080 182
33081 182
33082 182
33083 182
33084 182
33085 182
33086 182
33087 182
33088 182
33089 182
33090 182
33091 182
33092 182
33093 182
33094 182
33095 182
33096 182
33097 182
33098 182
33099 182
33100 182
33101 182
33102 182
33103 182
33104 182
33105 182
33106 182
33107 182
33108 182
33109 182
33110 182
33111 182
33112 182
33113 182
33114 182
33115 182
33116 182
33117 182
33118 182
33119 182
33120 182
33121 182
33122 182
33123 182
33124 182
33125 182
33126 182
33127 182
33128 182
33129 182
33130 182
33131 182
33132 182
33133 182
33134 182
33135 182
33136 182
33137 182
33138 182
33139 182
33140 182
33141 182
33142 182
33143 182
33144 182
33145 182
33146 182
33147 182
33148 182
33149 182
33150 182
33151 182
33152 182
33153 182
33154 182
33155 182
33156 182
33157 182
33158 182
33159 182
33160 182
33161 182
33162 182
33163 182
33164 182
33165 182
33166 182
33167 182
33168 182
33169 182
33170 182
33171 182
33172 182
33173 182
33174 182
33175 182
33176 182
33177 182
33178 182
33179 182
33180 182
33181 182
33182 182
33183 182
33184 182
33185 182
33186 182
33187 182
33188 182
33189 182
33190 182
33191 182
33192 182
33193 182
33194 182
33195 182
33196 182
33197 182
33198 182
33199 182
33200 182
33201 182
33202 182
33203 182
33204 182
33205 182
33206 182
33207 182
33208 182
33209 182
33210 182
33211 182
33212 182
33213 182
33214 182
33215 182
33216 182
33217 182
33218 182
33219 182
33220 182
33221 182
33222 182
33223 182
33224 182
33225 182
33226 182
33227 182
33228 182
33229 182
33230 182
33231 182
33232 182
33233 182
33234 182
33235 182
33236 182
33237 182
33238 182
33239 182
33240 182
33241 182
33242 182
33243 182
33244 182
33245 182
33246 182
33247 182
33248 182
33249 182
33250 182
33251 182
33252 182
33253 182
33254 182
33255 182
33256 182
33257 182
33258 182
33259 182
33260 182
33261 182
33262 182
33263 182
33264 182
33265 182
33266 182
33267 182
33268 182
33269 182
33270 182
33271 182
33272 182
33273 182
33274 182
33275 182
33276 182
33277 182
33278 182
33279 182
33280 182
33281 182
33282 182
33283 182
33284 182
33285 182
33286 182
33287 182
33288 182
33289 182
33290 182
33291 182
33292 182
33293 182
33294 182
33295 182
33296 182
33297 182
33298 182
33299 182
33300 182
33301 182
33302 182
33303 182
33304 182
33305 182
33306 182
33307 183
33308 183
33309 183
33310 183
33311 183
33312 183
33313 183
33314 183
33315 183
33316 183
33317 183
33318 183
33319 183
33320 183
33321 183
33322 183
33323 183
33324 183
33325 183
33326 183
33327 183
33328 183
33329 183
33330 183
33331 183
33332 183
33333 183
33334 183
33335 183
33336 183
33337 183
33338 183
33339 183
33340 183
33341 183
33342 183
33343 183
33344 183
33345 183
33346 183
33347 183
33348 183
33349 183
33350 183
33351 183
33352 183
33353 183
33354 183
33355 183
33356 183
33357 183
33358 183
33359 183
33360 183
33361 183
33362 183
33363 183
33364 183
33365 183
33366 183
33367 183
33368 183
33369 183
33370 183
33371 183
33372 183
33373 183
33374 183
33375 183
33376 183
33377 183
33378 183
33379 183
33380 183
33381 183
33382 183
33383 183
33384 183
33385 183
33386 183
33387 183
33388 183
33389 183
33390 183
33391 183
33392 183
33393 183
33394 183
33395 183
33396 183
33397 183
33398 183
33399 183
33400 183
33401 183
33402 183
33403 183
33404 183
33405 183
33406 183
33407 183
33408 183
33409 183
33410 183
33411 183
33412 183
33413 183
33414 183
33415 183
33416 183
33417 183
33418 183
33419 183
33420 183
33421 183
33422 183
33423 183
33424 183
33425 183
33426 183
33427 183
33428 183
33429 183
33430 183
33431 183
33432 183
33433 183
33434 183
33435 183
33436 183
33437 183
33438 183
33439 183
33440 183
33441 183
33442 183
33443 183
33444 183
33445 183
33446 183
33447 183
33448 183
33449 183
33450 183
33451 183
33452 183
33453 183
33454 183
33455 183
33456 183
33457 183
33458 183
33459 183
33460 183
33461 183
33462 183
33463 183
33464 183
33465 183
33466 183
33467 183
33468 183
33469 183
33470 183
33471 183
33472 183
33473 183
33474 183
33475 183
33476 183
33477 183
33478 183
33479 183
33480 183
33481 183
33482 183
33483 183
33484 183
33485 183
33486 183
33487 183
33488 183
33489 183
33490 183
33491 183
33492 183
33493 183
33494 183
33495 183
33496 183
33497 183
33498 183
33499 183
33500 183
33501 183
33502 183
33503 183
33504 183
33505 183
33506 183
33507 183
33508 183
33509 183
33510 183
33511 183
33512 183
33513 183
33514 183
33515 183
33516 183
33517 183
33518 183
33519 183
33520 183
33521 183
33522 183
33523 183
33524 183
33525 183
33526 183
33527 183
33528 183
33529 183
33530 183
33531 183
33532 183
33533 183
33534 183
33535 183
33536 183
33537 183
33538 183
33539 183
33540 183
33541 183
33542 183
33543 183
33544 183
33545 183
33546 183
33547 183
33548 183
33549 183
33550 183
33551 183
33552 183
33553 183
33554 183
33555 183
33556 183
33557 183
33558 183
33559 183
33560 183
33561 183
33562 183
33563 183
33564 183
33565 183
33566 183
33567 183
33568 183
33569 183
33570 183
33571 183
33572 183
33573 183
33574 183
33575 183
33576 183
33577 183
33578 183
33579 183
33580 183
33581 183
33582 183
33583 183
33584 183
33585 183
33586 183
33587 183
33588 183
33589 183
33590 183
33591 183
33592 183
33593 183
33594 183
33595 183
33596 183
33597 183
33598 183
33599 183
33600 183
33601 183
33602 183
33603 183
33604 183
33605 183
33606 183
33607 183
33608 183
33609 183
33610 183
33611 183
33612 183
33613 183
33614 183
33615 183
33616 183
33617 183
33618 183
33619 183
33620 183
33621 183
33622 183
33623 183
33624 183
33625 183
33626 183
33627 183
33628 183
33629 183
33630 183
33631 183
33632 183
33633 183
33634 183
33635 183
33636 183
33637 183
33638 183
33639 183
33640 183
33641 183
33642 183
33643 183
33644 183
33645 183
33646 183
33647 183
33648 183
33649 183
33650 183
33651 183
33652 183
33653 183
33654 183
33655 183
33656 183
33657 183
33658 183
33659 183
33660 183
33661 183
33662 183
33663 183
33664 183
33665 183
33666 183
33667 183
33668 183
33669 183
33670 183
33671 183
33672 183
33673 184
33674 184
33675 184
33676 184
33677 184
33678 184
33679 184
33680 184
33681 184
33682 184
33683 184
33684 184
33685 184
33686 184
33687 184
33688 184
33689 184
33690 184
33691 184
33692 184
33693 184
33694 184
33695 184
33696 184
33697 184
33698 184
33699 184
33700 184
33701 184
33702 184
33703 184
33704 184
33705 184
33706 184
33707 184
33708 184
33709 184
33710 184
33711 184
33712 184
33713 184
33714 184
33715 184
33716 184
33717 184
33718 184
33719 184
33720 184
33721 184
33722 184
33723 184
33724 184
33725 184
33726 184
33727 184
33728 184
33729 184
33730 184
33731 184
33732 184
33733 184
33734 184
33735 184
33736 184
33737 184
33738 184
33739 184
33740 184
33741 184
33742 184
33743 184
33744 184
33745 184
33746 184
33747 184
33748 184
33749 184
33750 184
33751 184
33752 184
33753 184
33754 184
33755 184
33756 184
33757 184
33758 184
33759 184
33760 184
33761 184
33762 184
33763 184
33764 184
33765 184
33766 184
33767 184
33768 184
33769 184
33770 184
33771 184
33772 184
33773 184
33774 184
33775 184
33776 184
33777 184
33778 184
33779 184
33780 184
33781 184
33782 184
33783 184
33784 184
33785 184
33786 184
33787 184
33788 184
33789 184
33790 184
33791 184
33792 184
33793 184
33794 184
33795 184
33796 184
33797 184
33798 184
33799 184
33800 184
33801 184
33802 184
33803 184
33804 184
33805 184
33806 184
33807 184
33808 184
33809 184
33810 184
33811 184
33812 184
33813 184
33814 184
33815 184
33816 184
33817 184
33818 184
33819 184
33820 184
33821 184
33822 184
33823 184
33824 184
33825 184
33826 184
33827 184
33828 184
33829 184
33830 184
33831 184
33832 184
33833 184
33834 184
33835 184
33836 184
33837 184
33838 184
33839 184
33840 184
33841 184
33842 184
33843 184
33844 184
33845 184
33846 184
33847 184
33848 184
33849 184
33850 184
33851 184
33852 184
33853 184
33854 184
33855 184
33856 184
33857 184
33858 184
33859 184
33860 184
33861 184
33862 184
33863 184
33864 184
33865 184
33866 184
33867 184
33868 184
33869 184
33870 184
33871 184
33872 184
33873 184
33874 184
33875 184
33876 184
33877 184
33878 184
33879 184
33880 184
33881 184
33882 184
33883 184
33884 184
33885 184
33886 184
33887 184
33888 184
33889 184
33890 184
33891 184
33892 184
33893 184
33894 184
33895 184
33896 184
33897 184
33898 184
33899 184
33900 184
33901 184
33902 184
33903 184
33904 184
33905 184
33906 184
33907 184
33908 184
33909 184
33910 184
33911 184
33912 184
33913 184
33914 184
33915 184
33916 184
33917 184
33918 184
33919 184
33920 184
33921 184
33922 184
33923 184
33924 184
33925 184
33926 184
33927 184
33928 184
33929 184
33930 184
33931 184
33932 184
33933 184
33934 184
33935 184
33936 184
33937 184
33938 184
33939 184
33940 184
33941 184
33942 184
33943 184
33944 184
33945 184
33946 184
33947 184
33948 184
33949 184
33950 184
33951 184
33952 184
33953 184
33954 184
33955 184
33956 184
33957 184
33958 184
33959 184
33960 184
33961 184
33962 184
33963 184
33964 184
33965 184
33966 184
33967 184
33968 184
33969 184
33970 184
33971 184
33972 184
33973 184
33974 184
33975 184
33976 184
33977 184
33978 184
33979 184
33980 184
33981 184
33982 184
33983 184
33984 184
33985 184
33986 184
33987 184
33988 184
33989 184
33990 184
33991 184
33992 184
33993 184
33994 184
33995 184
33996 184
33997 184
33998 184
33999 184
34000 184
34001 184
34002 184
34003 184
34004 184
34005 184
34006 184
34007 184
34008 184
34009 184
34010 184
34011 184
34012 184
34013 184
34014 184
34015 184
34016 184
34017 184
34018 184
34019 184
34020 184
34021 184
34022 184
34023 184
34024 184
34025 184
34026 184
34027 184
34028 184
34029 184
34030 184
34031 184
34032 184
34033 184
34034 184
34035 184
34036 184
34037 184
34038 184
34039 184
34040 184
34041 185
34042 185
34043 185
34044 185
34045 185
34046 185
34047 185
34048 185
34049 185
34050 185
34051 185
34052 185
34053 185
34054 185
34055 185
34056 185
34057 185
34058 185
34059 185
34060 185
34061 185
34062 185
34063 185
34064 185
34065 185
34066 185
34067 185
34068 185
34069 185
34070 185
34071 185
34072 185
34073 185
34074 185
34075 185
34076 185
34077 185
34078 185
34079 185
34080 185
34081 185
34082 185
34083 185
34084 185
34085 185
34086 185
34087 185
34088 185
34089 185
34090 185
34091 185
34092 185
34093 185
34094 185
34095 185
34096 185
34097 185
34098 185
34099 185
34100 185
34101 185
34102 185
34103 185
34104 185
34105 185
34106 185
34107 185
34108 185
34109 185
34110 185
34111 185
34112 185
34113 185
34114 185
34115 185
34116 185
34117 185
34118 185
34119 185
34120 185
34121 185
34122 185
34123 185
34124 185
34125 185
34126 185
34127 185
34128 185
34129 185
34130 185
34131 185
34132 185
34133 185
34134 185
34135 185
34136 185
34137 185
34138 185
34139 185
34140 185
34141 185
34142 185
34143 185
34144 185
34145 185
34146 185
34147 185
34148 185
34149 185
34150 185
34151 185
34152 185
34153 185
34154 185
34155 185
34156 185
34157 185
34158 185
34159 185
34160 185
34161 185
34162 185
34163 185
34164 185
34165 185
34166 185
34167 185
34168 185
34169 185
34170 185
34171 185
34172 185
34173 185
34174 185
34175 185
34176 185
34177 185
34178 185
34179 185
34180 185
34181 185
34182 185
34183 185
34184 185
34185 185
34186 185
34187 185
34188 185
34189 185
34190 185
34191 185
34192 185
34193 185
34194 185
34195 185
34196 185
34197 185
34198 185
34199 185
34200 185
34201 185
34202 185
34203 185
34204 185
34205 185
34206 185
34207 185
34208 185
34209 185
34210 185
34211 185
34212 185
34213 185
34214 185
34215 185
34216 185
34217 185
34218 185
34219 185
34220 185
34221 185
34222 185
34223 185
34224 185
34225 185
34226 185
34227 185
34228 185
34229 185
34230 185
34231 185
34232 185
34233 185
34234 185
34235 185
34236 185
34237 185
34238 185
34239 185
34240 185
34241 185
34242 185
34243 185
34244 185
34245 185
34246 185
34247 185
34248 185
34249 185
34250 185
34251 185
34252 185
34253 185
34254 185
34255 185
34256 185
34257 185
34258 185
34259 185
34260 185
34261 185
34262 185
34263 185
34264 185
34265 185
34266 185
34267 185
34268 185
34269 185
34270 185
34271 185
34272 185
34273 185
34274 185
34275 185
34276 185
34277 185
34278 185
34279 185
34280 185
34281 185
34282 185
34283 185
34284 185
34285 185
34286 185
34287 185
34288 185
34289 185
34290 185
34291 185
34292 185
34293 185
34294 185
34295 185
34296 185
34297 185
34298 185
34299 185
34300 185
34301 185
34302 185
34303 185
34304 185
34305 185
34306 185
34307 185
34308 185
34309 185
34310 185
34311 185
34312 185
34313 185
34314 185
34315 185
34316 185
34317 185
34318 185
34319 185
34320 185
34321 185
34322 185
34323 185
34324 185
34325 185
34326 185
34327 185
34328 185
34329 185
34330 185
34331 185
34332 185
34333 185
34334 185
34335 185
34336 185
34337 185
34338 185
34339 185
34340 185
34341 185
34342 185
34343 185
34344 185
34345 185
34346 185
34347 185
34348 185
34349 185
34350 185
34351 185
34352 185
34353 185
34354 185
34355 185
34356 185
34357 185
34358 185
34359 185
34360 185
34361 185
34362 185
34363 185
34364 185
34365 185
34366 185
34367 185
34368 185
34369 185
34370 185
34371 185
34372 185
34373 185
34374 185
34375 185
34376 185
34377 185
34378 185
34379 185
34380 185
34381 185
34382 185
34383 185
34384 185
34385 185
34386 185
34387 185
34388 185
34389 185
34390 185
34391 185
34392 185
34393 185
34394 185
34395 185
34396 185
34397 185
34398 185
34399 185
34400 185
34401 185
34402 185
34403 185
34404 185
34405 185
34406 185
34407 185
34408 185
34409 185
34410 185
34411 186
34412 186
34413 186
34414 186
34415 186
34416 186
34417 186
34418 186
34419 186
34420 186
34421 186
34422 186
34423 186
34424 186
34425 186
34426 186
34427 186
34428 186
34429 186
34430 186
34431 186
34432 186
34433 186
34434 186
34435 186
34436 186
34437 186
34438 186
34439 186
34440 186
34441 186
34442 186
34443 186
34444 186
34445 186
34446 186
34447 186
34448 186
34449 186
34450 186
34451 186
34452 186
34453 186
34454 186
34455 186
34456 186
34457 186
34458 186
34459 186
34460 186
34461 186
34462 186
34463 186
34464 186
34465 186
34466 186
34467 186
34468 186
34469 186
34470 186
34471 186
34472 186
34473 186
34474 186
34475 186
34476 186
34477 186
34478 186
34479 186
34480 186
34481 186
34482 186
34483 186
34484 186
34485 186
34486 186
34487 186
34488 186
34489 186
34490 186
34491 186
34492 186
34493 186
34494 186
34495 186
34496 186
34497 186
34498 186
34499 186
34500 186
34501 186
34502 186
34503 186
34504 186
34505 186
34506 186
34507 186
34508 186
34509 186
34510 186
34511 186
34512 186
34513 186
34514 186
34515 186
34516 186
34517 186
34518 186
34519 186
34520 186
34521 186
34522 186
34523 186
34524 186
34525 186
34526 186
34527 186
34528 186
34529 186
34530 186
34531 186
34532 186
34533 186
34534 186
34535 186
34536 186
34537 186
34538 186
34539 186
34540 186
34541 186
34542 186
34543 186
34544 186
34545 186
34546 186
34547 186
34548 186
34549 186
34550 186
34551 186
34552 186
34553 186
34554 186
34555 186
34556 186
34557 186
34558 186
34559 186
34560 186
34561 186
34562 186
34563 186
34564 186
34565 186
34566 186
34567 186
34568 186
34569 186
34570 186
34571 186
34572 186
34573 186
34574 186
34575 186
34576 186
34577 186
34578 186
34579 186
34580 186
34581 186
34582 186
34583 186
34584 186
34585 186
34586 186
34587 186
34588 186
34589 186
34590 186
34591 186
34592 186
34593 186
34594 186
34595 186
34596 186
34597 186
34598 186
34599 186
34600 186
34601 186
34602 186
34603 186
34604 186
34605 186
34606 186
34607 186
34608 186
34609 186
34610 186
34611 186
34612 186
34613 186
34614 186
34615 186
34616 186
34617 186
34618 186
34619 186
34620 186
34621 186
34622 186
34623 186
34624 186
34625 186
34626 186
34627 186
34628 186
34629 186
34630 186
34631 186
34632 186
34633 186
34634 186
34635 186
34636 186
34637 186
34638 186
34639 186
34640 186
34641 186
34642 186
34643 186
34644 186
34645 186
34646 186
34647 186
34648 186
34649 186
34650 186
34651 186
34652 186
34653 186
34654 186
34655 186
34656 186
34657 186
34658 186
34659 186
34660 186
34661 186
34662 186
34663 186
34664 186
34665 186
34666 186
34667 186
34668 186
34669 186
34670 186
34671 186
34672 186
34673 186
34674 186
34675 186
34676 186
34677 186
34678 186
34679 186
34680 186
34681 186
34682 186
34683 186
34684 186
34685 186
34686 186
34687 186
34688 186
34689 186
34690 186
34691 186
34692 186
34693 186
34694 186
34695 186
34696 186
34697 186
34698 186
34699 186
34700 186
34701 186
34702 186
34703 186
34704 186
34705 186
34706 186
34707 186
34708 186
34709 186
34710 186
34711 186
34712 186
34713 186
34714 186
34715 186
34716 186
34717 186
34718 186
34719 186
34720 186
34721 186
34722 186
34723 186
34724 186
34725 186
34726 186
34727 186
34728 186
34729 186
34730 186
34731 186
34732 186
34733 186
34734 186
34735 186
34736 186
34737 186
34738 186
34739 186
34740 186
34741 186
34742 186
34743 186
34744 186
34745 186
34746 186
34747 186
34748 186
34749 186
34750 186
34751 186
34752 186
34753 186
34754 186
34755 186
34756 186
34757 186
34758 186
34759 186
34760 186
34761 186
34762 186
34763 186
34764 186
34765 186
34766 186
34767 186
34768 186
34769 186
34770 186
34771 186
34772 186
34773 186
34774 186
34775 186
34776 186
34777 186
34778 186
34779 186
34780 186
34781 186
34782 186
34783 187
34784 187
34785 187
34786 187
34787 187
34788 187
34789 187
34790 187
34791 187
34792 187
34793 187
34794 187
34795 187
34796 187
34797 187
34798 187
34799 187
34800 187
34801 187
34802 187
34803 187
34804 187
34805 187
34806 187
34807 187
34808 187
34809 187
34810 187
34811 187
34812 187
34813 187
34814 187
34815 187
34816 187
34817 187
34818 187
34819 187
34820 187
34821 187
34822 187
34823 187
34824 187
34825 187
34826 187
34827 187
34828 187
34829 187
34830 187
34831 187
34832 187
34833 187
34834 187
34835 187
34836 187
34837 187
34838 187
34839 187
34840 187
34841 187
34842 187
34843 187
34844 187
34845 187
34846 187
34847 187
34848 187
34849 187
34850 187
34851 187
34852 187
34853 187
34854 187
34855 187
34856 187
34857 187
34858 187
34859 187
34860 187
34861 187
34862 187
34863 187
34864 187
34865 187
34866 187
34867 187
34868 187
34869 187
34870 187
34871 187
34872 187
34873 187
34874 187
34875 187
34876 187
34877 187
34878 187
34879 187
34880 187
34881 187
34882 187
34883 187
34884 187
34885 187
34886 187
34887 187
34888 187
34889 187
34890 187
34891 187
34892 187
34893 187
34894 187
34895 187
34896 187
34897 187
34898 187
34899 187
34900 187
34901 187
34902 187
34903 187
34904 187
34905 187
34906 187
34907 187
34908 187
34909 187
34910 187
34911 187
34912 187
34913 187
34914 187
34915 187
34916 187
34917 187
34918 187
34919 187
34920 187
34921 187
34922 187
34923 187
34924 187
34925 187
34926 187
34927 187
34928 187
34929 187
34930 187
34931 187
34932 187
34933 187
34934 187
34935 187
34936 187
34937 187
34938 187
34939 187
34940 187
34941 187
34942 187
34943 187
34944 187
34945 187
34946 187
34947 187
34948 187
34949 187
34950 187
34951 187
34952 187
34953 187
34954 187
34955 187
34956 187
34957 187
34958 187
34959 187
34960 187
34961 187
34962 187
34963 187
34964 187
34965 187
34966 187
34967 187
34968 187
34969 187
34970 187
34971 187
34972 187
34973 187
34974 187
34975 187
34976 187
34977 187
34978 187
34979 187
34980 187
34981 187
34982 187
34983 187
34984 187
34985 187
34986 187
34987 187
34988 187
34989 187
34990 187
34991 187
34992 187
34993 187
34994 187
34995 187
34996 187
34997 187
34998 187
34999 187
35000 187
35001 187
35002 187
35003 187
35004 187
35005 187
35006 187
35007 187
35008 187
35009 187
35010 187
35011 187
35012 187
35013 187
35014 187
35015 187
35016 187
35017 187
35018 187
35019 187
35020 187
35021 187
35022 187
35023 187
35024 187
35025 187
35026 187
35027 187
35028 187
35029 187
35030 187
35031 187
35032 187
35033 187
35034 187
35035 187
35036 187
35037 187
35038 187
35039 187
35040 187
35041 187
35042 187
35043 187
35044 187
35045 187
35046 187
35047 187
35048 187
35049 187
35050 187
35051 187
35052 187
35053 187
35054 187
35055 187
35056 187
35057 187
35058 187
35059 187
35060 187
35061 187
35062 187
35063 187
35064 187
35065 187
35066 187
35067 187
35068 187
35069 187
35070 187
35071 187
35072 187
35073 187
35074 187
35075 187
35076 187
35077 187
35078 187
35079 187
35080 187
35081 187
35082 187
35083 187
35084 187
35085 187
35086 187
35087 187
35088 187
35089 187
35090 187
35091 187
35092 187
35093 187
35094 187
35095 187
35096 187
35097 187
35098 187
35099 187
35100 187
35101 187
35102 187
35103 187
35104 187
35105 187
35106 187
35107 187
35108 187
35109 187
35110 187
35111 187
35112 187
35113 187
35114 187
35115 187
35116 187
35117 187
35118 187
35119 187
35120 187
35121 187
35122 187
35123 187
35124 187
35125 187
35126 187
35127 187
35128 187
35129 187
35130 187
35131 187
35132 187
35133 187
35134 187
35135 187
35136 187
35137 187
35138 187
35139 187
35140 187
35141 187
35142 187
35143 187
35144 187
35145 187
35146 187
35147 187
35148 187
35149 187
35150 187
35151 187
35152 187
35153 187
35154 187
35155 187
35156 187
35157 188
35158 188
35159 188
35160 188
35161 188
35162 188
35163 188
35164 188
35165 188
35166 188
35167 188
35168 188
35169 188
35170 188
35171 188
35172 188
35173 188
35174 188
35175 188
35176 188
35177 188
35178 188
35179 188
35180 188
35181 188
35182 188
35183 188
35184 188
35185 188
35186 188
35187 188
35188 188
35189 188
35190 188
35191 188
35192 188
35193 188
35194 188
35195 188
35196 188
35197 188
35198 188
35199 188
35200 188
35201 188
35202 188
35203 188
35204 188
35205 188
35206 188
35207 188
35208 188
35209 188
35210 188
35211 188
35212 188
35213 188
35214 188
35215 188
35216 188
35217 188
35218 188
35219 188
35220 188
35221 188
35222 188
35223 188
35224 188
35225 188
35226 188
35227 188
35228 188
35229 188
35230 188
35231 188
35232 188
35233 188
35234 188
35235 188
35236 188
35237 188
35238 188
35239 188
35240 188
35241 188
35242 188
35243 188
35244 188
35245 188
35246 188
35247 188
35248 188
35249 188
35250 188
35251 188
35252 188
35253 188
35254 188
35255 188
35256 188
35257 188
35258 188
35259 188
35260 188
35261 188
35262 188
35263 188
35264 188
35265 188
35266 188
35267 188
35268 188
35269 188
35270 188
35271 188
35272 188
35273 188
35274 188
35275 188
35276 188
35277 188
35278 188
35279 188
35280 188
35281 188
35282 188
35283 188
35284 188
35285 188
35286 188
35287 188
35288 188
35289 188
35290 188
35291 188
35292 188
35293 188
35294 188
35295 188
35296 188
35297 188
35298 188
35299 188
35300 188
35301 188
35302 188
35303 188
35304 188
35305 188
35306 188
35307 188
35308 188
35309 188
35310 188
35311 188
35312 188
35313 188
35314 188
35315 188
35316 188
35317 188
35318 188
35319 188
35320 188
35321 188
35322 188
35323 188
35324 188
35325 188
35326 188
35327 188
35328 188
35329 188
35330 188
35331 188
35332 188
35333 188
35334 188
35335 188
35336 188
35337 188
35338 188
35339 188
35340 188
35341 188
35342 188
35343 188
35344 188
35345 188
35346 188
35347 188
35348 188
35349 188
35350 188
35351 188
35352 188
35353 188
35354 188
35355 188
35356 188
35357 188
35358 188
35359 188
35360 188
35361 188
35362 188
35363 188
35364 188
35365 188
35366 188
35367 188
35368 188
35369 188
35370 188
35371 188
35372 188
35373 188
35374 188
35375 188
35376 188
35377 188
35378 188
35379 188
35380 188
35381 188
35382 188
35383 188
35384 188
35385 188
35386 188
35387 188
35388 188
35389 188
35390 188
35391 188
35392 188
35393 188
35394 188
35395 188
35396 188
35397 188
35398 188
35399 188
35400 188
35401 188
35402 188
35403 188
35404 188
35405 188
35406 188
35407 188
35408 188
35409 188
35410 188
35411 188
35412 188
35413 188
35414 188
35415 188
35416 188
35417 188
35418 188
35419 188
35420 188
35421 188
35422 188
35423 188
35424 188
35425 188
35426 188
35427 188
35428 188
35429 188
35430 188
35431 188
35432 188
35433 188
35434 188
35435 188
35436 188
35437 188
35438 188
35439 188
35440 188
35441 188
35442 188
35443 188
35444 188
35445 188
35446 188
35447 188
35448 188
35449 188
35450 188
35451 188
35452 188
35453 188
35454 188
35455 188
35456 188
35457 188
35458 188
35459 188
35460 188
35461 188
35462 188
35463 188
35464 188
35465 188
35466 188
35467 188
35468 188
35469 188
35470 188
35471 188
35472 188
35473 188
35474 188
35475 188
35476 188
35477 188
35478 188
35479 188
35480 188
35481 188
35482 188
35483 188
35484 188
35485 188
35486 188
35487 188
35488 188
35489 188
35490 188
35491 188
35492 188
35493 188
35494 188
35495 188
35496 188
35497 188
35498 188
35499 188
35500 188
35501 188
35502 188
35503 188
35504 188
35505 188
35506 188
35507 188
35508 188
35509 188
35510 188
35511 188
35512 188
35513 188
35514 188
35515 188
35516 188
35517 188
35518 188
35519 188
35520 188
35521 188
35522 188
35523 188
35524 188
35525 188
35526 188
35527 188
35528 188
35529 188
35530 188
35531 188
35532 188
35533 189
35534 189
35535 189
35536 189
35537 189
35538 189
35539 189
35540 189
35541 189
35542 189
35543 189
35544 189
35545 189
35546 189
35547 189
35548 189
35549 189
35550 189
35551 189
35552 189
35553 189
35554 189
35555 189
35556 189
35557 189
35558 189
35559 189
35560 189
35561 189
35562 189
35563 189
35564 189
35565 189
35566 189
35567 189
35568 189
35569 189
35570 189
35571 189
35572 189
35573 189
35574 189
35575 189
35576 189
35577 189
35578 189
35579 189
35580 189
35581 189
35582 189
35583 189
35584 189
35585 189
35586 189
35587 189
35588 189
35589 189
35590 189
35591 189
35592 189
35593 189
35594 189
35595 189
35596 189
35597 189
35598 189
35599 189
35600 189
35601 189
35602 189
35603 189
35604 189
35605 189
35606 189
35607 189
35608 189
35609 189
35610 189
35611 189
35612 189
35613 189
35614 189
35615 189
35616 189
35617 189
35618 189
35619 189
35620 189
35621 189
35622 189
35623 189
35624 189
35625 189
35626 189
35627 189
35628 189
35629 189
35630 189
35631 189
35632 189
35633 189
35634 189
35635 189
35636 189
35637 189
35638 189
35639 189
35640 189
35641 189
35642 189
35643 189
35644 189
35645 189
35646 189
35647 189
35648 189
35649 189
35650 189
35651 189
35652 189
35653 189
35654 189
35655 189
35656 189
35657 189
35658 189
35659 189
35660 189
35661 189
35662 189
35663 189
35664 189
35665 189
35666 189
35667 189
35668 189
35669 189
35670 189
35671 189
35672 189
35673 189
35674 189
35675 189
35676 189
35677 189
35678 189
35679 189
35680 189
35681 189
35682 189
35683 189
35684 189
35685 189
35686 189
35687 189
35688 189
35689 189
35690 189
35691 189
35692 189
35693 189
35694 189
35695 189
35696 189
35697 189
35698 189
35699 189
35700 189
35701 189
35702 189
35703 189
35704 189
35705 189
35706 189
35707 189
35708 189
35709 189
35710 189
35711 189
35712 189
35713 189
35714 189
35715 189
35716 189
35717 189
35718 189
35719 189
35720 189
35721 189
35722 189
35723 189
35724 189
35725 189
35726 189
35727 189
35728 189
35729 189
35730 189
35731 189
35732 189
35733 189
35734 189
35735 189
35736 189
35737 189
35738 189
35739 189
35740 189
35741 189
35742 189
35743 189
35744 189
35745 189
35746 189
35747 189
35748 189
35749 189
35750 189
35751 189
35752 189
35753 189
35754 189
35755 189
35756 189
35757 189
35758 189
35759 189
35760 189
35761 189
35762 189
35763 189
35764 189
35765 189
35766 189
35767 189
35768 189
35769 189
35770 189
35771 189
35772 189
35773 189
35774 189
35775 189
35776 189
35777 189
35778 189
35779 189
35780 189
35781 189
35782 189
35783 189
35784 189
35785 189
35786 189
35787 189
35788 189
35789 189
35790 189
35791 189
35792 189
35793 189
35794 189
35795 189
35796 189
35797 189
35798 189
35799 189
35800 189
35801 189
35802 189
35803 189
35804 189
35805 189
35806 189
35807 189
35808 189
35809 189
35810 189
35811 189
35812 189
35813 189
35814 189
35815 189
35816 189
35817 189
35818 189
35819 189
35820 189
35821 189
35822 189
35823 189
35824 189
35825 189
35826 189
35827 189
35828 189
35829 189
35830 189
35831 189
35832 189
35833 189
35834 189
35835 189
35836 189
35837 189
35838 189
35839 189
35840 189
35841 189
35842 189
35843 189
35844 189
35845 189
35846 189
35847 189
35848 189
35849 189
35850 189
35851 189
35852 189
35853 189
35854 189
35855 189
35856 189
35857 189
35858 189
35859 189
35860 189
35861 189
35862 189
35863 189
35864 189
35865 189
35866 189
35867 189
35868 189
35869 189
35870 189
35871 189
35872 189
35873 189
35874 189
35875 189
35876 189
35877 189
35878 189
35879 189
35880 189
35881 189
35882 189
35883 189
35884 189
35885 189
35886 189
35887 189
35888 189
35889 189
35890 189
35891 189
35892 189
35893 189
35894 189
35895 189
35896 189
35897 189
35898 189
35899 189
35900 189
35901 189
35902 189
35903 189
35904 189
35905 189
35906 189
35907 189
35908 189
35909 189
35910 189
35911 190
35912 190
35913 190
35914 190
35915 190
35916 190
35917 190
35918 190
35919 190
35920 190
35921 190
35922 190
35923 190
35924 190
35925 190
35926 190
35927 190
35928 190
35929 190
35930 190
35931 190
35932 190
35933 190
35934 190
35935 190
35936 190
35937 190
35938 190
35939 190
35940 190
35941 190
35942 190
35943 190
35944 190
35945 190
35946 190
35947 190
35948 190
35949 190
35950 190
35951 190
35952 190
35953 190
35954 190
35955 190
35956 190
35957 190
35958 190
35959 190
35960 190
35961 190
35962 190
35963 190
35964 190
35965 190
35966 190
35967 190
35968 190
35969 190
35970 190
35971 190
35972 190
35973 190
35974 190
35975 190
35976 190
35977 190
35978 190
35979 190
35980 190
35981 190
35982 190
35983 190
35984 190
35985 190
35986 190
35987 190
35988 190
35989 190
35990 190
35991 190
35992 190
35993 190
35994 190
35995 190
35996 190
35997 190
35998 190
35999 190
36000 190
36001 190
36002 190
36003 190
36004 190
36005 190
36006 190
36007 190
36008 190
36009 190
36010 190
36011 190
36012 190
36013 190
36014 190
36015 190
36016 190
36017 190
36018 190
36019 190
36020 190
36021 190
36022 190
36023 190
36024 190
36025 190
36026 190
36027 190
36028 190
36029 190
36030 190
36031 190
36032 190
36033 190
36034 190
36035 190
36036 190
36037 190
36038 190
36039 190
36040 190
36041 190
36042 190
36043 190
36044 190
36045 190
36046 190
36047 190
36048 190
36049 190
36050 190
36051 190
36052 190
36053 190
36054 190
36055 190
36056 190
36057 190
36058 190
36059 190
36060 190
36061 190
36062 190
36063 190
36064 190
36065 190
36066 190
36067 190
36068 190
36069 190
36070 190
36071 190
36072 190
36073 190
36074 190
36075 190
36076 190
36077 190
36078 190
36079 190
36080 190
36081 190
36082 190
36083 190
36084 190
36085 190
36086 190
36087 190
36088 190
36089 190
36090 190
36091 190
36092 190
36093 190
36094 190
36095 190
36096 190
36097 190
36098 190
36099 190
36100 190
36101 190
36102 190
36103 190
36104 190
36105 190
36106 190
36107 190
36108 190
36109 190
36110 190
36111 190
36112 190
36113 190
36114 190
36115 190
36116 190
36117 190
36118 190
36119 190
36120 190
36121 190
36122 190
36123 190
36124 190
36125 190
36126 190
36127 190
36128 190
36129 190
36130 190
36131 190
36132 190
36133 190
36134 190
36135 190
36136 190
36137 190
36138 190
36139 190
36140 190
36141 190
36142 190
36143 190
36144 190
36145 190
36146 190
36147 190
36148 190
36149 190
36150 190
36151 190
36152 190
36153 190
36154 190
36155 190
36156 190
36157 190
36158 190
36159 190
36160 190
36161 190
36162 190
36163 190
36164 190
36165 190
36166 190
36167 190
36168 190
36169 190
36170 190
36171 190
36172 190
36173 190
36174 190
36175 190
36176 190
36177 190
36178 190
36179 190
36180 190
36181 190
36182 190
36183 190
36184 190
36185 190
36186 190
36187 190
36188 190
36189 190
36190 190
36191 190
36192 190
36193 190
36194 190
36195 190
36196 190
36197 190
36198 190
36199 190
36200 190
36201 190
36202 190
36203 190
36204 190
36205 190
36206 190
36207 190
36208 190
36209 190
36210 190
36211 190
36212 190
36213 190
36214 190
36215 190
36216 190
36217 190
36218 190
36219 190
36220 190
36221 190
36222 190
36223 190
36224 190
36225 190
36226 190
36227 190
36228 190
36229 190
36230 190
36231 190
36232 190
36233 190
36234 190
36235 190
36236 190
36237 190
36238 190
36239 190
36240 190
36241 190
36242 190
36243 190
36244 190
36245 190
36246 190
36247 190
36248 190
36249 190
36250 190
36251 190
36252 190
36253 190
36254 190
36255 190
36256 190
36257 190
36258 190
36259 190
36260 190
36261 190
36262 190
36263 190
36264 190
36265 190
36266 190
36267 190
36268 190
36269 190
36270 190
36271 190
36272 190
36273 190
36274 190
36275 190
36276 190
36277 190
36278 190
36279 190
36280 190
36281 190
36282 190
36283 190
36284 190
36285 190
36286 190
36287 190
36288 190
36289 190
36290 190
36291 191
36292 191
36293 191
36294 191
36295 191
36296 191
36297 191
36298 191
36299 191
36300 191
36301 191
36302 191
36303 191
36304 191
36305 191
36306 191
36307 191
36308 191
36309 191
36310 191
36311 191
36312 191
36313 191
36314 191
36315 191
36316 191
36317 191
36318 191
36319 191
36320 191
36321 191
36322 191
36323 191
36324 191
36325 191
36326 191
36327 191
36328 191
36329 191
36330 191
36331 191
36332 191
36333 191
36334 191
36335 191
36336 191
36337 191
36338 191
36339 191
36340 191
36341 191
36342 191
36343 191
36344 191
36345 191
36346 191
36347 191
36348 191
36349 191
36350 191
36351 191
36352 191
36353 191
36354 191
36355 191
36356 191
36357 191
36358 191
36359 191
36360 191
36361 191
36362 191
36363 191
36364 191
36365 191
36366 191
36367 191
36368 191
36369 191
36370 191
36371 191
36372 191
36373 191
36374 191
36375 191
36376 191
36377 191
36378 191
36379 191
36380 191
36381 191
36382 191
36383 191
36384 191
36385 191
36386 191
36387 191
36388 191
36389 191
36390 191
36391 191
36392 191
36393 191
36394 191
36395 191
36396 191
36397 191
36398 191
36399 191
36400 191
36401 191
36402 191
36403 191
36404 191
36405 191
36406 191
36407 191
36408 191
36409 191
36410 191
36411 191
36412 191
36413 191
36414 191
36415 191
36416 191
36417 191
36418 191
36419 191
36420 191
36421 191
36422 191
36423 191
36424 191
36425 191
36426 191
36427 191
36428 191
36429 191
36430 191
36431 191
36432 191
36433 191
36434 191
36435 191
36436 191
36437 191
36438 191
36439 191
36440 191
36441 191
36442 191
36443 191
36444 191
36445 191
36446 191
36447 191
36448 191
36449 191
36450 191
36451 191
36452 191
36453 191
36454 191
36455 191
36456 191
36457 191
36458 191
36459 191
36460 191
36461 191
36462 191
36463 191
36464 191
36465 191
36466 191
36467 191
36468 191
36469 191
36470 191
36471 191
36472 191
36473 191
36474 191
36475 191
36476 191
36477 191
36478 191
36479 191
36480 191
36481 191
36482 191
36483 191
36484 191
36485 191
36486 191
36487 191
36488 191
36489 191
36490 191
36491 191
36492 191
36493 191
36494 191
36495 191
36496 191
36497 191
36498 191
36499 191
36500 191
36501 191
36502 191
36503 191
36504 191
36505 191
36506 191
36507 191
36508 191
36509 191
36510 191
36511 191
36512 191
36513 191
36514 191
36515 191
36516 191
36517 191
36518 191
36519 191
36520 191
36521 191
36522 191
36523 191
36524 191
36525 191
36526 191
36527 191
36528 191
36529 191
36530 191
36531 191
36532 191
36533 191
36534 191
36535 191
36536 191
36537 191
36538 191
36539 191
36540 191
36541 191
36542 191
36543 191
36544 191
36545 191
36546 191
36547 191
36548 191
36549 191
36550 191
36551 191
36552 191
36553 191
36554 191
36555 191
36556 191
36557 191
36558 191
36559 191
36560 191
36561 191
36562 191
36563 191
36564 191
36565 191
36566 191
36567 191
36568 191
36569 191
36570 191
36571 191
36572 191
36573 191
36574 191
36575 191
36576 191
36577 191
36578 191
36579 191
36580 191
36581 191
36582 191
36583 191
36584 191
36585 191
36586 191
36587 191
36588 191
36589 191
36590 191
36591 191
36592 191
36593 191
36594 191
36595 191
36596 191
36597 191
36598 191
36599 191
36600 191
36601 191
36602 191
36603 191
36604 191
36605 191
36606 191
36607 191
36608 191
36609 191
36610 191
36611 191
36612 191
36613 191
36614 191
36615 191
36616 191
36617 191
36618 191
36619 191
36620 191
36621 191
36622 191
36623 191
36624 191
36625 191
36626 191
36627 191
36628 191
36629 191
36630 191
36631 191
36632 191
36633 191
36634 191
36635 191
36636 191
36637 191
36638 191
36639 191
36640 191
36641 191
36642 191
36643 191
36644 191
36645 191
36646 191
36647 191
36648 191
36649 191
36650 191
36651 191
36652 191
36653 191
36654 191
36655 191
36656 191
36657 191
36658 191
36659 191
36660 191
36661 191
36662 191
36663 191
36664 191
36665 191
36666 191
36667 191
36668 191
36669 191
36670 191
36671 191
36672 191
36673 192
36674 192
36675 192
36676 192
36677 192
36678 192
36679 192
36680 192
36681 192
36682 192
36683 192
36684 192
36685 192
36686 192
36687 192
36688 192
36689 192
36690 192
36691 192
36692 192
36693 192
36694 192
36695 192
36696 192
36697 192
36698 192
36699 192
36700 192
36701 192
36702 192
36703 192
36704 192
36705 192
36706 192
36707 192
36708 192
36709 192
36710 192
36711 192
36712 192
36713 192
36714 192
36715 192
36716 192
36717 192
36718 192
36719 192
36720 192
36721 192
36722 192
36723 192
36724 192
36725 192
36726 192
36727 192
36728 192
36729 192
36730 192
36731 192
36732 192
36733 192
36734 192
36735 192
36736 192
36737 192
36738 192
36739 192
36740 192
36741 192
36742 192
36743 192
36744 192
36745 192
36746 192
36747 192
36748 192
36749 192
36750 192
36751 192
36752 192
36753 192
36754 192
36755 192
36756 192
36757 192
36758 192
36759 192
36760 192
36761 192
36762 192
36763 192
36764 192
36765 192
36766 192
36767 192
36768 192
36769 192
36770 192
36771 192
36772 192
36773 192
36774 192
36775 192
36776 192
36777 192
36778 192
36779 192
36780 192
36781 192
36782 192
36783 192
36784 192
36785 192
36786 192
36787 192
36788 192
36789 192
36790 192
36791 192
36792 192
36793 192
36794 192
36795 192
36796 192
36797 192
36798 192
36799 192
36800 192
36801 192
36802 192
36803 192
36804 192
36805 192
36806 192
36807 192
36808 192
36809 192
36810 192
36811 192
36812 192
36813 192
36814 192
36815 192
36816 192
36817 192
36818 192
36819 192
36820 192
36821 192
36822 192
36823 192
36824 192
36825 192
36826 192
36827 192
36828 192
36829 192
36830 192
36831 192
36832 192
36833 192
36834 192
36835 192
36836 192
36837 192
36838 192
36839 192
36840 192
36841 192
36842 192
36843 192
36844 192
36845 192
36846 192
36847 192
36848 192
36849 192
36850 192
36851 192
36852 192
36853 192
36854 192
36855 192
36856 192
36857 192
36858 192
36859 192
36860 192
36861 192
36862 192
36863 192
36864 192
36865 192
36866 192
36867 192
36868 192
36869 192
36870 192
36871 192
36872 192
36873 192
36874 192
36875 192
36876 192
36877 192
36878 192
36879 192
36880 192
36881 192
36882 192
36883 192
36884 192
36885 192
36886 192
36887 192
36888 192
36889 192
36890 192
36891 192
36892 192
36893 192
36894 192
36895 192
36896 192
36897 192
36898 192
36899 192
36900 192
36901 192
36902 192
36903 192
36904 192
36905 192
36906 192
36907 192
36908 192
36909 192
36910 192
36911 192
36912 192
36913 192
36914 192
36915 192
36916 192
36917 192
36918 192
36919 192
36920 192
36921 192
36922 192
36923 192
36924 192
36925 192
36926 192
36927 192
36928 192
36929 192
36930 192
36931 192
36932 192
36933 192
36934 192
36935 192
36936 192
36937 192
36938 192
36939 192
36940 192
36941 192
36942 192
36943 192
36944 192
36945 192
36946 192
36947 192
36948 192
36949 192
36950 192
36951 192
36952 192
36953 192
36954 192
36955 192
36956 192
36957 192
36958 192
36959 192
36960 192
36961 192
36962 192
36963 192
36964 192
36965 192
36966 192
36967 192
36968 192
36969 192
36970 192
36971 192
36972 192
36973 192
36974 192
36975 192
36976 192
36977 192
36978 192
36979 192
36980 192
36981 192
36982 192
36983 192
36984 192
36985 192
36986 192
36987 192
36988 192
36989 192
36990 192
36991 192
36992 192
36993 192
36994 192
36995 192
36996 192
36997 192
36998 192
36999 192
37000 192
37001 192
37002 192
37003 192
37004 192
37005 192
37006 192
37007 192
37008 192
37009 192
37010 192
37011 192
37012 192
37013 192
37014 192
37015 192
37016 192
37017 192
37018 192
37019 192
37020 192
37021 192
37022 192
37023 192
37024 192
37025 192
37026 192
37027 192
37028 192
37029 192
37030 192
37031 192
37032 192
37033 192
37034 192
37035 192
37036 192
37037 192
37038 192
37039 192
37040 192
37041 192
37042 192
37043 192
37044 192
37045 192
37046 192
37047 192
37048 192
37049 192
37050 192
37051 192
37052 192
37053 192
37054 192
37055 192
37056 192
37057 193
37058 193
37059 193
37060 193
37061 193
37062 193
37063 193
37064 193
37065 193
37066 193
37067 193
37068 193
37069 193
37070 193
37071 193
37072 193
37073 193
37074 193
37075 193
37076 193
37077 193
37078 193
37079 193
37080 193
37081 193
37082 193
37083 193
37084 193
37085 193
37086 193
37087 193
37088 193
37089 193
37090 193
37091 193
37092 193
37093 193
37094 193
37095 193
37096 193
37097 193
37098 193
37099 193
37100 193
37101 193
37102 193
37103 193
37104 193
37105 193
37106 193
37107 193
37108 193
37109 193
37110 193
37111 193
37112 193
37113 193
37114 193
37115 193
37116 193
37117 193
37118 193
37119 193
37120 193
37121 193
37122 193
37123 193
37124 193
37125 193
37126 193
37127 193
37128 193
37129 193
37130 193
37131 193
37132 193
37133 193
37134 193
37135 193
37136 193
37137 193
37138 193
37139 193
37140 193
37141 193
37142 193
37143 193
37144 193
37145 193
37146 193
37147 193
37148 193
37149 193
37150 193
37151 193
37152 193
37153 193
37154 193
37155 193
37156 193
37157 193
37158 193
37159 193
37160 193
37161 193
37162 193
37163 193
37164 193
37165 193
37166 193
37167 193
37168 193
37169 193
37170 193
37171 193
37172 193
37173 193
37174 193
37175 193
37176 193
37177 193
37178 193
37179 193
37180 193
37181 193
37182 193
37183 193
37184 193
37185 193
37186 193
37187 193
37188 193
37189 193
37190 193
37191 193
37192 193
37193 193
37194 193
37195 193
37196 193
37197 193
37198 193
37199 193
37200 193
37201 193
37202 193
37203 193
37204 193
37205 193
37206 193
37207 193
37208 193
37209 193
37210 193
37211 193
37212 193
37213 193
37214 193
37215 193
37216 193
37217 193
37218 193
37219 193
37220 193
37221 193
37222 193
37223 193
37224 193
37225 193
37226 193
37227 193
37228 193
37229 193
37230 193
37231 193
37232 193
37233 193
37234 193
37235 193
37236 193
37237 193
37238 193
37239 193
37240 193
37241 193
37242 193
37243 193
37244 193
37245 193
37246 193
37247 193
37248 193
37249 193
37250 193
37251 193
37252 193
37253 193
37254 193
37255 193
37256 193
37257 193
37258 193
37259 193
37260 193
37261 193
37262 193
37263 193
37264 193
37265 193
37266 193
37267 193
37268 193
37269 193
37270 193
37271 193
37272 193
37273 193
37274 193
37275 193
37276 193
37277 193
37278 193
37279 193
37280 193
37281 193
37282 193
37283 193
37284 193
37285 193
37286 193
37287 193
37288 193
37289 193
37290 193
37291 193
37292 193
37293 193
37294 193
37295 193
37296 193
37297 193
37298 193
37299 193
37300 193
37301 193
37302 193
37303 193
37304 193
37305 193
37306 193
37307 193
37308 193
37309 193
37310 193
37311 193
37312 193
37313 193
37314 193
37315 193
37316 193
37317 193
37318 193
37319 193
37320 193
37321 193
37322 193
37323 193
37324 193
37325 193
37326 193
37327 193
37328 193
37329 193
37330 193
37331 193
37332 193
37333 193
37334 193
37335 193
37336 193
37337 193
37338 193
37339 193
37340 193
37341 193
37342 193
37343 193
37344 193
37345 193
37346 193
37347 193
37348 193
37349 193
37350 193
37351 193
37352 193
37353 193
37354 193
37355 193
37356 193
37357 193
37358 193
37359 193
37360 193
37361 193
37362 193
37363 193
37364 193
37365 193
37366 193
37367 193
37368 193
37369 193
37370 193
37371 193
37372 193
37373 193
37374 193
37375 193
37376 193
37377 193
37378 193
37379 193
37380 193
37381 193
37382 193
37383 193
37384 193
37385 193
37386 193
37387 193
37388 193
37389 193
37390 193
37391 193
37392 193
37393 193
37394 193
37395 193
37396 193
37397 193
37398 193
37399 193
37400 193
37401 193
37402 193
37403 193
37404 193
37405 193
37406 193
37407 193
37408 193
37409 193
37410 193
37411 193
37412 193
37413 193
37414 193
37415 193
37416 193
37417 193
37418 193
37419 193
37420 193
37421 193
37422 193
37423 193
37424 193
37425 193
37426 193
37427 193
37428 193
37429 193
37430 193
37431 193
37432 193
37433 193
37434 193
37435 193
37436 193
37437 193
37438 193
37439 193
37440 193
37441 193
37442 193
37443 194
37444 194
37445 194
37446 194
37447 194
37448 194
37449 194
37450 194
37451 194
37452 194
37453 194
37454 194
37455 194
37456 194
37457 194
37458 194
37459 194
37460 194
37461 194
37462 194
37463 194
37464 194
37465 194
37466 194
37467 194
37468 194
37469 194
37470 194
37471 194
37472 194
37473 194
37474 194
37475 194
37476 194
37477 194
37478 194
37479 194
37480 194
37481 194
37482 194
37483 194
37484 194
37485 194
37486 194
37487 194
37488 194
37489 194
37490 194
37491 194
37492 194
37493 194
37494 194
37495 194
37496 194
37497 194
37498 194
37499 194
37500 194
37501 194
37502 194
37503 194
37504 194
37505 194
37506 194
37507 194
37508 194
37509 194
37510 194
37511 194
37512 194
37513 194
37514 194
37515 194
37516 194
37517 194
37518 194
37519 194
37520 194
37521 194
37522 194
37523 194
37524 194
37525 194
37526 194
37527 194
37528 194
37529 194
37530 194
37531 194
37532 194
37533 194
37534 194
37535 194
37536 194
37537 194
37538 194
37539 194
37540 194
37541 194
37542 194
37543 194
37544 194
37545 194
37546 194
37547 194
37548 194
37549 194
37550 194
37551 194
37552 194
37553 194
37554 194
37555 194
37556 194
37557 194
37558 194
37559 194
37560 194
37561 194
37562 194
37563 194
37564 194
37565 194
37566 194
37567 194
37568 194
37569 194
37570 194
37571 194
37572 194
37573 194
37574 194
37575 194
37576 194
37577 194
37578 194
37579 194
37580 194
37581 194
37582 194
37583 194
37584 194
37585 194
37586 194
37587 194
37588 194
37589 194
37590 194
37591 194
37592 194
37593 194
37594 194
37595 194
37596 194
37597 194
37598 194
37599 194
37600 194
37601 194
37602 194
37603 194
37604 194
37605 194
37606 194
37607 194
37608 194
37609 194
37610 194
37611 194
37612 194
37613 194
37614 194
37615 194
37616 194
37617 194
37618 194
37619 194
37620 194
37621 194
37622 194
37623 194
37624 194
37625 194
37626 194
37627 194
37628 194
37629 194
37630 194
37631 194
37632 194
37633 194
37634 194
37635 194
37636 194
37637 194
37638 194
37639 194
37640 194
37641 194
37642 194
37643 194
37644 194
37645 194
37646 194
37647 194
37648 194
37649 194
37650 194
37651 194
37652 194
37653 194
37654 194
37655 194
37656 194
37657 194
37658 194
37659 194
37660 194
37661 194
37662 194
37663 194
37664 194
37665 194
37666 194
37667 194
37668 194
37669 194
37670 194
37671 194
37672 194
37673 194
37674 194
37675 194
37676 194
37677 194
37678 194
37679 194
37680 194
37681 194
37682 194
37683 194
37684 194
37685 194
37686 194
37687 194
37688 194
37689 194
37690 194
37691 194
37692 194
37693 194
37694 194
37695 194
37696 194
37697 194
37698 194
37699 194
37700 194
37701 194
37702 194
37703 194
37704 194
37705 194
37706 194
37707 194
37708 194
37709 194
37710 194
37711 194
37712 194
37713 194
37714 194
37715 194
37716 194
37717 194
37718 194
37719 194
37720 194
37721 194
37722 194
37723 194
37724 194
37725 194
37726 194
37727 194
37728 194
37729 194
37730 194
37731 194
37732 194
37733 194
37734 194
37735 194
37736 194
37737 194
37738 194
37739 194
37740 194
37741 194
37742 194
37743 194
37744 194
37745 194
37746 194
37747 194
37748 194
37749 194
37750 194
37751 194
37752 194
37753 194
37754 194
37755 194
37756 194
37757 194
37758 194
37759 194
37760 194
37761 194
37762 194
37763 194
37764 194
37765 194
37766 194
37767 194
37768 194
37769 194
37770 194
37771 194
37772 194
37773 194
37774 194
37775 194
37776 194
37777 194
37778 194
37779 194
37780 194
37781 194
37782 194
37783 194
37784 194
37785 194
37786 194
37787 194
37788 194
37789 194
37790 194
37791 194
37792 194
37793 194
37794 194
37795 194
37796 194
37797 194
37798 194
37799 194
37800 194
37801 194
37802 194
37803 194
37804 194
37805 194
37806 194
37807 194
37808 194
37809 194
37810 194
37811 194
37812 194
37813 194
37814 194
37815 194
37816 194
37817 194
37818 194
37819 194
37820 194
37821 194
37822 194
37823 194
37824 194
37825 194
37826 194
37827 194
37828 194
37829 194
37830 194
37831 195
37832 195
37833 195
37834 195
37835 195
37836 195
37837 195
37838 195
37839 195
37840 195
37841 195
37842 195
37843 195
37844 195
37845 195
37846 195
37847 195
37848 195
37849 195
37850 195
37851 195
37852 195
37853 195
37854 195
37855 195
37856 195
37857 195
37858 195
37859 195
37860 195
37861 195
37862 195
37863 195
37864 195
37865 195
37866 195
37867 195
37868 195
37869 195
37870 195
37871 195
37872 195
37873 195
37874 195
37875 195
37876 195
37877 195
37878 195
37879 195
37880 195
37881 195
37882 195
37883 195
37884 195
37885 195
37886 195
37887 195
37888 195
37889 195
37890 195
37891 195
37892 195
37893 195
37894 195
37895 195
37896 195
37897 195
37898 195
37899 195
37900 195
37901 195
37902 195
37903 195
37904 195
37905 195
37906 195
37907 195
37908 195
37909 195
37910 195
37911 195
37912 195
37913 195
37914 195
37915 195
37916 195
37917 195
37918 195
37919 195
37920 195
37921 195
37922 195
37923 195
37924 195
37925 195
37926 195
37927 195
37928 195
37929 195
37930 195
37931 195
37932 195
37933 195
37934 195
37935 195
37936 195
37937 195
37938 195
37939 195
37940 195
37941 195
37942 195
37943 195
37944 195
37945 195
37946 195
37947 195
37948 195
37949 195
37950 195
37951 195
37952 195
37953 195
37954 195
37955 195
37956 195
37957 195
37958 195
37959 195
37960 195
37961 195
37962 195
37963 195
37964 195
37965 195
37966 195
37967 195
37968 195
37969 195
37970 195
37971 195
37972 195
37973 195
37974 195
37975 195
37976 195
37977 195
37978 195
37979 195
37980 195
37981 195
37982 195
37983 195
37984 195
37985 195
37986 195
37987 195
37988 195
37989 195
37990 195
37991 195
37992 195
37993 195
37994 195
37995 195
37996 195
37997 195
37998 195
37999 195
38000 195
38001 195
38002 195
38003 195
38004 195
38005 195
38006 195
38007 195
38008 195
38009 195
38010 195
38011 195
38012 195
38013 195
38014 195
38015 195
38016 195
38017 195
38018 195
38019 195
38020 195
38021 195
38022 195
38023 195
38024 195
38025 195
38026 195
38027 195
38028 195
38029 195
38030 195
38031 195
38032 195
38033 195
38034 195
38035 195
38036 195
38037 195
38038 195
38039 195
38040 195
38041 195
38042 195
38043 195
38044 195
38045 195
38046 195
38047 195
38048 195
38049 195
38050 195
38051 195
38052 195
38053 195
38054 195
38055 195
38056 195
38057 195
38058 195
38059 195
38060 195
38061 195
38062 195
38063 195
38064 195
38065 195
38066 195
38067 195
38068 195
38069 195
38070 195
38071 195
38072 195
38073 195
38074 195
38075 195
38076 195
38077 195
38078 195
38079 195
38080 195
38081 195
38082 195
38083 195
38084 195
38085 195
38086 195
38087 195
38088 195
38089 195
38090 195
38091 195
38092 195
38093 195
38094 195
38095 195
38096 195
38097 195
38098 195
38099 195
38100 195
38101 195
38102 195
38103 195
38104 195
38105 195
38106 195
38107 195
38108 195
38109 195
38110 195
38111 195
38112 195
38113 195
38114 195
38115 195
38116 195
38117 195
38118 195
38119 195
38120 195
38121 195
38122 195
38123 195
38124 195
38125 195
38126 195
38127 195
38128 195
38129 195
38130 195
38131 195
38132 195
38133 195
38134 195
38135 195
38136 195
38137 195
38138 195
38139 195
38140 195
38141 195
38142 195
38143 195
38144 195
38145 195
38146 195
38147 195
38148 195
38149 195
38150 195
38151 195
38152 195
38153 195
38154 195
38155 195
38156 195
38157 195
38158 195
38159 195
38160 195
38161 195
38162 195
38163 195
38164 195
38165 195
38166 195
38167 195
38168 195
38169 195
38170 195
38171 195
38172 195
38173 195
38174 195
38175 195
38176 195
38177 195
38178 195
38179 195
38180 195
38181 195
38182 195
38183 195
38184 195
38185 195
38186 195
38187 195
38188 195
38189 195
38190 195
38191 195
38192 195
38193 195
38194 195
38195 195
38196 195
38197 195
38198 195
38199 195
38200 195
38201 195
38202 195
38203 195
38204 195
38205 195
38206 195
38207 195
38208 195
38209 195
38210 195
38211 195
38212 195
38213 195
38214 195
38215 195
38216 195
38217 195
38218 195
38219 195
38220 195
38221 196
38222 196
38223 196
38224 196
38225 196
38226 196
38227 196
38228 196
38229 196
38230 196
38231 196
38232 196
38233 196
38234 196
38235 196
38236 196
38237 196
38238 196
38239 196
38240 196
38241 196
38242 196
38243 196
38244 196
38245 196
38246 196
38247 196
38248 196
38249 196
38250 196
38251 196
38252 196
38253 196
38254 196
38255 196
38256 196
38257 196
38258 196
38259 196
38260 196
38261 196
38262 196
38263 196
38264 196
38265 196
38266 196
38267 196
38268 196
38269 196
38270 196
38271 196
38272 196
38273 196
38274 196
38275 196
38276 196
38277 196
38278 196
38279 196
38280 196
38281 196
38282 196
38283 196
38284 196
38285 196
38286 196
38287 196
38288 196
38289 196
38290 196
38291 196
38292 196
38293 196
38294 196
38295 196
38296 196
38297 196
38298 196
38299 196
38300 196
38301 196
38302 196
38303 196
38304 196
38305 196
38306 196
38307 196
38308 196
38309 196
38310 196
38311 196
38312 196
38313 196
38314 196
38315 196
38316 196
38317 196
38318 196
38319 196
38320 196
38321 196
38322 196
38323 196
38324 196
38325 196
38326 196
38327 196
38328 196
38329 196
38330 196
38331 196
38332 196
38333 196
38334 196
38335 196
38336 196
38337 196
38338 196
38339 196
38340 196
38341 196
38342 196
38343 196
38344 196
38345 196
38346 196
38347 196
38348 196
38349 196
38350 196
38351 196
38352 196
38353 196
38354 196
38355 196
38356 196
38357 196
38358 196
38359 196
38360 196
38361 196
38362 196
38363 196
38364 196
38365 196
38366 196
38367 196
38368 196
38369 196
38370 196
38371 196
38372 196
38373 196
38374 196
38375 196
38376 196
38377 196
38378 196
38379 196
38380 196
38381 196
38382 196
38383 196
38384 196
38385 196
38386 196
38387 196
38388 196
38389 196
38390 196
38391 196
38392 196
38393 196
38394 196
38395 196
38396 196
38397 196
38398 196
38399 196
38400 196
38401 196
38402 196
38403 196
38404 196
38405 196
38406 196
38407 196
38408 196
38409 196
38410 196
38411 196
38412 196
38413 196
38414 196
38415 196
38416 196
38417 196
38418 196
38419 196
38420 196
38421 196
38422 196
38423 196
38424 196
38425 196
38426 196
38427 196
38428 196
38429 196
38430 196
38431 196
38432 196
38433 196
38434 196
38435 196
38436 196
38437 196
38438 196
38439 196
38440 196
38441 196
38442 196
38443 196
38444 196
38445 196
38446 196
38447 196
38448 196
38449 196
38450 196
38451 196
38452 196
38453 196
38454 196
38455 196
38456 196
38457 196
38458 196
38459 196
38460 196
38461 196
38462 196
38463 196
38464 196
38465 196
38466 196
38467 196
38468 196
38469 196
38470 196
38471 196
38472 196
38473 196
38474 196
38475 196
38476 196
38477 196
38478 196
38479 196
38480 196
38481 196
38482 196
38483 196
38484 196
38485 196
38486 196
38487 196
38488 196
38489 196
38490 196
38491 196
38492 196
38493 196
38494 196
38495 196
38496 196
38497 196
38498 196
38499 196
38500 196
38501 196
38502 196
38503 196
38504 196
38505 196
38506 196
38507 196
38508 196
38509 196
38510 196
38511 196
38512 196
38513 196
38514 196
38515 196
38516 196
38517 196
38518 196
38519 196
38520 196
38521 196
38522 196
38523 196
38524 196
38525 196
38526 196
38527 196
38528 196
38529 196
38530 196
38531 196
38532 196
38533 196
38534 196
38535 196
38536 196
38537 196
38538 196
38539 196
38540 196
38541 196
38542 196
38543 196
38544 196
38545 196
38546 196
38547 196
38548 196
38549 196
38550 196
38551 196
38552 196
38553 196
38554 196
38555 196
38556 196
38557 196
38558 196
38559 196
38560 196
38561 196
38562 196
38563 196
38564 196
38565 196
38566 196
38567 196
38568 196
38569 196
38570 196
38571 196
38572 196
38573 196
38574 196
38575 196
38576 196
38577 196
38578 196
38579 196
38580 196
38581 196
38582 196
38583 196
38584 196
38585 196
38586 196
38587 196
38588 196
38589 196
38590 196
38591 196
38592 196
38593 196
38594 196
38595 196
38596 196
38597 196
38598 196
38599 196
38600 196
38601 196
38602 196
38603 196
38604 196
38605 196
38606 196
38607 196
38608 196
38609 196
38610 196
38611 196
38612 196
38613 197
38614 197
38615 197
38616 197
38617 197
38618 197
38619 197
38620 197
38621 197
38622 197
38623 197
38624 197
38625 197
38626 197
38627 197
38628 197
38629 197
38630 197
38631 197
38632 197
38633 197
38634 197
38635 197
38636 197
38637 197
38638 197
38639 197
38640 197
38641 197
38642 197
38643 197
38644 197
38645 197
38646 197
38647 197
38648 197
38649 197
38650 197
38651 197
38652 197
38653 197
38654 197
38655 197
38656 197
38657 197
38658 197
38659 197
38660 197
38661 197
38662 197
38663 197
38664 197
38665 197
38666 197
38667 197
38668 197
38669 197
38670 197
38671 197
38672 197
38673 197
38674 197
38675 197
38676 197
38677 197
38678 197
38679 197
38680 197
38681 197
38682 197
38683 197
38684 197
38685 197
38686 197
38687 197
38688 197
38689 197
38690 197
38691 197
38692 197
38693 197
38694 197
38695 197
38696 197
38697 197
38698 197
38699 197
38700 197
38701 197
38702 197
38703 197
38704 197
38705 197
38706 197
38707 197
38708 197
38709 197
38710 197
38711 197
38712 197
38713 197
38714 197
38715 197
38716 197
38717 197
38718 197
38719 197
38720 197
38721 197
38722 197
38723 197
38724 197
38725 197
38726 197
38727 197
38728 197
38729 197
38730 197
38731 197
38732 197
38733 197
38734 197
38735 197
38736 197
38737 197
38738 197
38739 197
38740 197
38741 197
38742 197
38743 197
38744 197
38745 197
38746 197
38747 197
38748 197
38749 197
38750 197
38751 197
38752 197
38753 197
38754 197
38755 197
38756 197
38757 197
38758 197
38759 197
38760 197
38761 197
38762 197
38763 197
38764 197
38765 197
38766 197
38767 197
38768 197
38769 197
38770 197
38771 197
38772 197
38773 197
38774 197
38775 197
38776 197
38777 197
38778 197
38779 197
38780 197
38781 197
38782 197
38783 197
38784 197
38785 197
38786 197
38787 197
38788 197
38789 197
38790 197
38791 197
38792 197
38793 197
38794 197
38795 197
38796 197
38797 197
38798 197
38799 197
38800 197
38801 197
38802 197
38803 197
38804 197
38805 197
38806 197
38807 197
38808 197
38809 197
38810 197
38811 197
38812 197
38813 197
38814 197
38815 197
38816 197
38817 197
38818 197
38819 197
38820 197
38821 197
38822 197
38823 197
38824 197
38825 197
38826 197
38827 197
38828 197
38829 197
38830 197
38831 197
38832 197
38833 197
38834 197
38835 197
38836 197
38837 197
38838 197
38839 197
38840 197
38841 197
38842 197
38843 197
38844 197
38845 197
38846 197
38847 197
38848 197
38849 197
38850 197
38851 197
38852 197
38853 197
38854 197
38855 197
38856 197
38857 197
38858 197
38859 197
38860 197
38861 197
38862 197
38863 197
38864 197
38865 197
38866 197
38867 197
38868 197
38869 197
38870 197
38871 197
38872 197
38873 197
38874 197
38875 197
38876 197
38877 197
38878 197
38879 197
38880 197
38881 197
38882 197
38883 197
38884 197
38885 197
38886 197
38887 197
38888 197
38889 197
38890 197
38891 197
38892 197
38893 197
38894 197
38895 197
38896 197
38897 197
38898 197
38899 197
38900 197
38901 197
38902 197
38903 197
38904 197
38905 197
38906 197
38907 197
38908 197
38909 197
38910 197
38911 197
38912 197
38913 197
38914 197
38915 197
38916 197
38917 197
38918 197
38919 197
38920 197
38921 197
38922 197
38923 197
38924 197
38925 197
38926 197
38927 197
38928 197
38929 197
38930 197
38931 197
38932 197
38933 197
38934 197
38935 197
38936 197
38937 197
38938 197
38939 197
38940 197
38941 197
38942 197
38943 197
38944 197
38945 197
38946 197
38947 197
38948 197
38949 197
38950 197
38951 197
38952 197
38953 197
38954 197
38955 197
38956 197
38957 197
38958 197
38959 197
38960 197
38961 197
38962 197
38963 197
38964 197
38965 197
38966 197
38967 197
38968 197
38969 197
38970 197
38971 197
38972 197
38973 197
38974 197
38975 197
38976 197
38977 197
38978 197
38979 197
38980 197
38981 197
38982 197
38983 197
38984 197
38985 197
38986 197
38987 197
38988 197
38989 197
38990 197
38991 197
38992 197
38993 197
38994 197
38995 197
38996 197
38997 197
38998 197
38999 197
39000 197
39001 197
39002 197
39003 197
39004 197
39005 197
39006 197
39007 198
39008 198
39009 198
39010 198
39011 198
39012 198
39013 198
39014 198
39015 198
39016 198
39017 198
39018 198
39019 198
39020 198
39021 198
39022 198
39023 198
39024 198
39025 198
39026 198
39027 198
39028 198
39029 198
39030 198
39031 198
39032 198
39033 198
39034 198
39035 198
39036 198
39037 198
39038 198
39039 198
39040 198
39041 198
39042 198
39043 198
39044 198
39045 198
39046 198
39047 198
39048 198
39049 198
39050 198
39051 198
39052 198
39053 198
39054 198
39055 198
39056 198
39057 198
39058 198
39059 198
39060 198
39061 198
39062 198
39063 198
39064 198
39065 198
39066 198
39067 198
39068 198
39069 198
39070 198
39071 198
39072 198
39073 198
39074 198
39075 198
39076 198
39077 198
39078 198
39079 198
39080 198
39081 198
39082 198
39083 198
39084 198
39085 198
39086 198
39087 198
39088 198
39089 198
39090 198
39091 198
39092 198
39093 198
39094 198
39095 198
39096 198
39097 198
39098 198
39099 198
39100 198
39101 198
39102 198
39103 198
39104 198
39105 198
39106 198
39107 198
39108 198
39109 198
39110 198
39111 198
39112 198
39113 198
39114 198
39115 198
39116 198
39117 198
39118 198
39119 198
39120 198
39121 198
39122 198
39123 198
39124 198
39125 198
39126 198
39127 198
39128 198
39129 198
39130 198
39131 198
39132 198
39133 198
39134 198
39135 198
39136 198
39137 198
39138 198
39139 198
39140 198
39141 198
39142 198
39143 198
39144 198
39145 198
39146 198
39147 198
39148 198
39149 198
39150 198
39151 198
39152 198
39153 198
39154 198
39155 198
39156 198
39157 198
39158 198
39159 198
39160 198
39161 198
39162 198
39163 198
39164 198
39165 198
39166 198
39167 198
39168 198
39169 198
39170 198
39171 198
39172 198
39173 198
39174 198
39175 198
39176 198
39177 198
39178 198
39179 198
39180 198
39181 198
39182 198
39183 198
39184 198
39185 198
39186 198
39187 198
39188 198
39189 198
39190 198
39191 198
39192 198
39193 198
39194 198
39195 198
39196 198
39197 198
39198 198
39199 198
39200 198
39201 198
39202 198
39203 198
39204 198
39205 198
39206 198
39207 198
39208 198
39209 198
39210 198
39211 198
39212 198
39213 198
39214 198
39215 198
39216 198
39217 198
39218 198
39219 198
39220 198
39221 198
39222 198
39223 198
39224 198
39225 198
39226 198
39227 198
39228 198
39229 198
39230 198
39231 198
39232 198
39233 198
39234 198
39235 198
39236 198
39237 198
39238 198
39239 198
39240 198
39241 198
39242 198
39243 198
39244 198
39245 198
39246 198
39247 198
39248 198
39249 198
39250 198
39251 198
39252 198
39253 198
39254 198
39255 198
39256 198
39257 198
39258 198
39259 198
39260 198
39261 198
39262 198
39263 198
39264 198
39265 198
39266 198
39267 198
39268 198
39269 198
39270 198
39271 198
39272 198
39273 198
39274 198
39275 198
39276 198
39277 198
39278 198
39279 198
39280 198
39281 198
39282 198
39283 198
39284 198
39285 198
39286 198
39287 198
39288 198
39289 198
39290 198
39291 198
39292 198
39293 198
39294 198
39295 198
39296 198
39297 198
39298 198
39299 198
39300 198
39301 198
39302 198
39303 198
39304 198
39305 198
39306 198
39307 198
39308 198
39309 198
39310 198
39311 198
39312 198
39313 198
39314 198
39315 198
39316 198
39317 198
39318 198
39319 198
39320 198
39321 198
39322 198
39323 198
39324 198
39325 198
39326 198
39327 198
39328 198
39329 198
39330 198
39331 198
39332 198
39333 198
39334 198
39335 198
39336 198
39337 198
39338 198
39339 198
39340 198
39341 198
39342 198
39343 198
39344 198
39345 198
39346 198
39347 198
39348 198
39349 198
39350 198
39351 198
39352 198
39353 198
39354 198
39355 198
39356 198
39357 198
39358 198
39359 198
39360 198
39361 198
39362 198
39363 198
39364 198
39365 198
39366 198
39367 198
39368 198
39369 198
39370 198
39371 198
39372 198
39373 198
39374 198
39375 198
39376 198
39377 198
39378 198
39379 198
39380 198
39381 198
39382 198
39383 198
39384 198
39385 198
39386 198
39387 198
39388 198
39389 198
39390 198
39391 198
39392 198
39393 198
39394 198
39395 198
39396 198
39397 198
39398 198
39399 198
39400 198
39401 198
39402 198
39403 199
39404 199
39405 199
39406 199
39407 199
39408 199
39409 199
39410 199
39411 199
39412 199
39413 199
39414 199
39415 199
39416 199
39417 199
39418 199
39419 199
39420 199
39421 199
39422 199
39423 199
39424 199
39425 199
39426 199
39427 199
39428 199
39429 199
39430 199
39431 199
39432 199
39433 199
39434 199
39435 199
39436 199
39437 199
39438 199
39439 199
39440 199
39441 199
39442 199
39443 199
39444 199
39445 199
39446 199
39447 199
39448 199
39449 199
39450 199
39451 199
39452 199
39453 199
39454 199
39455 199
39456 199
39457 199
39458 199
39459 199
39460 199
39461 199
39462 199
39463 199
39464 199
39465 199
39466 199
39467 199
39468 199
39469 199
39470 199
39471 199
39472 199
39473 199
39474 199
39475 199
39476 199
39477 199
39478 199
39479 199
39480 199
39481 199
39482 199
39483 199
39484 199
39485 199
39486 199
39487 199
39488 199
39489 199
39490 199
39491 199
39492 199
39493 199
39494 199
39495 199
39496 199
39497 199
39498 199
39499 199
39500 199
39501 199
39502 199
39503 199
39504 199
39505 199
39506 199
39507 199
39508 199
39509 199
39510 199
39511 199
39512 199
39513 199
39514 199
39515 199
39516 199
39517 199
39518 199
39519 199
39520 199
39521 199
39522 199
39523 199
39524 199
39525 199
39526 199
39527 199
39528 199
39529 199
39530 199
39531 199
39532 199
39533 199
39534 199
39535 199
39536 199
39537 199
39538 199
39539 199
39540 199
39541 199
39542 199
39543 199
39544 199
39545 199
39546 199
39547 199
39548 199
39549 199
39550 199
39551 199
39552 199
39553 199
39554 199
39555 199
39556 199
39557 199
39558 199
39559 199
39560 199
39561 199
39562 199
39563 199
39564 199
39565 199
39566 199
39567 199
39568 199
39569 199
39570 199
39571 199
39572 199
39573 199
39574 199
39575 199
39576 199
39577 199
39578 199
39579 199
39580 199
39581 199
39582 199
39583 199
39584 199
39585 199
39586 199
39587 199
39588 199
39589 199
39590 199
39591 199
39592 199
39593 199
39594 199
39595 199
39596 199
39597 199
39598 199
39599 199
39600 199
39601 199
39602 199
39603 199
39604 199
39605 199
39606 199
39607 199
39608 199
39609 199
39610 199
39611 199
39612 199
39613 199
39614 199
39615 199
39616 199
39617 199
39618 199
39619 199
39620 199
39621 199
39622 199
39623 199
39624 199
39625 199
39626 199
39627 199
39628 199
39629 199
39630 199
39631 199
39632 199
39633 199
39634 199
39635 199
39636 199
39637 199
39638 199
39639 199
39640 199
39641 199
39642 199
39643 199
39644 199
39645 199
39646 199
39647 199
39648 199
39649 199
39650 199
39651 199
39652 199
39653 199
39654 199
39655 199
39656 199
39657 199
39658 199
39659 199
39660 199
39661 199
39662 199
39663 199
39664 199
39665 199
39666 199
39667 199
39668 199
39669 199
39670 199
39671 199
39672 199
39673 199
39674 199
39675 199
39676 199
39677 199
39678 199
39679 199
39680 199
39681 199
39682 199
39683 199
39684 199
39685 199
39686 199
39687 199
39688 199
39689 199
39690 199
39691 199
39692 199
39693 199
39694 199
39695 199
39696 199
39697 199
39698 199
39699 199
39700 199
39701 199
39702 199
39703 199
39704 199
39705 199
39706 199
39707 199
39708 199
39709 199
39710 199
39711 199
39712 199
39713 199
39714 199
39715 199
39716 199
39717 199
39718 199
39719 199
39720 199
39721 199
39722 199
39723 199
39724 199
39725 199
39726 199
39727 199
39728 199
39729 199
39730 199
39731 199
39732 199
39733 199
39734 199
39735 199
39736 199
39737 199
39738 199
39739 199
39740 199
39741 199
39742 199
39743 199
39744 199
39745 199
39746 199
39747 199
39748 199
39749 199
39750 199
39751 199
39752 199
39753 199
39754 199
39755 199
39756 199
39757 199
39758 199
39759 199
39760 199
39761 199
39762 199
39763 199
39764 199
39765 199
39766 199
39767 199
39768 199
39769 199
39770 199
39771 199
39772 199
39773 199
39774 199
39775 199
39776 199
39777 199
39778 199
39779 199
39780 199
39781 199
39782 199
39783 199
39784 199
39785 199
39786 199
39787 199
39788 199
39789 199
39790 199
39791 199
39792 199
39793 199
39794 199
39795 199
39796 199
39797 199
39798 199
39799 199
39800 199
39801 200
39802 200
39803 200
39804 200
39805 200
39806 200
39807 200
39808 200
39809 200
39810 200
39811 200
39812 200
39813 200
39814 200
39815 200
39816 200
39817 200
39818 200
39819 200
39820 200
39821 200
39822 200
39823 200
39824 200
39825 200
39826 200
39827 200
39828 200
39829 200
39830 200
39831 200
39832 200
39833 200
39834 200
39835 200
39836 200
39837 200
39838 200
39839 200
39840 200
39841 200
39842 200
39843 200
39844 200
39845 200
39846 200
39847 200
39848 200
39849 200
39850 200
39851 200
39852 200
39853 200
39854 200
39855 200
39856 200
39857 200
39858 200
39859 200
39860 200
39861 200
39862 200
39863 200
39864 200
39865 200
39866 200
39867 200
39868 200
39869 200
39870 200
39871 200
39872 200
39873 200
39874 200
39875 200
39876 200
39877 200
39878 200
39879 200
39880 200
39881 200
39882 200
39883 200
39884 200
39885 200
39886 200
39887 200
39888 200
39889 200
39890 200
39891 200
39892 200
39893 200
39894 200
39895 200
39896 200
39897 200
39898 200
39899 200
39900 200
39901 200
39902 200
39903 200
39904 200
39905 200
39906 200
39907 200
39908 200
39909 200
39910 200
39911 200
39912 200
39913 200
39914 200
39915 200
39916 200
39917 200
39918 200
39919 200
39920 200
39921 200
39922 200
39923 200
39924 200
39925 200
39926 200
39927 200
39928 200
39929 200
39930 200
39931 200
39932 200
39933 200
39934 200
39935 200
39936 200
39937 200
39938 200
39939 200
39940 200
39941 200
39942 200
39943 200
39944 200
39945 200
39946 200
39947 200
39948 200
39949 200
39950 200
39951 200
39952 200
39953 200
39954 200
39955 200
39956 200
39957 200
39958 200
39959 200
39960 200
39961 200
39962 200
39963 200
39964 200
39965 200
39966 200
39967 200
39968 200
39969 200
39970 200
39971 200
39972 200
39973 200
39974 200
39975 200
39976 200
39977 200
39978 200
39979 200
39980 200
39981 200
39982 200
39983 200
39984 200
39985 200
39986 200
39987 200
39988 200
39989 200
39990 200
39991 200
39992 200
39993 200
39994 200
39995 200
39996 200
39997 200
39998 200
39999 200
40000 200
40001 200
40002 200
40003 200
40004 200
40005 200
40006 200
40007 200
40008 200
40009 200
40010 200
40011 200
40012 200
40013 200
40014 200
40015 200
40016 200
40017 200
40018 200
40019 200
40020 200
40021 200
40022 200
40023 200
40024 200
40025 200
40026 200
40027 200
40028 200
40029 200
40030 200
40031 200
40032 200
40033 200
40034 200
40035 200
40036 200
40037 200
40038 200
40039 200
40040 200
40041 200
40042 200
40043 200
40044 200
40045 200
40046 200
40047 200
40048 200
40049 200
40050 200
40051 200
40052 200
40053 200
40054 200
40055 200
40056 200
40057 200
40058 200
40059 200
40060 200
40061 200
40062 200
40063 200
40064 200
40065 200
40066 200
40067 200
40068 200
40069 200
40070 200
40071 200
40072 200
40073 200
40074 200
40075 200
40076 200
40077 200
40078 200
40079 200
40080 200
40081 200
40082 200
40083 200
40084 200
40085 200
40086 200
40087 200
40088 200
40089 200
40090 200
40091 200
40092 200
40093 200
40094 200
40095 200
40096 200
40097 200
40098 200
40099 200
40100 200
40101 200
40102 200
40103 200
40104 200
40105 200
40106 200
40107 200
40108 200
40109 200
40110 200
40111 200
40112 200
40113 200
40114 200
40115 200
40116 200
40117 200
40118 200
40119 200
40120 200
40121 200
40122 200
40123 200
40124 200
40125 200
40126 200
40127 200
40128 200
40129 200
40130 200
40131 200
40132 200
40133 200
40134 200
40135 200
40136 200
40137 200
40138 200
40139 200
40140 200
40141 200
40142 200
40143 200
40144 200
40145 200
40146 200
40147 200
40148 200
40149 200
40150 200
40151 200
40152 200
40153 200
40154 200
40155 200
40156 200
40157 200
40158 200
40159 200
40160 200
40161 200
40162 200
40163 200
40164 200
40165 200
40166 200
40167 200
40168 200
40169 200
40170 200
40171 200
40172 200
40173 200
40174 200
40175 200
40176 200
40177 200
40178 200
40179 200
40180 200
40181 200
40182 200
40183 200
40184 200
40185 200
40186 200
40187 200
40188 200
40189 200
40190 200
40191 200
40192 200
40193 200
40194 200
40195 200
40196 200
40197 200
40198 200
40199 200
40200 200
40201 201
40202 201
40203 201
40204 201
40205 201
40206 201
40207 201
40208 201
40209 201
40210 201
40211 201
40212 201
40213 201
40214 201
40215 201
40216 201
40217 201
40218 201
40219 201
40220 201
40221 201
40222 201
40223 201
40224 201
40225 201
40226 201
40227 201
40228 201
40229 201
40230 201
40231 201
40232 201
40233 201
40234 201
40235 201
40236 201
40237 201
40238 201
40239 201
40240 201
40241 201
40242 201
40243 201
40244 201
40245 201
40246 201
40247 201
40248 201
40249 201
40250 201
40251 201
40252 201
40253 201
40254 201
40255 201
40256 201
40257 201
40258 201
40259 201
40260 201
40261 201
40262 201
40263 201
40264 201
40265 201
40266 201
40267 201
40268 201
40269 201
40270 201
40271 201
40272 201
40273 201
40274 201
40275 201
40276 201
40277 201
40278 201
40279 201
40280 201
40281 201
40282 201
40283 201
40284 201
40285 201
40286 201
40287 201
40288 201
40289 201
40290 201
40291 201
40292 201
40293 201
40294 201
40295 201
40296 201
40297 201
40298 201
40299 201
40300 201
40301 201
40302 201
40303 201
40304 201
40305 201
40306 201
40307 201
40308 201
40309 201
40310 201
40311 201
40312 201
40313 201
40314 201
40315 201
40316 201
40317 201
40318 201
40319 201
40320 201
40321 201
40322 201
40323 201
40324 201
40325 201
40326 201
40327 201
40328 201
40329 201
40330 201
40331 201
40332 201
40333 201
40334 201
40335 201
40336 201
40337 201
40338 201
40339 201
40340 201
40341 201
40342 201
40343 201
40344 201
40345 201
40346 201
40347 201
40348 201
40349 201
40350 201
40351 201
40352 201
40353 201
40354 201
40355 201
40356 201
40357 201
40358 201
40359 201
40360 201
40361 201
40362 201
40363 201
40364 201
40365 201
40366 201
40367 201
40368 201
40369 201
40370 201
40371 201
40372 201
40373 201
40374 201
40375 201
40376 201
40377 201
40378 201
40379 201
40380 201
40381 201
40382 201
40383 201
40384 201
40385 201
40386 201
40387 201
40388 201
40389 201
40390 201
40391 201
40392 201
40393 201
40394 201
40395 201
40396 201
40397 201
40398 201
40399 201
40400 201
40401 201
40402 201
40403 201
40404 201
40405 201
40406 201
40407 201
40408 201
40409 201
40410 201
40411 201
40412 201
40413 201
40414 201
40415 201
40416 201
40417 201
40418 201
40419 201
40420 201
40421 201
40422 201
40423 201
40424 201
40425 201
40426 201
40427 201
40428 201
40429 201
40430 201
40431 201
40432 201
40433 201
40434 201
40435 201
40436 201
40437 201
40438 201
40439 201
40440 201
40441 201
40442 201
40443 201
40444 201
40445 201
40446 201
40447 201
40448 201
40449 201
40450 201
40451 201
40452 201
40453 201
40454 201
40455 201
40456 201
40457 201
40458 201
40459 201
40460 201
40461 201
40462 201
40463 201
40464 201
40465 201
40466 201
40467 201
40468 201
40469 201
40470 201
40471 201
40472 201
40473 201
40474 201
40475 201
40476 201
40477 201
40478 201
40479 201
40480 201
40481 201
40482 201
40483 201
40484 201
40485 201
40486 201
40487 201
40488 201
40489 201
40490 201
40491 201
40492 201
40493 201
40494 201
40495 201
40496 201
40497 201
40498 201
40499 201
40500 201
40501 201
40502 201
40503 201
40504 201
40505 201
40506 201
40507 201
40508 201
40509 201
40510 201
40511 201
40512 201
40513 201
40514 201
40515 201
40516 201
40517 201
40518 201
40519 201
40520 201
40521 201
40522 201
40523 201
40524 201
40525 201
40526 201
40527 201
40528 201
40529 201
40530 201
40531 201
40532 201
40533 201
40534 201
40535 201
40536 201
40537 201
40538 201
40539 201
40540 201
40541 201
40542 201
40543 201
40544 201
40545 201
40546 201
40547 201
40548 201
40549 201
40550 201
40551 201
40552 201
40553 201
40554 201
40555 201
40556 201
40557 201
40558 201
40559 201
40560 201
40561 201
40562 201
40563 201
40564 201
40565 201
40566 201
40567 201
40568 201
40569 201
40570 201
40571 201
40572 201
40573 201
40574 201
40575 201
40576 201
40577 201
40578 201
40579 201
40580 201
40581 201
40582 201
40583 201
40584 201
40585 201
40586 201
40587 201
40588 201
40589 201
40590 201
40591 201
40592 201
40593 201
40594 201
40595 201
40596 201
40597 201
40598 201
40599 201
40600 201
40601 201
40602 201
40603 202
40604 202
40605 202
40606 202
40607 202
40608 202
40609 202
40610 202
40611 202
40612 202
40613 202
40614 202
40615 202
40616 202
40617 202
40618 202
40619 202
40620 202
40621 202
40622 202
40623 202
40624 202
40625 202
40626 202
40627 202
40628 202
40629 202
40630 202
40631 202
40632 202
40633 202
40634 202
40635 202
40636 202
40637 202
40638 202
40639 202
40640 202
40641 202
40642 202
40643 202
40644 202
40645 202
40646 202
40647 202
40648 202
40649 202
40650 202
40651 202
40652 202
40653 202
40654 202
40655 202
40656 202
40657 202
40658 202
40659 202
40660 202
40661 202
40662 202
40663 202
40664 202
40665 202
40666 202
40667 202
40668 202
40669 202
40670 202
40671 202
40672 202
40673 202
40674 202
40675 202
40676 202
40677 202
40678 202
40679 202
40680 202
40681 202
40682 202
40683 202
40684 202
40685 202
40686 202
40687 202
40688 202
40689 202
40690 202
40691 202
40692 202
40693 202
40694 202
40695 202
40696 202
40697 202
40698 202
40699 202
40700 202
40701 202
40702 202
40703 202
40704 202
40705 202
40706 202
40707 202
40708 202
40709 202
40710 202
40711 202
40712 202
40713 202
40714 202
40715 202
40716 202
40717 202
40718 202
40719 202
40720 202
40721 202
40722 202
40723 202
40724 202
40725 202
40726 202
40727 202
40728 202
40729 202
40730 202
40731 202
40732 202
40733 202
40734 202
40735 202
40736 202
40737 202
40738 202
40739 202
40740 202
40741 202
40742 202
40743 202
40744 202
40745 202
40746 202
40747 202
40748 202
40749 202
40750 202
40751 202
40752 202
40753 202
40754 202
40755 202
40756 202
40757 202
40758 202
40759 202
40760 202
40761 202
40762 202
40763 202
40764 202
40765 202
40766 202
40767 202
40768 202
40769 202
40770 202
40771 202
40772 202
40773 202
40774 202
40775 202
40776 202
40777 202
40778 202
40779 202
40780 202
40781 202
40782 202
40783 202
40784 202
40785 202
40786 202
40787 202
40788 202
40789 202
40790 202
40791 202
40792 202
40793 202
40794 202
40795 202
40796 202
40797 202
40798 202
40799 202
40800 202
40801 202
40802 202
40803 202
40804 202
40805 202
40806 202
40807 202
40808 202
40809 202
40810 202
40811 202
40812 202
40813 202
40814 202
40815 202
40816 202
40817 202
40818 202
40819 202
40820 202
40821 202
40822 202
40823 202
40824 202
40825 202
40826 202
40827 202
40828 202
40829 202
40830 202
40831 202
40832 202
40833 202
40834 202
40835 202
40836 202
40837 202
40838 202
40839 202
40840 202
40841 202
40842 202
40843 202
40844 202
40845 202
40846 202
40847 202
40848 202
40849 202
40850 202
40851 202
40852 202
40853 202
40854 202
40855 202
40856 202
40857 202
40858 202
40859 202
40860 202
40861 202
40862 202
40863 202
40864 202
40865 202
40866 202
40867 202
40868 202
40869 202
40870 202
40871 202
40872 202
40873 202
40874 202
40875 202
40876 202
40877 202
40878 202
40879 202
40880 202
40881 202
40882 202
40883 202
40884 202
40885 202
40886 202
40887 202
40888 202
40889 202
40890 202
40891 202
40892 202
40893 202
40894 202
40895 202
40896 202
40897 202
40898 202
40899 202
40900 202
40901 202
40902 202
40903 202
40904 202
40905 202
40906 202
40907 202
40908 202
40909 202
40910 202
40911 202
40912 202
40913 202
40914 202
40915 202
40916 202
40917 202
40918 202
40919 202
40920 202
40921 202
40922 202
40923 202
40924 202
40925 202
40926 202
40927 202
40928 202
40929 202
40930 202
40931 202
40932 202
40933 202
40934 202
40935 202
40936 202
40937 202
40938 202
40939 202
40940 202
40941 202
40942 202
40943 202
40944 202
40945 202
40946 202
40947 202
40948 202
40949 202
40950 202
40951 202
40952 202
40953 202
40954 202
40955 202
40956 202
40957 202
40958 202
40959 202
40960 202
40961 202
40962 202
40963 202
40964 202
40965 202
40966 202
40967 202
40968 202
40969 202
40970 202
40971 202
40972 202
40973 202
40974 202
40975 202
40976 202
40977 202
40978 202
40979 202
40980 202
40981 202
40982 202
40983 202
40984 202
40985 202
40986 202
40987 202
40988 202
40989 202
40990 202
40991 202
40992 202
40993 202
40994 202
40995 202
40996 202
40997 202
40998 202
40999 202
41000 202
41001 202
41002 202
41003 202
41004 202
41005 202
41006 202
41007 203
41008 203
41009 203
41010 203
41011 203
41012 203
41013 203
41014 203
41015 203
41016 203
41017 203
41018 203
41019 203
41020 203
41021 203
41022 203
41023 203
41024 203
41025 203
41026 203
41027 203
41028 203
41029 203
41030 203
41031 203
41032 203
41033 203
41034 203
41035 203
41036 203
41037 203
41038 203
41039 203
41040 203
41041 203
41042 203
41043 203
41044 203
41045 203
41046 203
41047 203
41048 203
41049 203
41050 203
41051 203
41052 203
41053 203
41054 203
41055 203
41056 203
41057 203
41058 203
41059 203
41060 203
41061 203
41062 203
41063 203
41064 203
41065 203
41066 203
41067 203
41068 203
41069 203
41070 203
41071 203
41072 203
41073 203
41074 203
41075 203
41076 203
41077 203
41078 203
41079 203
41080 203
41081 203
41082 203
41083 203
41084 203
41085 203
41086 203
41087 203
41088 203
41089 203
41090 203
41091 203
41092 203
41093 203
41094 203
41095 203
41096 203
41097 203
41098 203
41099 203
41100 203
41101 203
41102 203
41103 203
41104 203
41105 203
41106 203
41107 203
41108 203
41109 203
41110 203
41111 203
41112 203
41113 203
41114 203
41115 203
41116 203
41117 203
41118 203
41119 203
41120 203
41121 203
41122 203
41123 203
41124 203
41125 203
41126 203
41127 203
41128 203
41129 203
41130 203
41131 203
41132 203
41133 203
41134 203
41135 203
41136 203
41137 203
41138 203
41139 203
41140 203
41141 203
41142 203
41143 203
41144 203
41145 203
41146 203
41147 203
41148 203
41149 203
41150 203
41151 203
41152 203
41153 203
41154 203
41155 203
41156 203
41157 203
41158 203
41159 203
41160 203
41161 203
41162 203
41163 203
41164 203
41165 203
41166 203
41167 203
41168 203
41169 203
41170 203
41171 203
41172 203
41173 203
41174 203
41175 203
41176 203
41177 203
41178 203
41179 203
41180 203
41181 203
41182 203
41183 203
41184 203
41185 203
41186 203
41187 203
41188 203
41189 203
41190 203
41191 203
41192 203
41193 203
41194 203
41195 203
41196 203
41197 203
41198 203
41199 203
41200 203
41201 203
41202 203
41203 203
41204 203
41205 203
41206 203
41207 203
41208 203
41209 203
41210 203
41211 203
41212 203
41213 203
41214 203
41215 203
41216 203
41217 203
41218 203
41219 203
41220 203
41221 203
41222 203
41223 203
41224 203
41225 203
41226 203
41227 203
41228 203
41229 203
41230 203
41231 203
41232 203
41233 203
41234 203
41235 203
41236 203
41237 203
41238 203
41239 203
41240 203
41241 203
41242 203
41243 203
41244 203
41245 203
41246 203
41247 203
41248 203
41249 203
41250 203
41251 203
41252 203
41253 203
41254 203
41255 203
41256 203
41257 203
41258 203
41259 203
41260 203
41261 203
41262 203
41263 203
41264 203
41265 203
41266 203
41267 203
41268 203
41269 203
41270 203
41271 203
41272 203
41273 203
41274 203
41275 203
41276 203
41277 203
41278 203
41279 203
41280 203
41281 203
41282 203
41283 203
41284 203
41285 203
41286 203
41287 203
41288 203
41289 203
41290 203
41291 203
41292 203
41293 203
41294 203
41295 203
41296 203
41297 203
41298 203
41299 203
41300 203
41301 203
41302 203
41303 203
41304 203
41305 203
41306 203
41307 203
41308 203
41309 203
41310 203
41311 203
41312 203
41313 203
41314 203
41315 203
41316 203
41317 203
41318 203
41319 203
41320 203
41321 203
41322 203
41323 203
41324 203
41325 203
41326 203
41327 203
41328 203
41329 203
41330 203
41331 203
41332 203
41333 203
41334 203
41335 203
41336 203
41337 203
41338 203
41339 203
41340 203
41341 203
41342 203
41343 203
41344 203
41345 203
41346 203
41347 203
41348 203
41349 203
41350 203
41351 203
41352 203
41353 203
41354 203
41355 203
41356 203
41357 203
41358 203
41359 203
41360 203
41361 203
41362 203
41363 203
41364 203
41365 203
41366 203
41367 203
41368 203
41369 203
41370 203
41371 203
41372 203
41373 203
41374 203
41375 203
41376 203
41377 203
41378 203
41379 203
41380 203
41381 203
41382 203
41383 203
41384 203
41385 203
41386 203
41387 203
41388 203
41389 203
41390 203
41391 203
41392 203
41393 203
41394 203
41395 203
41396 203
41397 203
41398 203
41399 203
41400 203
41401 203
41402 203
41403 203
41404 203
41405 203
41406 203
41407 203
41408 203
41409 203
41410 203
41411 203
41412 203
41413 204
41414 204
41415 204
41416 204
41417 204
41418 204
41419 204
41420 204
41421 204
41422 204
41423 204
41424 204
41425 204
41426 204
41427 204
41428 204
41429 204
41430 204
41431 204
41432 204
41433 204
41434 204
41435 204
41436 204
41437 204
41438 204
41439 204
41440 204
41441 204
41442 204
41443 204
41444 204
41445 204
41446 204
41447 204
41448 204
41449 204
41450 204
41451 204
41452 204
41453 204
41454 204
41455 204
41456 204
41457 204
41458 204
41459 204
41460 204
41461 204
41462 204
41463 204
41464 204
41465 204
41466 204
41467 204
41468 204
41469 204
41470 204
41471 204
41472 204
41473 204
41474 204
41475 204
41476 204
41477 204
41478 204
41479 204
41480 204
41481 204
41482 204
41483 204
41484 204
41485 204
41486 204
41487 204
41488 204
41489 204
41490 204
41491 204
41492 204
41493 204
41494 204
41495 204
41496 204
41497 204
41498 204
41499 204
41500 204
41501 204
41502 204
41503 204
41504 204
41505 204
41506 204
41507 204
41508 204
41509 204
41510 204
41511 204
41512 204
41513 204
41514 204
41515 204
41516 204
41517 204
41518 204
41519 204
41520 204
41521 204
41522 204
41523 204
41524 204
41525 204
41526 204
41527 204
41528 204
41529 204
41530 204
41531 204
41532 204
41533 204
41534 204
41535 204
41536 204
41537 204
41538 204
41539 204
41540 204
41541 204
41542 204
41543 204
41544 204
41545 204
41546 204
41547 204
41548 204
41549 204
41550 204
41551 204
41552 204
41553 204
41554 204
41555 204
41556 204
41557 204
41558 204
41559 204
41560 204
41561 204
41562 204
41563 204
41564 204
41565 204
41566 204
41567 204
41568 204
41569 204
41570 204
41571 204
41572 204
41573 204
41574 204
41575 204
41576 204
41577 204
41578 204
41579 204
41580 204
41581 204
41582 204
41583 204
41584 204
41585 204
41586 204
41587 204
41588 204
41589 204
41590 204
41591 204
41592 204
41593 204
41594 204
41595 204
41596 204
41597 204
41598 204
41599 204
41600 204
41601 204
41602 204
41603 204
41604 204
41605 204
41606 204
41607 204
41608 204
41609 204
41610 204
41611 204
41612 204
41613 204
41614 204
41615 204
41616 204
41617 204
41618 204
41619 204
41620 204
41621 204
41622 204
41623 204
41624 204
41625 204
41626 204
41627 204
41628 204
41629 204
41630 204
41631 204
41632 204
41633 204
41634 204
41635 204
41636 204
41637 204
41638 204
41639 204
41640 204
41641 204
41642 204
41643 204
41644 204
41645 204
41646 204
41647 204
41648 204
41649 204
41650 204
41651 204
41652 204
41653 204
41654 204
41655 204
41656 204
41657 204
41658 204
41659 204
41660 204
41661 204
41662 204
41663 204
41664 204
41665 204
41666 204
41667 204
41668 204
41669 204
41670 204
41671 204
41672 204
41673 204
41674 204
41675 204
41676 204
41677 204
41678 204
41679 204
41680 204
41681 204
41682 204
41683 204
41684 204
41685 204
41686 204
41687 204
41688 204
41689 204
41690 204
41691 204
41692 204
41693 204
41694 204
41695 204
41696 204
41697 204
41698 204
41699 204
41700 204
41701 204
41702 204
41703 204
41704 204
41705 204
41706 204
41707 204
41708 204
41709 204
41710 204
41711 204
41712 204
41713 204
41714 204
41715 204
41716 204
41717 204
41718 204
41719 204
41720 204
41721 204
41722 204
41723 204
41724 204
41725 204
41726 204
41727 204
41728 204
41729 204
41730 204
41731 204
41732 204
41733 204
41734 204
41735 204
41736 204
41737 204
41738 204
41739 204
41740 204
41741 204
41742 204
41743 204
41744 204
41745 204
41746 204
41747 204
41748 204
41749 204
41750 204
41751 204
41752 204
41753 204
41754 204
41755 204
41756 204
41757 204
41758 204
41759 204
41760 204
41761 204
41762 204
41763 204
41764 204
41765 204
41766 204
41767 204
41768 204
41769 204
41770 204
41771 204
41772 204
41773 204
41774 204
41775 204
41776 204
41777 204
41778 204
41779 204
41780 204
41781 204
41782 204
41783 204
41784 204
41785 204
41786 204
41787 204
41788 204
41789 204
41790 204
41791 204
41792 204
41793 204
41794 204
41795 204
41796 204
41797 204
41798 204
41799 204
41800 204
41801 204
41802 204
41803 204
41804 204
41805 204
41806 204
41807 204
41808 204
41809 204
41810 204
41811 204
41812 204
41813 204
41814 204
41815 204
41816 204
41817 204
41818 204
41819 204
41820 204
41821 205
41822 205
41823 205
41824 205
41825 205
41826 205
41827 205
41828 205
41829 205
41830 205
41831 205
41832 205
41833 205
41834 205
41835 205
41836 205
41837 205
41838 205
41839 205
41840 205
41841 205
41842 205
41843 205
41844 205
41845 205
41846 205
41847 205
41848 205
41849 205
41850 205
41851 205
41852 205
41853 205
41854 205
41855 205
41856 205
41857 205
41858 205
41859 205
41860 205
41861 205
41862 205
41863 205
41864 205
41865 205
41866 205
41867 205
41868 205
41869 205
41870 205
41871 205
41872 205
41873 205
41874 205
41875 205
41876 205
41877 205
41878 205
41879 205
41880 205
41881 205
41882 205
41883 205
41884 205
41885 205
41886 205
41887 205
41888 205
41889 205
41890 205
41891 205
41892 205
41893 205
41894 205
41895 205
41896 205
41897 205
41898 205
41899 205
41900 205
41901 205
41902 205
41903 205
41904 205
41905 205
41906 205
41907 205
41908 205
41909 205
41910 205
41911 205
41912 205
41913 205
41914 205
41915 205
41916 205
41917 205
41918 205
41919 205
41920 205
41921 205
41922 205
41923 205
41924 205
41925 205
41926 205
41927 205
41928 205
41929 205
41930 205
41931 205
41932 205
41933 205
41934 205
41935 205
41936 205
41937 205
41938 205
41939 205
41940 205
41941 205
41942 205
41943 205
41944 205
41945 205
41946 205
41947 205
41948 205
41949 205
41950 205
41951 205
41952 205
41953 205
41954 205
41955 205
41956 205
41957 205
41958 205
41959 205
41960 205
41961 205
41962 205
41963 205
41964 205
41965 205
41966 205
41967 205
41968 205
41969 205
41970 205
41971 205
41972 205
41973 205
41974 205
41975 205
41976 205
41977 205
41978 205
41979 205
41980 205
41981 205
41982 205
41983 205
41984 205
41985 205
41986 205
41987 205
41988 205
41989 205
41990 205
41991 205
41992 205
41993 205
41994 205
41995 205
41996 205
41997 205
41998 205
41999 205
42000 205
42001 205
42002 205
42003 205
42004 205
42005 205
42006 205
42007 205
42008 205
42009 205
42010 205
42011 205
42012 205
42013 205
42014 205
42015 205
42016 205
42017 205
42018 205
42019 205
42020 205
42021 205
42022 205
42023 205
42024 205
42025 205
42026 205
42027 205
42028 205
42029 205
42030 205
42031 205
42032 205
42033 205
42034 205
42035 205
42036 205
42037 205
42038 205
42039 205
42040 205
42041 205
42042 205
42043 205
42044 205
42045 205
42046 205
42047 205
42048 205
42049 205
42050 205
42051 205
42052 205
42053 205
42054 205
42055 205
42056 205
42057 205
42058 205
42059 205
42060 205
42061 205
42062 205
42063 205
42064 205
42065 205
42066 205
42067 205
42068 205
42069 205
42070 205
42071 205
42072 205
42073 205
42074 205
42075 205
42076 205
42077 205
42078 205
42079 205
42080 205
42081 205
42082 205
42083 205
42084 205
42085 205
42086 205
42087 205
42088 205
42089 205
42090 205
42091 205
42092 205
42093 205
42094 205
42095 205
42096 205
42097 205
42098 205
42099 205
42100 205
42101 205
42102 205
42103 205
42104 205
42105 205
42106 205
42107 205
42108 205
42109 205
42110 205
42111 205
42112 205
42113 205
42114 205
42115 205
42116 205
42117 205
42118 205
42119 205
42120 205
42121 205
42122 205
42123 205
42124 205
42125 205
42126 205
42127 205
42128 205
42129 205
42130 205
42131 205
42132 205
42133 205
42134 205
42135 205
42136 205
42137 205
42138 205
42139 205
42140 205
42141 205
42142 205
42143 205
42144 205
42145 205
42146 205
42147 205
42148 205
42149 205
42150 205
42151 205
42152 205
42153 205
42154 205
42155 205
42156 205
42157 205
42158 205
42159 205
42160 205
42161 205
42162 205
42163 205
42164 205
42165 205
42166 205
42167 205
42168 205
42169 205
42170 205
42171 205
42172 205
42173 205
42174 205
42175 205
42176 205
42177 205
42178 205
42179 205
42180 205
42181 205
42182 205
42183 205
42184 205
42185 205
42186 205
42187 205
42188 205
42189 205
42190 205
42191 205
42192 205
42193 205
42194 205
42195 205
42196 205
42197 205
42198 205
42199 205
42200 205
42201 205
42202 205
42203 205
42204 205
42205 205
42206 205
42207 205
42208 205
42209 205
42210 205
42211 205
42212 205
42213 205
42214 205
42215 205
42216 205
42217 205
42218 205
42219 205
42220 205
42221 205
42222 205
42223 205
42224 205
42225 205
42226 205
42227 205
42228 205
42229 205
42230 205
42231 206
42232 206
42233 206
42234 206
42235 206
42236 206
42237 206
42238 206
42239 206
42240 206
42241 206
42242 206
42243 206
42244 206
42245 206
42246 206
42247 206
42248 206
42249 206
42250 206
42251 206
42252 206
42253 206
42254 206
42255 206
42256 206
42257 206
42258 206
42259 206
42260 206
42261 206
42262 206
42263 206
42264 206
42265 206
42266 206
42267 206
42268 206
42269 206
42270 206
42271 206
42272 206
42273 206
42274 206
42275 206
42276 206
42277 206
42278 206
42279 206
42280 206
42281 206
42282 206
42283 206
42284 206
42285 206
42286 206
42287 206
42288 206
42289 206
42290 206
42291 206
42292 206
42293 206
42294 206
42295 206
42296 206
42297 206
42298 206
42299 206
42300 206
42301 206
42302 206
42303 206
42304 206
42305 206
42306 206
42307 206
42308 206
42309 206
42310 206
42311 206
42312 206
42313 206
42314 206
42315 206
42316 206
42317 206
42318 206
42319 206
42320 206
42321 206
42322 206
42323 206
42324 206
42325 206
42326 206
42327 206
42328 206
42329 206
42330 206
42331 206
42332 206
42333 206
42334 206
42335 206
42336 206
42337 206
42338 206
42339 206
42340 206
42341 206
42342 206
42343 206
42344 206
42345 206
42346 206
42347 206
42348 206
42349 206
42350 206
42351 206
42352 206
42353 206
42354 206
42355 206
42356 206
42357 206
42358 206
42359 206
42360 206
42361 206
42362 206
42363 206
42364 206
42365 206
42366 206
42367 206
42368 206
42369 206
42370 206
42371 206
42372 206
42373 206
42374 206
42375 206
42376 206
42377 206
42378 206
42379 206
42380 206
42381 206
42382 206
42383 206
42384 206
42385 206
42386 206
42387 206
42388 206
42389 206
42390 206
42391 206
42392 206
42393 206
42394 206
42395 206
42396 206
42397 206
42398 206
42399 206
42400 206
42401 206
42402 206
42403 206
42404 206
42405 206
42406 206
42407 206
42408 206
42409 206
42410 206
42411 206
42412 206
42413 206
42414 206
42415 206
42416 206
42417 206
42418 206
42419 206
42420 206
42421 206
42422 206
42423 206
42424 206
42425 206
42426 206
42427 206
42428 206
42429 206
42430 206
42431 206
42432 206
42433 206
42434 206
42435 206
42436 206
42437 206
42438 206
42439 206
42440 206
42441 206
42442 206
42443 206
42444 206
42445 206
42446 206
42447 206
42448 206
42449 206
42450 206
42451 206
42452 206
42453 206
42454 206
42455 206
42456 206
42457 206
42458 206
42459 206
42460 206
42461 206
42462 206
42463 206
42464 206
42465 206
42466 206
42467 206
42468 206
42469 206
42470 206
42471 206
42472 206
42473 206
42474 206
42475 206
42476 206
42477 206
42478 206
42479 206
42480 206
42481 206
42482 206
42483 206
42484 206
42485 206
42486 206
42487 206
42488 206
42489 206
42490 206
42491 206
42492 206
42493 206
42494 206
42495 206
42496 206
42497 206
42498 206
42499 206
42500 206
42501 206
42502 206
42503 206
42504 206
42505 206
42506 206
42507 206
42508 206
42509 206
42510 206
42511 206
42512 206
42513 206
42514 206
42515 206
42516 206
42517 206
42518 206
42519 206
42520 206
42521 206
42522 206
42523 206
42524 206
42525 206
42526 206
42527 206
42528 206
42529 206
42530 206
42531 206
42532 206
42533 206
42534 206
42535 206
42536 206
42537 206
42538 206
42539 206
42540 206
42541 206
42542 206
42543 206
42544 206
42545 206
42546 206
42547 206
42548 206
42549 206
42550 206
42551 206
42552 206
42553 206
42554 206
42555 206
42556 206
42557 206
42558 206
42559 206
42560 206
42561 206
42562 206
42563 206
42564 206
42565 206
42566 206
42567 206
42568 206
42569 206
42570 206
42571 206
42572 206
42573 206
42574 206
42575 206
42576 206
42577 206
42578 206
42579 206
42580 206
42581 206
42582 206
42583 206
42584 206
42585 206
42586 206
42587 206
42588 206
42589 206
42590 206
42591 206
42592 206
42593 206
42594 206
42595 206
42596 206
42597 206
42598 206
42599 206
42600 206
42601 206
42602 206
42603 206
42604 206
42605 206
42606 206
42607 206
42608 206
42609 206
42610 206
42611 206
42612 206
42613 206
42614 206
42615 206
42616 206
42617 206
42618 206
42619 206
42620 206
42621 206
42622 206
42623 206
42624 206
42625 206
42626 206
42627 206
42628 206
42629 206
42630 206
42631 206
42632 206
42633 206
42634 206
42635 206
42636 206
42637 206
42638 206
42639 206
42640 206
42641 206
42642 206
42643 207
42644 207
42645 207
42646 207
42647 207
42648 207
42649 207
42650 207
42651 207
42652 207
42653 207
42654 207
42655 207
42656 207
42657 207
42658 207
42659 207
42660 207
42661 207
42662 207
42663 207
42664 207
42665 207
42666 207
42667 207
42668 207
42669 207
42670 207
42671 207
42672 207
42673 207
42674 207
42675 207
42676 207
42677 207
42678 207
42679 207
42680 207
42681 207
42682 207
42683 207
42684 207
42685 207
42686 207
42687 207
42688 207
42689 207
42690 207
42691 207
42692 207
42693 207
42694 207
42695 207
42696 207
42697 207
42698 207
42699 207
42700 207
42701 207
42702 207
42703 207
42704 207
42705 207
42706 207
42707 207
42708 207
42709 207
42710 207
42711 207
42712 207
42713 207
42714 207
42715 207
42716 207
42717 207
42718 207
42719 207
42720 207
42721 207
42722 207
42723 207
42724 207
42725 207
42726 207
42727 207
42728 207
42729 207
42730 207
42731 207
42732 207
42733 207
42734 207
42735 207
42736 207
42737 207
42738 207
42739 207
42740 207
42741 207
42742 207
42743 207
42744 207
42745 207
42746 207
42747 207
42748 207
42749 207
42750 207
42751 207
42752 207
42753 207
42754 207
42755 207
42756 207
42757 207
42758 207
42759 207
42760 207
42761 207
42762 207
42763 207
42764 207
42765 207
42766 207
42767 207
42768 207
42769 207
42770 207
42771 207
42772 207
42773 207
42774 207
42775 207
42776 207
42777 207
42778 207
42779 207
42780 207
42781 207
42782 207
42783 207
42784 207
42785 207
42786 207
42787 207
42788 207
42789 207
42790 207
42791 207
42792 207
42793 207
42794 207
42795 207
42796 207
42797 207
42798 207
42799 207
42800 207
42801 207
42802 207
42803 207
42804 207
42805 207
42806 207
42807 207
42808 207
42809 207
42810 207
42811 207
42812 207
42813 207
42814 207
42815 207
42816 207
42817 207
42818 207
42819 207
42820 207
42821 207
42822 207
42823 207
42824 207
42825 207
42826 207
42827 207
42828 207
42829 207
42830 207
42831 207
42832 207
42833 207
42834 207
42835 207
42836 207
42837 207
42838 207
42839 207
42840 207
42841 207
42842 207
42843 207
42844 207
42845 207
42846 207
42847 207
42848 207
42849 207
42850 207
42851 207
42852 207
42853 207
42854 207
42855 207
42856 207
42857 207
42858 207
42859 207
42860 207
42861 207
42862 207
42863 207
42864 207
42865 207
42866 207
42867 207
42868 207
42869 207
42870 207
42871 207
42872 207
42873 207
42874 207
42875 207
42876 207
42877 207
42878 207
42879 207
42880 207
42881 207
42882 207
42883 207
42884 207
42885 207
42886 207
42887 207
42888 207
42889 207
42890 207
42891 207
42892 207
42893 207
42894 207
42895 207
42896 207
42897 207
42898 207
42899 207
42900 207
42901 207
42902 207
42903 207
42904 207
42905 207
42906 207
42907 207
42908 207
42909 207
42910 207
42911 207
42912 207
42913 207
42914 207
42915 207
42916 207
42917 207
42918 207
42919 207
42920 207
42921 207
42922 207
42923 207
42924 207
42925 207
42926 207
42927 207
42928 207
42929 207
42930 207
42931 207
42932 207
42933 207
42934 207
42935 207
42936 207
42937 207
42938 207
42939 207
42940 207
42941 207
42942 207
42943 207
42944 207
42945 207
42946 207
42947 207
42948 207
42949 207
42950 207
42951 207
42952 207
42953 207
42954 207
42955 207
42956 207
42957 207
42958 207
42959 207
42960 207
42961 207
42962 207
42963 207
42964 207
42965 207
42966 207
42967 207
42968 207
42969 207
42970 207
42971 207
42972 207
42973 207
42974 207
42975 207
42976 207
42977 207
42978 207
42979 207
42980 207
42981 207
42982 207
42983 207
42984 207
42985 207
42986 207
42987 207
42988 207
42989 207
42990 207
42991 207
42992 207
42993 207
42994 207
42995 207
42996 207
42997 207
42998 207
42999 207
43000 207
43001 207
43002 207
43003 207
43004 207
43005 207
43006 207
43007 207
43008 207
43009 207
43010 207
43011 207
43012 207
43013 207
43014 207
43015 207
43016 207
43017 207
43018 207
43019 207
43020 207
43021 207
43022 207
43023 207
43024 207
43025 207
43026 207
43027 207
43028 207
43029 207
43030 207
43031 207
43032 207
43033 207
43034 207
43035 207
43036 207
43037 207
43038 207
43039 207
43040 207
43041 207
43042 207
43043 207
43044 207
43045 207
43046 207
43047 207
43048 207
43049 207
43050 207
43051 207
43052 207
43053 207
43054 207
43055 207
43056 207
43057 208
43058 208
43059 208
43060 208
43061 208
43062 208
43063 208
43064 208
43065 208
43066 208
43067 208
43068 208
43069 208
43070 208
43071 208
43072 208
43073 208
43074 208
43075 208
43076 208
43077 208
43078 208
43079 208
43080 208
43081 208
43082 208
43083 208
43084 208
43085 208
43086 208
43087 208
43088 208
43089 208
43090 208
43091 208
43092 208
43093 208
43094 208
43095 208
43096 208
43097 208
43098 208
43099 208
43100 208
43101 208
43102 208
43103 208
43104 208
43105 208
43106 208
43107 208
43108 208
43109 208
43110 208
43111 208
43112 208
43113 208
43114 208
43115 208
43116 208
43117 208
43118 208
43119 208
43120 208
43121 208
43122 208
43123 208
43124 208
43125 208
43126 208
43127 208
43128 208
43129 208
43130 208
43131 208
43132 208
43133 208
43134 208
43135 208
43136 208
43137 208
43138 208
43139 208
43140 208
43141 208
43142 208
43143 208
43144 208
43145 208
43146 208
43147 208
43148 208
43149 208
43150 208
43151 208
43152 208
43153 208
43154 208
43155 208
43156 208
43157 208
43158 208
43159 208
43160 208
43161 208
43162 208
43163 208
43164 208
43165 208
43166 208
43167 208
43168 208
43169 208
43170 208
43171 208
43172 208
43173 208
43174 208
43175 208
43176 208
43177 208
43178 208
43179 208
43180 208
43181 208
43182 208
43183 208
43184 208
43185 208
43186 208
43187 208
43188 208
43189 208
43190 208
43191 208
43192 208
43193 208
43194 208
43195 208
43196 208
43197 208
43198 208
43199 208
43200 208
43201 208
43202 208
43203 208
43204 208
43205 208
43206 208
43207 208
43208 208
43209 208
43210 208
43211 208
43212 208
43213 208
43214 208
43215 208
43216 208
43217 208
43218 208
43219 208
43220 208
43221 208
43222 208
43223 208
43224 208
43225 208
43226 208
43227 208
43228 208
43229 208
43230 208
43231 208
43232 208
43233 208
43234 208
43235 208
43236 208
43237 208
43238 208
43239 208
43240 208
43241 208
43242 208
43243 208
43244 208
43245 208
43246 208
43247 208
43248 208
43249 208
43250 208
43251 208
43252 208
43253 208
43254 208
43255 208
43256 208
43257 208
43258 208
43259 208
43260 208
43261 208
43262 208
43263 208
43264 208
43265 208
43266 208
43267 208
43268 208
43269 208
43270 208
43271 208
43272 208
43273 208
43274 208
43275 208
43276 208
43277 208
43278 208
43279 208
43280 208
43281 208
43282 208
43283 208
43284 208
43285 208
43286 208
43287 208
43288 208
43289 208
43290 208
43291 208
43292 208
43293 208
43294 208
43295 208
43296 208
43297 208
43298 208
43299 208
43300 208
43301 208
43302 208
43303 208
43304 208
43305 208
43306 208
43307 208
43308 208
43309 208
43310 208
43311 208
43312 208
43313 208
43314 208
43315 208
43316 208
43317 208
43318 208
43319 208
43320 208
43321 208
43322 208
43323 208
43324 208
43325 208
43326 208
43327 208
43328 208
43329 208
43330 208
43331 208
43332 208
43333 208
43334 208
43335 208
43336 208
43337 208
43338 208
43339 208
43340 208
43341 208
43342 208
43343 208
43344 208
43345 208
43346 208
43347 208
43348 208
43349 208
43350 208
43351 208
43352 208
43353 208
43354 208
43355 208
43356 208
43357 208
43358 208
43359 208
43360 208
43361 208
43362 208
43363 208
43364 208
43365 208
43366 208
43367 208
43368 208
43369 208
43370 208
43371 208
43372 208
43373 208
43374 208
43375 208
43376 208
43377 208
43378 208
43379 208
43380 208
43381 208
43382 208
43383 208
43384 208
43385 208
43386 208
43387 208
43388 208
43389 208
43390 208
43391 208
43392 208
43393 208
43394 208
43395 208
43396 208
43397 208
43398 208
43399 208
43400 208
43401 208
43402 208
43403 208
43404 208
43405 208
43406 208
43407 208
43408 208
43409 208
43410 208
43411 208
43412 208
43413 208
43414 208
43415 208
43416 208
43417 208
43418 208
43419 208
43420 208
43421 208
43422 208
43423 208
43424 208
43425 208
43426 208
43427 208
43428 208
43429 208
43430 208
43431 208
43432 208
43433 208
43434 208
43435 208
43436 208
43437 208
43438 208
43439 208
43440 208
43441 208
43442 208
43443 208
43444 208
43445 208
43446 208
43447 208
43448 208
43449 208
43450 208
43451 208
43452 208
43453 208
43454 208
43455 208
43456 208
43457 208
43458 208
43459 208
43460 208
43461 208
43462 208
43463 208
43464 208
43465 208
43466 208
43467 208
43468 208
43469 208
43470 208
43471 208
43472 208
43473 209
43474 209
43475 209
43476 209
43477 209
43478 209
43479 209
43480 209
43481 209
43482 209
43483 209
43484 209
43485 209
43486 209
43487 209
43488 209
43489 209
43490 209
43491 209
43492 209
43493 209
43494 209
43495 209
43496 209
43497 209
43498 209
43499 209
43500 209
43501 209
43502 209
43503 209
43504 209
43505 209
43506 209
43507 209
43508 209
43509 209
43510 209
43511 209
43512 209
43513 209
43514 209
43515 209
43516 209
43517 209
43518 209
43519 209
43520 209
43521 209
43522 209
43523 209
43524 209
43525 209
43526 209
43527 209
43528 209
43529 209
43530 209
43531 209
43532 209
43533 209
43534 209
43535 209
43536 209
43537 209
43538 209
43539 209
43540 209
43541 209
43542 209
43543 209
43544 209
43545 209
43546 209
43547 209
43548 209
43549 209
43550 209
43551 209
43552 209
43553 209
43554 209
43555 209
43556 209
43557 209
43558 209
43559 209
43560 209
43561 209
43562 209
43563 209
43564 209
43565 209
43566 209
43567 209
43568 209
43569 209
43570 209
43571 209
43572 209
43573 209
43574 209
43575 209
43576 209
43577 209
43578 209
43579 209
43580 209
43581 209
43582 209
43583 209
43584 209
43585 209
43586 209
43587 209
43588 209
43589 209
43590 209
43591 209
43592 209
43593 209
43594 209
43595 209
43596 209
43597 209
43598 209
43599 209
43600 209
43601 209
43602 209
43603 209
43604 209
43605 209
43606 209
43607 209
43608 209
43609 209
43610 209
43611 209
43612 209
43613 209
43614 209
43615 209
43616 209
43617 209
43618 209
43619 209
43620 209
43621 209
43622 209
43623 209
43624 209
43625 209
43626 209
43627 209
43628 209
43629 209
43630 209
43631 209
43632 209
43633 209
43634 209
43635 209
43636 209
43637 209
43638 209
43639 209
43640 209
43641 209
43642 209
43643 209
43644 209
43645 209
43646 209
43647 209
43648 209
43649 209
43650 209
43651 209
43652 209
43653 209
43654 209
43655 209
43656 209
43657 209
43658 209
43659 209
43660 209
43661 209
43662 209
43663 209
43664 209
43665 209
43666 209
43667 209
43668 209
43669 209
43670 209
43671 209
43672 209
43673 209
43674 209
43675 209
43676 209
43677 209
43678 209
43679 209
43680 209
43681 209
43682 209
43683 209
43684 209
43685 209
43686 209
43687 209
43688 209
43689 209
43690 209
43691 209
43692 209
43693 209
43694 209
43695 209
43696 209
43697 209
43698 209
43699 209
43700 209
43701 209
43702 209
43703 209
43704 209
43705 209
43706 209
43707 209
43708 209
43709 209
43710 209
43711 209
43712 209
43713 209
43714 209
43715 209
43716 209
43717 209
43718 209
43719 209
43720 209
43721 209
43722 209
43723 209
43724 209
43725 209
43726 209
43727 209
43728 209
43729 209
43730 209
43731 209
43732 209
43733 209
43734 209
43735 209
43736 209
43737 209
43738 209
43739 209
43740 209
43741 209
43742 209
43743 209
43744 209
43745 209
43746 209
43747 209
43748 209
43749 209
43750 209
43751 209
43752 209
43753 209
43754 209
43755 209
43756 209
43757 209
43758 209
43759 209
43760 209
43761 209
43762 209
43763 209
43764 209
43765 209
43766 209
43767 209
43768 209
43769 209
43770 209
43771 209
43772 209
43773 209
43774 209
43775 209
43776 209
43777 209
43778 209
43779 209
43780 209
43781 209
43782 209
43783 209
43784 209
43785 209
43786 209
43787 209
43788 209
43789 209
43790 209
43791 209
43792 209
43793 209
43794 209
43795 209
43796 209
43797 209
43798 209
43799 209
43800 209
43801 209
43802 209
43803 209
43804 209
43805 209
43806 209
43807 209
43808 209
43809 209
43810 209
43811 209
43812 209
43813 209
43814 209
43815 209
43816 209
43817 209
43818 209
43819 209
43820 209
43821 209
43822 209
43823 209
43824 209
43825 209
43826 209
43827 209
43828 209
43829 209
43830 209
43831 209
43832 209
43833 209
43834 209
43835 209
43836 209
43837 209
43838 209
43839 209
43840 209
43841 209
43842 209
43843 209
43844 209
43845 209
43846 209
43847 209
43848 209
43849 209
43850 209
43851 209
43852 209
43853 209
43854 209
43855 209
43856 209
43857 209
43858 209
43859 209
43860 209
43861 209
43862 209
43863 209
43864 209
43865 209
43866 209
43867 209
43868 209
43869 209
43870 209
43871 209
43872 209
43873 209
43874 209
43875 209
43876 209
43877 209
43878 209
43879 209
43880 209
43881 209
43882 209
43883 209
43884 209
43885 209
43886 209
43887 209
43888 209
43889 209
43890 209
43891 210
43892 210
43893 210
43894 210
43895 210
43896 210
43897 210
43898 210
43899 210
43900 210
43901 210
43902 210
43903 210
43904 210
43905 210
43906 210
43907 210
43908 210
43909 210
43910 210
43911 210
43912 210
43913 210
43914 210
43915 210
43916 210
43917 210
43918 210
43919 210
43920 210
43921 210
43922 210
43923 210
43924 210
43925 210
43926 210
43927 210
43928 210
43929 210
43930 210
43931 210
43932 210
43933 210
43934 210
43935 210
43936 210
43937 210
43938 210
43939 210
43940 210
43941 210
43942 210
43943 210
43944 210
43945 210
43946 210
43947 210
43948 210
43949 210
43950 210
43951 210
43952 210
43953 210
43954 210
43955 210
43956 210
43957 210
43958 210
43959 210
43960 210
43961 210
43962 210
43963 210
43964 210
43965 210
43966 210
43967 210
43968 210
43969 210
43970 210
43971 210
43972 210
43973 210
43974 210
43975 210
43976 210
43977 210
43978 210
43979 210
43980 210
43981 210
43982 210
43983 210
43984 210
43985 210
43986 210
43987 210
43988 210
43989 210
43990 210
43991 210
43992 210
43993 210
43994 210
43995 210
43996 210
43997 210
43998 210
43999 210
44000 210
44001 210
44002 210
44003 210
44004 210
44005 210
44006 210
44007 210
44008 210
44009 210
44010 210
44011 210
44012 210
44013 210
44014 210
44015 210
44016 210
44017 210
44018 210
44019 210
44020 210
44021 210
44022 210
44023 210
44024 210
44025 210
44026 210
44027 210
44028 210
44029 210
44030 210
44031 210
44032 210
44033 210
44034 210
44035 210
44036 210
44037 210
44038 210
44039 210
44040 210
44041 210
44042 210
44043 210
44044 210
44045 210
44046 210
44047 210
44048 210
44049 210
44050 210
44051 210
44052 210
44053 210
44054 210
44055 210
44056 210
44057 210
44058 210
44059 210
44060 210
44061 210
44062 210
44063 210
44064 210
44065 210
44066 210
44067 210
44068 210
44069 210
44070 210
44071 210
44072 210
44073 210
44074 210
44075 210
44076 210
44077 210
44078 210
44079 210
44080 210
44081 210
44082 210
44083 210
44084 210
44085 210
44086 210
44087 210
44088 210
44089 210
44090 210
44091 210
44092 210
44093 210
44094 210
44095 210
44096 210
44097 210
44098 210
44099 210
44100 210
44101 210
44102 210
44103 210
44104 210
44105 210
44106 210
44107 210
44108 210
44109 210
44110 210
44111 210
44112 210
44113 210
44114 210
44115 210
44116 210
44117 210
44118 210
44119 210
44120 210
44121 210
44122 210
44123 210
44124 210
44125 210
44126 210
44127 210
44128 210
44129 210
44130 210
44131 210
44132 210
44133 210
44134 210
44135 210
44136 210
44137 210
44138 210
44139 210
44140 210
44141 210
44142 210
44143 210
44144 210
44145 210
44146 210
44147 210
44148 210
44149 210
44150 210
44151 210
44152 210
44153 210
44154 210
44155 210
44156 210
44157 210
44158 210
44159 210
44160 210
44161 210
44162 210
44163 210
44164 210
44165 210
44166 210
44167 210
44168 210
44169 210
44170 210
44171 210
44172 210
44173 210
44174 210
44175 210
44176 210
44177 210
44178 210
44179 210
44180 210
44181 210
44182 210
44183 210
44184 210
44185 210
44186 210
44187 210
44188 210
44189 210
44190 210
44191 210
44192 210
44193 210
44194 210
44195 210
44196 210
44197 210
44198 210
44199 210
44200 210
44201 210
44202 210
44203 210
44204 210
44205 210
44206 210
44207 210
44208 210
44209 210
44210 210
44211 210
44212 210
44213 210
44214 210
44215 210
44216 210
44217 210
44218 210
44219 210
44220 210
44221 210
44222 210
44223 210
44224 210
44225 210
44226 210
44227 210
44228 210
44229 210
44230 210
44231 210
44232 210
44233 210
44234 210
44235 210
44236 210
44237 210
44238 210
44239 210
44240 210
44241 210
44242 210
44243 210
44244 210
44245 210
44246 210
44247 210
44248 210
44249 210
44250 210
44251 210
44252 210
44253 210
44254 210
44255 210
44256 210
44257 210
44258 210
44259 210
44260 210
44261 210
44262 210
44263 210
44264 210
44265 210
44266 210
44267 210
44268 210
44269 210
44270 210
44271 210
44272 210
44273 210
44274 210
44275 210
44276 210
44277 210
44278 210
44279 210
44280 210
44281 210
44282 210
44283 210
44284 210
44285 210
44286 210
44287 210
44288 210
44289 210
44290 210
44291 210
44292 210
44293 210
44294 210
44295 210
44296 210
44297 210
44298 210
44299 210
44300 210
44301 210
44302 210
44303 210
44304 210
44305 210
44306 210
44307 210
44308 210
44309 210
44310 210
44311 211
44312 211
44313 211
44314 211
44315 211
44316 211
44317 211
44318 211
44319 211
44320 211
44321 211
44322 211
44323 211
44324 211
44325 211
44326 211
44327 211
44328 211
44329 211
44330 211
44331 211
44332 211
44333 211
44334 211
44335 211
44336 211
44337 211
44338 211
44339 211
44340 211
44341 211
44342 211
44343 211
44344 211
44345 211
44346 211
44347 211
44348 211
44349 211
44350 211
44351 211
44352 211
44353 211
44354 211
44355 211
44356 211
44357 211
44358 211
44359 211
44360 211
44361 211
44362 211
44363 211
44364 211
44365 211
44366 211
44367 211
44368 211
44369 211
44370 211
44371 211
44372 211
44373 211
44374 211
44375 211
44376 211
44377 211
44378 211
44379 211
44380 211
44381 211
44382 211
44383 211
44384 211
44385 211
44386 211
44387 211
44388 211
44389 211
44390 211
44391 211
44392 211
44393 211
44394 211
44395 211
44396 211
44397 211
44398 211
44399 211
44400 211
44401 211
44402 211
44403 211
44404 211
44405 211
44406 211
44407 211
44408 211
44409 211
44410 211
44411 211
44412 211
44413 211
44414 211
44415 211
44416 211
44417 211
44418 211
44419 211
44420 211
44421 211
44422 211
44423 211
44424 211
44425 211
44426 211
44427 211
44428 211
44429 211
44430 211
44431 211
44432 211
44433 211
44434 211
44435 211
44436 211
44437 211
44438 211
44439 211
44440 211
44441 211
44442 211
44443 211
44444 211
44445 211
44446 211
44447 211
44448 211
44449 211
44450 211
44451 211
44452 211
44453 211
44454 211
44455 211
44456 211
44457 211
44458 211
44459 211
44460 211
44461 211
44462 211
44463 211
44464 211
44465 211
44466 211
44467 211
44468 211
44469 211
44470 211
44471 211
44472 211
44473 211
44474 211
44475 211
44476 211
44477 211
44478 211
44479 211
44480 211
44481 211
44482 211
44483 211
44484 211
44485 211
44486 211
44487 211
44488 211
44489 211
44490 211
44491 211
44492 211
44493 211
44494 211
44495 211
44496 211
44497 211
44498 211
44499 211
44500 211
44501 211
44502 211
44503 211
44504 211
44505 211
44506 211
44507 211
44508 211
44509 211
44510 211
44511 211
44512 211
44513 211
44514 211
44515 211
44516 211
44517 211
44518 211
44519 211
44520 211
44521 211
44522 211
44523 211
44524 211
44525 211
44526 211
44527 211
44528 211
44529 211
44530 211
44531 211
44532 211
44533 211
44534 211
44535 211
44536 211
44537 211
44538 211
44539 211
44540 211
44541 211
44542 211
44543 211
44544 211
44545 211
44546 211
44547 211
44548 211
44549 211
44550 211
44551 211
44552 211
44553 211
44554 211
44555 211
44556 211
44557 211
44558 211
44559 211
44560 211
44561 211
44562 211
44563 211
44564 211
44565 211
44566 211
44567 211
44568 211
44569 211
44570 211
44571 211
44572 211
44573 211
44574 211
44575 211
44576 211
44577 211
44578 211
44579 211
44580 211
44581 211
44582 211
44583 211
44584 211
44585 211
44586 211
44587 211
44588 211
44589 211
44590 211
44591 211
44592 211
44593 211
44594 211
44595 211
44596 211
44597 211
44598 211
44599 211
44600 211
44601 211
44602 211
44603 211
44604 211
44605 211
44606 211
44607 211
44608 211
44609 211
44610 211
44611 211
44612 211
44613 211
44614 211
44615 211
44616 211
44617 211
44618 211
44619 211
44620 211
44621 211
44622 211
44623 211
44624 211
44625 211
44626 211
44627 211
44628 211
44629 211
44630 211
44631 211
44632 211
44633 211
44634 211
44635 211
44636 211
44637 211
44638 211
44639 211
44640 211
44641 211
44642 211
44643 211
44644 211
44645 211
44646 211
44647 211
44648 211
44649 211
44650 211
44651 211
44652 211
44653 211
44654 211
44655 211
44656 211
44657 211
44658 211
44659 211
44660 211
44661 211
44662 211
44663 211
44664 211
44665 211
44666 211
44667 211
44668 211
44669 211
44670 211
44671 211
44672 211
44673 211
44674 211
44675 211
44676 211
44677 211
44678 211
44679 211
44680 211
44681 211
44682 211
44683 211
44684 211
44685 211
44686 211
44687 211
44688 211
44689 211
44690 211
44691 211
44692 211
44693 211
44694 211
44695 211
44696 211
44697 211
44698 211
44699 211
44700 211
44701 211
44702 211
44703 211
44704 211
44705 211
44706 211
44707 211
44708 211
44709 211
44710 211
44711 211
44712 211
44713 211
44714 211
44715 211
44716 211
44717 211
44718 211
44719 211
44720 211
44721 211
44722 211
44723 211
44724 211
44725 211
44726 211
44727 211
44728 211
44729 211
44730 211
44731 211
44732 211
44733 212
44734 212
44735 212
44736 212
44737 212
44738 212
44739 212
44740 212
44741 212
44742 212
44743 212
44744 212
44745 212
44746 212
44747 212
44748 212
44749 212
44750 212
44751 212
44752 212
44753 212
44754 212
44755 212
44756 212
44757 212
44758 212
44759 212
44760 212
44761 212
44762 212
44763 212
44764 212
44765 212
44766 212
44767 212
44768 212
44769 212
44770 212
44771 212
44772 212
44773 212
44774 212
44775 212
44776 212
44777 212
44778 212
44779 212
44780 212
44781 212
44782 212
44783 212
44784 212
44785 212
44786 212
44787 212
44788 212
44789 212
44790 212
44791 212
44792 212
44793 212
44794 212
44795 212
44796 212
44797 212
44798 212
44799 212
44800 212
44801 212
44802 212
44803 212
44804 212
44805 212
44806 212
44807 212
44808 212
44809 212
44810 212
44811 212
44812 212
44813 212
44814 212
44815 212
44816 212
44817 212
44818 212
44819 212
44820 212
44821 212
44822 212
44823 212
44824 212
44825 212
44826 212
44827 212
44828 212
44829 212
44830 212
44831 212
44832 212
44833 212
44834 212
44835 212
44836 212
44837 212
44838 212
44839 212
44840 212
44841 212
44842 212
44843 212
44844 212
44845 212
44846 212
44847 212
44848 212
44849 212
44850 212
44851 212
44852 212
44853 212
44854 212
44855 212
44856 212
44857 212
44858 212
44859 212
44860 212
44861 212
44862 212
44863 212
44864 212
44865 212
44866 212
44867 212
44868 212
44869 212
44870 212
44871 212
44872 212
44873 212
44874 212
44875 212
44876 212
44877 212
44878 212
44879 212
44880 212
44881 212
44882 212
44883 212
44884 212
44885 212
44886 212
44887 212
44888 212
44889 212
44890 212
44891 212
44892 212
44893 212
44894 212
44895 212
44896 212
44897 212
44898 212
44899 212
44900 212
44901 212
44902 212
44903 212
44904 212
44905 212
44906 212
44907 212
44908 212
44909 212
44910 212
44911 212
44912 212
44913 212
44914 212
44915 212
44916 212
44917 212
44918 212
44919 212
44920 212
44921 212
44922 212
44923 212
44924 212
44925 212
44926 212
44927 212
44928 212
44929 212
44930 212
44931 212
44932 212
44933 212
44934 212
44935 212
44936 212
44937 212
44938 212
44939 212
44940 212
44941 212
44942 212
44943 212
44944 212
44945 212
44946 212
44947 212
44948 212
44949 212
44950 212
44951 212
44952 212
44953 212
44954 212
44955 212
44956 212
44957 212
44958 212
44959 212
44960 212
44961 212
44962 212
44963 212
44964 212
44965 212
44966 212
44967 212
44968 212
44969 212
44970 212
44971 212
44972 212
44973 212
44974 212
44975 212
44976 212
44977 212
44978 212
44979 212
44980 212
44981 212
44982 212
44983 212
44984 212
44985 212
44986 212
44987 212
44988 212
44989 212
44990 212
44991 212
44992 212
44993 212
44994 212
44995 212
44996 212
44997 212
44998 212
44999 212
45000 212
45001 212
45002 212
45003 212
45004 212
45005 212
45006 212
45007 212
45008 212
45009 212
45010 212
45011 212
45012 212
45013 212
45014 212
45015 212
45016 212
45017 212
45018 212
45019 212
45020 212
45021 212
45022 212
45023 212
45024 212
45025 212
45026 212
45027 212
45028 212
45029 212
45030 212
45031 212
45032 212
45033 212
45034 212
45035 212
45036 212
45037 212
45038 212
45039 212
45040 212
45041 212
45042 212
45043 212
45044 212
45045 212
45046 212
45047 212
45048 212
45049 212
45050 212
45051 212
45052 212
45053 212
45054 212
45055 212
45056 212
45057 212
45058 212
45059 212
45060 212
45061 212
45062 212
45063 212
45064 212
45065 212
45066 212
45067 212
45068 212
45069 212
45070 212
45071 212
45072 212
45073 212
45074 212
45075 212
45076 212
45077 212
45078 212
45079 212
45080 212
45081 212
45082 212
45083 212
45084 212
45085 212
45086 212
45087 212
45088 212
45089 212
45090 212
45091 212
45092 212
45093 212
45094 212
45095 212
45096 212
45097 212
45098 212
45099 212
45100 212
45101 212
45102 212
45103 212
45104 212
45105 212
45106 212
45107 212
45108 212
45109 212
45110 212
45111 212
45112 212
45113 212
45114 212
45115 212
45116 212
45117 212
45118 212
45119 212
45120 212
45121 212
45122 212
45123 212
45124 212
45125 212
45126 212
45127 212
45128 212
45129 212
45130 212
45131 212
45132 212
45133 212
45134 212
45135 212
45136 212
45137 212
45138 212
45139 212
45140 212
45141 212
45142 212
45143 212
45144 212
45145 212
45146 212
45147 212
45148 212
45149 212
45150 212
45151 212
45152 212
45153 212
45154 212
45155 212
45156 212
45157 213
45158 213
45159 213
45160 213
45161 213
45162 213
45163 213
45164 213
45165 213
45166 213
45167 213
45168 213
45169 213
45170 213
45171 213
45172 213
45173 213
45174 213
45175 213
45176 213
45177 213
45178 213
45179 213
45180 213
45181 213
45182 213
45183 213
45184 213
45185 213
45186 213
45187 213
45188 213
45189 213
45190 213
45191 213
45192 213
45193 213
45194 213
45195 213
45196 213
45197 213
45198 213
45199 213
45200 213
45201 213
45202 213
45203 213
45204 213
45205 213
45206 213
45207 213
45208 213
45209 213
45210 213
45211 213
45212 213
45213 213
45214 213
45215 213
45216 213
45217 213
45218 213
45219 213
45220 213
45221 213
45222 213
45223 213
45224 213
45225 213
45226 213
45227 213
45228 213
45229 213
45230 213
45231 213
45232 213
45233 213
45234 213
45235 213
45236 213
45237 213
45238 213
45239 213
45240 213
45241 213
45242 213
45243 213
45244 213
45245 213
45246 213
45247 213
45248 213
45249 213
45250 213
45251 213
45252 213
45253 213
45254 213
45255 213
45256 213
45257 213
45258 213
45259 213
45260 213
45261 213
45262 213
45263 213
45264 213
45265 213
45266 213
45267 213
45268 213
45269 213
45270 213
45271 213
45272 213
45273 213
45274 213
45275 213
45276 213
45277 213
45278 213
45279 213
45280 213
45281 213
45282 213
45283 213
45284 213
45285 213
45286 213
45287 213
45288 213
45289 213
45290 213
45291 213
45292 213
45293 213
45294 213
45295 213
45296 213
45297 213
45298 213
45299 213
45300 213
45301 213
45302 213
45303 213
45304 213
45305 213
45306 213
45307 213
45308 213
45309 213
45310 213
45311 213
45312 213
45313 213
45314 213
45315 213
45316 213
45317 213
45318 213
45319 213
45320 213
45321 213
45322 213
45323 213
45324 213
45325 213
45326 213
45327 213
45328 213
45329 213
45330 213
45331 213
45332 213
45333 213
45334 213
45335 213
45336 213
45337 213
45338 213
45339 213
45340 213
45341 213
45342 213
45343 213
45344 213
45345 213
45346 213
45347 213
45348 213
45349 213
45350 213
45351 213
45352 213
45353 213
45354 213
45355 213
45356 213
45357 213
45358 213
45359 213
45360 213
45361 213
45362 213
45363 213
45364 213
45365 213
45366 213
45367 213
45368 213
45369 213
45370 213
45371 213
45372 213
45373 213
45374 213
45375 213
45376 213
45377 213
45378 213
45379 213
45380 213
45381 213
45382 213
45383 213
45384 213
45385 213
45386 213
45387 213
45388 213
45389 213
45390 213
45391 213
45392 213
45393 213
45394 213
45395 213
45396 213
45397 213
45398 213
45399 213
45400 213
45401 213
45402 213
45403 213
45404 213
45405 213
45406 213
45407 213
45408 213
45409 213
45410 213
45411 213
45412 213
45413 213
45414 213
45415 213
45416 213
45417 213
45418 213
45419 213
45420 213
45421 213
45422 213
45423 213
45424 213
45425 213
45426 213
45427 213
45428 213
45429 213
45430 213
45431 213
45432 213
45433 213
45434 213
45435 213
45436 213
45437 213
45438 213
45439 213
45440 213
45441 213
45442 213
45443 213
45444 213
45445 213
45446 213
45447 213
45448 213
45449 213
45450 213
45451 213
45452 213
45453 213
45454 213
45455 213
45456 213
45457 213
45458 213
45459 213
45460 213
45461 213
45462 213
45463 213
45464 213
45465 213
45466 213
45467 213
45468 213
45469 213
45470 213
45471 213
45472 213
45473 213
45474 213
45475 213
45476 213
45477 213
45478 213
45479 213
45480 213
45481 213
45482 213
45483 213
45484 213
45485 213
45486 213
45487 213
45488 213
45489 213
45490 213
45491 213
45492 213
45493 213
45494 213
45495 213
45496 213
45497 213
45498 213
45499 213
45500 213
45501 213
45502 213
45503 213
45504 213
45505 213
45506 213
45507 213
45508 213
45509 213
45510 213
45511 213
45512 213
45513 213
45514 213
45515 213
45516 213
45517 213
45518 213
45519 213
45520 213
45521 213
45522 213
45523 213
45524 213
45525 213
45526 213
45527 213
45528 213
45529 213
45530 213
45531 213
45532 213
45533 213
45534 213
45535 213
45536 213
45537 213
45538 213
45539 213
45540 213
45541 213
45542 213
45543 213
45544 213
45545 213
45546 213
45547 213
45548 213
45549 213
45550 213
45551 213
45552 213
45553 213
45554 213
45555 213
45556 213
45557 213
45558 213
45559 213
45560 213
45561 213
45562 213
45563 213
45564 213
45565 213
45566 213
45567 213
45568 213
45569 213
45570 213
45571 213
45572 213
45573 213
45574 213
45575 213
45576 213
45577 213
45578 213
45579 213
45580 213
45581 213
45582 213
45583 214
45584 214
45585 214
45586 214
45587 214
45588 214
45589 214
45590 214
45591 214
45592 214
45593 214
45594 214
45595 214
45596 214
45597 214
45598 214
45599 214
45600 214
45601 214
45602 214
45603 214
45604 214
45605 214
45606 214
45607 214
45608 214
45609 214
45610 214
45611 214
45612 214
45613 214
45614 214
45615 214
45616 214
45617 214
45618 214
45619 214
45620 214
45621 214
45622 214
45623 214
45624 214
45625 214
45626 214
45627 214
45628 214
45629 214
45630 214
45631 214
45632 214
45633 214
45634 214
45635 214
45636 214
45637 214
45638 214
45639 214
45640 214
45641 214
45642 214
45643 214
45644 214
45645 214
45646 214
45647 214
45648 214
45649 214
45650 214
45651 214
45652 214
45653 214
45654 214
45655 214
45656 214
45657 214
45658 214
45659 214
45660 214
45661 214
45662 214
45663 214
45664 214
45665 214
45666 214
45667 214
45668 214
45669 214
45670 214
45671 214
45672 214
45673 214
45674 214
45675 214
45676 214
45677 214
45678 214
45679 214
45680 214
45681 214
45682 214
45683 214
45684 214
45685 214
45686 214
45687 214
45688 214
45689 214
45690 214
45691 214
45692 214
45693 214
45694 214
45695 214
45696 214
45697 214
45698 214
45699 214
45700 214
45701 214
45702 214
45703 214
45704 214
45705 214
45706 214
45707 214
45708 214
45709 214
45710 214
45711 214
45712 214
45713 214
45714 214
45715 214
45716 214
45717 214
45718 214
45719 214
45720 214
45721 214
45722 214
45723 214
45724 214
45725 214
45726 214
45727 214
45728 214
45729 214
45730 214
45731 214
45732 214
45733 214
45734 214
45735 214
45736 214
45737 214
45738 214
45739 214
45740 214
45741 214
45742 214
45743 214
45744 214
45745 214
45746 214
45747 214
45748 214
45749 214
45750 214
45751 214
45752 214
45753 214
45754 214
45755 214
45756 214
45757 214
45758 214
45759 214
45760 214
45761 214
45762 214
45763 214
45764 214
45765 214
45766 214
45767 214
45768 214
45769 214
45770 214
45771 214
45772 214
45773 214
45774 214
45775 214
45776 214
45777 214
45778 214
45779 214
45780 214
45781 214
45782 214
45783 214
45784 214
45785 214
45786 214
45787 214
45788 214
45789 214
45790 214
45791 214
45792 214
45793 214
45794 214
45795 214
45796 214
45797 214
45798 214
45799 214
45800 214
45801 214
45802 214
45803 214
45804 214
45805 214
45806 214
45807 214
45808 214
45809 214
45810 214
45811 214
45812 214
45813 214
45814 214
45815 214
45816 214
45817 214
45818 214
45819 214
45820 214
45821 214
45822 214
45823 214
45824 214
45825 214
45826 214
45827 214
45828 214
45829 214
45830 214
45831 214
45832 214
45833 214
45834 214
45835 214
45836 214
45837 214
45838 214
45839 214
45840 214
45841 214
45842 214
45843 214
45844 214
45845 214
45846 214
45847 214
45848 214
45849 214
45850 214
45851 214
45852 214
45853 214
45854 214
45855 214
45856 214
45857 214
45858 214
45859 214
45860 214
45861 214
45862 214
45863 214
45864 214
45865 214
45866 214
45867 214
45868 214
45869 214
45870 214
45871 214
45872 214
45873 214
45874 214
45875 214
45876 214
45877 214
45878 214
45879 214
45880 214
45881 214
45882 214
45883 214
45884 214
45885 214
45886 214
45887 214
45888 214
45889 214
45890 214
45891 214
45892 214
45893 214
45894 214
45895 214
45896 214
45897 214
45898 214
45899 214
45900 214
45901 214
45902 214
45903 214
45904 214
45905 214
45906 214
45907 214
45908 214
45909 214
45910 214
45911 214
45912 214
45913 214
45914 214
45915 214
45916 214
45917 214
45918 214
45919 214
45920 214
45921 214
45922 214
45923 214
45924 214
45925 214
45926 214
45927 214
45928 214
45929 214
45930 214
45931 214
45932 214
45933 214
45934 214
45935 214
45936 214
45937 214
45938 214
45939 214
45940 214
45941 214
45942 214
45943 214
45944 214
45945 214
45946 214
45947 214
45948 214
45949 214
45950 214
45951 214
45952 214
45953 214
45954 214
45955 214
45956 214
45957 214
45958 214
45959 214
45960 214
45961 214
45962 214
45963 214
45964 214
45965 214
45966 214
45967 214
45968 214
45969 214
45970 214
45971 214
45972 214
45973 214
45974 214
45975 214
45976 214
45977 214
45978 214
45979 214
45980 214
45981 214
45982 214
45983 214
45984 214
45985 214
45986 214
45987 214
45988 214
45989 214
45990 214
45991 214
45992 214
45993 214
45994 214
45995 214
45996 214
45997 214
45998 214
45999 214
46000 214
46001 214
46002 214
46003 214
46004 214
46005 214
46006 214
46007 214
46008 214
46009 214
46010 214
46011 215
46012 215
46013 215
46014 215
46015 215
46016 215
46017 215
46018 215
46019 215
46020 215
46021 215
46022 215
46023 215
46024 215
46025 215
46026 215
46027 215
46028 215
46029 215
46030 215
46031 215
46032 215
46033 215
46034 215
46035 215
46036 215
46037 215
46038 215
46039 215
46040 215
46041 215
46042 215
46043 215
46044 215
46045 215
46046 215
46047 215
46048 215
46049 215
46050 215
46051 215
46052 215
46053 215
46054 215
46055 215
46056 215
46057 215
46058 215
46059 215
46060 215
46061 215
46062 215
46063 215
46064 215
46065 215
46066 215
46067 215
46068 215
46069 215
46070 215
46071 215
46072 215
46073 215
46074 215
46075 215
46076 215
46077 215
46078 215
46079 215
46080 215
46081 215
46082 215
46083 215
46084 215
46085 215
46086 215
46087 215
46088 215
46089 215
46090 215
46091 215
46092 215
46093 215
46094 215
46095 215
46096 215
46097 215
46098 215
46099 215
46100 215
46101 215
46102 215
46103 215
46104 215
46105 215
46106 215
46107 215
46108 215
46109 215
46110 215
46111 215
46112 215
46113 215
46114 215
46115 215
46116 215
46117 215
46118 215
46119 215
46120 215
46121 215
46122 215
46123 215
46124 215
46125 215
46126 215
46127 215
46128 215
46129 215
46130 215
46131 215
46132 215
46133 215
46134 215
46135 215
46136 215
46137 215
46138 215
46139 215
46140 215
46141 215
46142 215
46143 215
46144 215
46145 215
46146 215
46147 215
46148 215
46149 215
46150 215
46151 215
46152 215
46153 215
46154 215
46155 215
46156 215
46157 215
46158 215
46159 215
46160 215
46161 215
46162 215
46163 215
46164 215
46165 215
46166 215
46167 215
46168 215
46169 215
46170 215
46171 215
46172 215
46173 215
46174 215
46175 215
46176 215
46177 215
46178 215
46179 215
46180 215
46181 215
46182 215
46183 215
46184 215
46185 215
46186 215
46187 215
46188 215
46189 215
46190 215
46191 215
46192 215
46193 215
46194 215
46195 215
46196 215
46197 215
46198 215
46199 215
46200 215
46201 215
46202 215
46203 215
46204 215
46205 215
46206 215
46207 215
46208 215
46209 215
46210 215
46211 215
46212 215
46213 215
46214 215
46215 215
46216 215
46217 215
46218 215
46219 215
46220 215
46221 215
46222 215
46223 215
46224 215
46225 215
46226 215
46227 215
46228 215
46229 215
46230 215
46231 215
46232 215
46233 215
46234 215
46235 215
46236 215
46237 215
46238 215
46239 215
46240 215
46241 215
46242 215
46243 215
46244 215
46245 215
46246 215
46247 215
46248 215
46249 215
46250 215
46251 215
46252 215
46253 215
46254 215
46255 215
46256 215
46257 215
46258 215
46259 215
46260 215
46261 215
46262 215
46263 215
46264 215
46265 215
46266 215
46267 215
46268 215
46269 215
46270 215
46271 215
46272 215
46273 215
46274 215
46275 215
46276 215
46277 215
46278 215
46279 215
46280 215
46281 215
46282 215
46283 215
46284 215
46285 215
46286 215
46287 215
46288 215
46289 215
46290 215
46291 215
46292 215
46293 215
46294 215
46295 215
46296 215
46297 215
46298 215
46299 215
46300 215
46301 215
46302 215
46303 215
46304 215
46305 215
46306 215
46307 215
46308 215
46309 215
46310 215
46311 215
46312 215
46313 215
46314 215
46315 215
46316 215
46317 215
46318 215
46319 215
46320 215
46321 215
46322 215
46323 215
46324 215
46325 215
46326 215
46327 215
46328 215
46329 215
46330 215
46331 215
46332 215
46333 215
46334 215
46335 215
46336 215
46337 215
46338 215
46339 215
46340 215
46341 215
46342 215
46343 215
46344 215
46345 215
46346 215
46347 215
46348 215
46349 215
46350 215
46351 215
46352 215
46353 215
46354 215
46355 215
46356 215
46357 215
46358 215
46359 215
46360 215
46361 215
46362 215
46363 215
46364 215
46365 215
46366 215
46367 215
46368 215
46369 215
46370 215
46371 215
46372 215
46373 215
46374 215
46375 215
46376 215
46377 215
46378 215
46379 215
46380 215
46381 215
46382 215
46383 215
46384 215
46385 215
46386 215
46387 215
46388 215
46389 215
46390 215
46391 215
46392 215
46393 215
46394 215
46395 215
46396 215
46397 215
46398 215
46399 215
46400 215
46401 215
46402 215
46403 215
46404 215
46405 215
46406 215
46407 215
46408 215
46409 215
46410 215
46411 215
46412 215
46413 215
46414 215
46415 215
46416 215
46417 215
46418 215
46419 215
46420 215
46421 215
46422 215
46423 215
46424 215
46425 215
46426 215
46427 215
46428 215
46429 215
46430 215
46431 215
46432 215
46433 215
46434 215
46435 215
46436 215
46437 215
46438 215
46439 215
46440 215
46441 216
46442 216
46443 216
46444 216
46445 216
46446 216
46447 216
46448 216
46449 216
46450 216
46451 216
46452 216
46453 216
46454 216
46455 216
46456 216
46457 216
46458 216
46459 216
46460 216
46461 216
46462 216
46463 216
46464 216
46465 216
46466 216
46467 216
46468 216
46469 216
46470 216
46471 216
46472 216
46473 216
46474 216
46475 216
46476 216
46477 216
46478 216
46479 216
46480 216
46481 216
46482 216
46483 216
46484 216
46485 216
46486 216
46487 216
46488 216
46489 216
46490 216
46491 216
46492 216
46493 216
46494 216
46495 216
46496 216
46497 216
46498 216
46499 216
46500 216
46501 216
46502 216
46503 216
46504 216
46505 216
46506 216
46507 216
46508 216
46509 216
46510 216
46511 216
46512 216
46513 216
46514 216
46515 216
46516 216
46517 216
46518 216
46519 216
46520 216
46521 216
46522 216
46523 216
46524 216
46525 216
46526 216
46527 216
46528 216
46529 216
46530 216
46531 216
46532 216
46533 216
46534 216
46535 216
46536 216
46537 216
46538 216
46539 216
46540 216
46541 216
46542 216
46543 216
46544 216
46545 216
46546 216
46547 216
46548 216
46549 216
46550 216
46551 216
46552 216
46553 216
46554 216
46555 216
46556 216
46557 216
46558 216
46559 216
46560 216
46561 216
46562 216
46563 216
46564 216
46565 216
46566 216
46567 216
46568 216
46569 216
46570 216
46571 216
46572 216
46573 216
46574 216
46575 216
46576 216
46577 216
46578 216
46579 216
46580 216
46581 216
46582 216
46583 216
46584 216
46585 216
46586 216
46587 216
46588 216
46589 216
46590 216
46591 216
46592 216
46593 216
46594 216
46595 216
46596 216
46597 216
46598 216
46599 216
46600 216
46601 216
46602 216
46603 216
46604 216
46605 216
46606 216
46607 216
46608 216
46609 216
46610 216
46611 216
46612 216
46613 216
46614 216
46615 216
46616 216
46617 216
46618 216
46619 216
46620 216
46621 216
46622 216
46623 216
46624 216
46625 216
46626 216
46627 216
46628 216
46629 216
46630 216
46631 216
46632 216
46633 216
46634 216
46635 216
46636 216
46637 216
46638 216
46639 216
46640 216
46641 216
46642 216
46643 216
46644 216
46645 216
46646 216
46647 216
46648 216
46649 216
46650 216
46651 216
46652 216
46653 216
46654 216
46655 216
46656 216
46657 216
46658 216
46659 216
46660 216
46661 216
46662 216
46663 216
46664 216
46665 216
46666 216
46667 216
46668 216
46669 216
46670 216
46671 216
46672 216
46673 216
46674 216
46675 216
46676 216
46677 216
46678 216
46679 216
46680 216
46681 216
46682 216
46683 216
46684 216
46685 216
46686 216
46687 216
46688 216
46689 216
46690 216
46691 216
46692 216
46693 216
46694 216
46695 216
46696 216
46697 216
46698 216
46699 216
46700 216
46701 216
46702 216
46703 216
46704 216
46705 216
46706 216
46707 216
46708 216
46709 216
46710 216
46711 216
46712 216
46713 216
46714 216
46715 216
46716 216
46717 216
46718 216
46719 216
46720 216
46721 216
46722 216
46723 216
46724 216
46725 216
46726 216
46727 216
46728 216
46729 216
46730 216
46731 216
46732 216
46733 216
46734 216
46735 216
46736 216
46737 216
46738 216
46739 216
46740 216
46741 216
46742 216
46743 216
46744 216
46745 216
46746 216
46747 216
46748 216
46749 216
46750 216
46751 216
46752 216
46753 216
46754 216
46755 216
46756 216
46757 216
46758 216
46759 216
46760 216
46761 216
46762 216
46763 216
46764 216
46765 216
46766 216
46767 216
46768 216
46769 216
46770 216
46771 216
46772 216
46773 216
46774 216
46775 216
46776 216
46777 216
46778 216
46779 216
46780 216
46781 216
46782 216
46783 216
46784 216
46785 216
46786 216
46787 216
46788 216
46789 216
46790 216
46791 216
46792 216
46793 216
46794 216
46795 216
46796 216
46797 216
46798 216
46799 216
46800 216
46801 216
46802 216
46803 216
46804 216
46805 216
46806 216
46807 216
46808 216
46809 216
46810 216
46811 216
46812 216
46813 216
46814 216
46815 216
46816 216
46817 216
46818 216
46819 216
46820 216
46821 216
46822 216
46823 216
46824 216
46825 216
46826 216
46827 216
46828 216
46829 216
46830 216
46831 216
46832 216
46833 216
46834 216
46835 216
46836 216
46837 216
46838 216
46839 216
46840 216
46841 216
46842 216
46843 216
46844 216
46845 216
46846 216
46847 216
46848 216
46849 216
46850 216
46851 216
46852 216
46853 216
46854 216
46855 216
46856 216
46857 216
46858 216
46859 216
46860 216
46861 216
46862 216
46863 216
46864 216
46865 216
46866 216
46867 216
46868 216
46869 216
46870 216
46871 216
46872 216
46873 217
46874 217
46875 217
46876 217
46877 217
46878 217
46879 217
46880 217
46881 217
46882 217
46883 217
46884 217
46885 217
46886 217
46887 217
46888 217
46889 217
46890 217
46891 217
46892 217
46893 217
46894 217
46895 217
46896 217
46897 217
46898 217
46899 217
46900 217
46901 217
46902 217
46903 217
46904 217
46905 217
46906 217
46907 217
46908 217
46909 217
46910 217
46911 217
46912 217
46913 217
46914 217
46915 217
46916 217
46917 217
46918 217
46919 217
46920 217
46921 217
46922 217
46923 217
46924 217
46925 217
46926 217
46927 217
46928 217
46929 217
46930 217
46931 217
46932 217
46933 217
46934 217
46935 217
46936 217
46937 217
46938 217
46939 217
46940 217
46941 217
46942 217
46943 217
46944 217
46945 217
46946 217
46947 217
46948 217
46949 217
46950 217
46951 217
46952 217
46953 217
46954 217
46955 217
46956 217
46957 217
46958 217
46959 217
46960 217
46961 217
46962 217
46963 217
46964 217
46965 217
46966 217
46967 217
46968 217
46969 217
46970 217
46971 217
46972 217
46973 217
46974 217
46975 217
46976 217
46977 217
46978 217
46979 217
46980 217
46981 217
46982 217
46983 217
46984 217
46985 217
46986 217
46987 217
46988 217
46989 217
46990 217
46991 217
46992 217
46993 217
46994 217
46995 217
46996 217
46997 217
46998 217
46999 217
47000 217
47001 217
47002 217
47003 217
47004 217
47005 217
47006 217
47007 217
47008 217
47009 217
47010 217
47011 217
47012 217
47013 217
47014 217
47015 217
47016 217
47017 217
47018 217
47019 217
47020 217
47021 217
47022 217
47023 217
47024 217
47025 217
47026 217
47027 217
47028 217
47029 217
47030 217
47031 217
47032 217
47033 217
47034 217
47035 217
47036 217
47037 217
47038 217
47039 217
47040 217
47041 217
47042 217
47043 217
47044 217
47045 217
47046 217
47047 217
47048 217
47049 217
47050 217
47051 217
47052 217
47053 217
47054 217
47055 217
47056 217
47057 217
47058 217
47059 217
47060 217
47061 217
47062 217
47063 217
47064 217
47065 217
47066 217
47067 217
47068 217
47069 217
47070 217
47071 217
47072 217
47073 217
47074 217
47075 217
47076 217
47077 217
47078 217
47079 217
47080 217
47081 217
47082 217
47083 217
47084 217
47085 217
47086 217
47087 217
47088 217
47089 217
47090 217
47091 217
47092 217
47093 217
47094 217
47095 217
47096 217
47097 217
47098 217
47099 217
47100 217
47101 217
47102 217
47103 217
47104 217
47105 217
47106 217
47107 217
47108 217
47109 217
47110 217
47111 217
47112 217
47113 217
47114 217
47115 217
47116 217
47117 217
47118 217
47119 217
47120 217
47121 217
47122 217
47123 217
47124 217
47125 217
47126 217
47127 217
47128 217
47129 217
47130 217
47131 217
47132 217
47133 217
47134 217
47135 217
47136 217
47137 217
47138 217
47139 217
47140 217
47141 217
47142 217
47143 217
47144 217
47145 217
47146 217
47147 217
47148 217
47149 217
47150 217
47151 217
47152 217
47153 217
47154 217
47155 217
47156 217
47157 217
47158 217
47159 217
47160 217
47161 217
47162 217
47163 217
47164 217
47165 217
47166 217
47167 217
47168 217
47169 217
47170 217
47171 217
47172 217
47173 217
47174 217
47175 217
47176 217
47177 217
47178 217
47179 217
47180 217
47181 217
47182 217
47183 217
47184 217
47185 217
47186 217
47187 217
47188 217
47189 217
47190 217
47191 217
47192 217
47193 217
47194 217
47195 217
47196 217
47197 217
47198 217
47199 217
47200 217
47201 217
47202 217
47203 217
47204 217
47205 217
47206 217
47207 217
47208 217
47209 217
47210 217
47211 217
47212 217
47213 217
47214 217
47215 217
47216 217
47217 217
47218 217
47219 217
47220 217
47221 217
47222 217
47223 217
47224 217
47225 217
47226 217
47227 217
47228 217
47229 217
47230 217
47231 217
47232 217
47233 217
47234 217
47235 217
47236 217
47237 217
47238 217
47239 217
47240 217
47241 217
47242 217
47243 217
47244 217
47245 217
47246 217
47247 217
47248 217
47249 217
47250 217
47251 217
47252 217
47253 217
47254 217
47255 217
47256 217
47257 217
47258 217
47259 217
47260 217
47261 217
47262 217
47263 217
47264 217
47265 217
47266 217
47267 217
47268 217
47269 217
47270 217
47271 217
47272 217
47273 217
47274 217
47275 217
47276 217
47277 217
47278 217
47279 217
47280 217
47281 217
47282 217
47283 217
47284 217
47285 217
47286 217
47287 217
47288 217
47289 217
47290 217
47291 217
47292 217
47293 217
47294 217
47295 217
47296 217
47297 217
47298 217
47299 217
47300 217
47301 217
47302 217
47303 217
47304 217
47305 217
47306 217
47307 218
47308 218
47309 218
47310 218
47311 218
47312 218
47313 218
47314 218
47315 218
47316 218
47317 218
47318 218
47319 218
47320 218
47321 218
47322 218
47323 218
47324 218
47325 218
47326 218
47327 218
47328 218
47329 218
47330 218
47331 218
47332 218
47333 218
47334 218
47335 218
47336 218
47337 218
47338 218
47339 218
47340 218
47341 218
47342 218
47343 218
47344 218
47345 218
47346 218
47347 218
47348 218
47349 218
47350 218
47351 218
47352 218
47353 218
47354 218
47355 218
47356 218
47357 218
47358 218
47359 218
47360 218
47361 218
47362 218
47363 218
47364 218
47365 218
47366 218
47367 218
47368 218
47369 218
47370 218
47371 218
47372 218
47373 218
47374 218
47375 218
47376 218
47377 218
47378 218
47379 218
47380 218
47381 218
47382 218
47383 218
47384 218
47385 218
47386 218
47387 218
47388 218
47389 218
47390 218
47391 218
47392 218
47393 218
47394 218
47395 218
47396 218
47397 218
47398 218
47399 218
47400 218
47401 218
47402 218
47403 218
47404 218
47405 218
47406 218
47407 218
47408 218
47409 218
47410 218
47411 218
47412 218
47413 218
47414 218
47415 218
47416 218
47417 218
47418 218
47419 218
47420 218
47421 218
47422 218
47423 218
47424 218
47425 218
47426 218
47427 218
47428 218
47429 218
47430 218
47431 218
47432 218
47433 218
47434 218
47435 218
47436 218
47437 218
47438 218
47439 218
47440 218
47441 218
47442 218
47443 218
47444 218
47445 218
47446 218
47447 218
47448 218
47449 218
47450 218
47451 218
47452 218
47453 218
47454 218
47455 218
47456 218
47457 218
47458 218
47459 218
47460 218
47461 218
47462 218
47463 218
47464 218
47465 218
47466 218
47467 218
47468 218
47469 218
47470 218
47471 218
47472 218
47473 218
47474 218
47475 218
47476 218
47477 218
47478 218
47479 218
47480 218
47481 218
47482 218
47483 218
47484 218
47485 218
47486 218
47487 218
47488 218
47489 218
47490 218
47491 218
47492 218
47493 218
47494 218
47495 218
47496 218
47497 218
47498 218
47499 218
47500 218
47501 218
47502 218
47503 218
47504 218
47505 218
47506 218
47507 218
47508 218
47509 218
47510 218
47511 218
47512 218
47513 218
47514 218
47515 218
47516 218
47517 218
47518 218
47519 218
47520 218
47521 218
47522 218
47523 218
47524 218
47525 218
47526 218
47527 218
47528 218
47529 218
47530 218
47531 218
47532 218
47533 218
47534 218
47535 218
47536 218
47537 218
47538 218
47539 218
47540 218
47541 218
47542 218
47543 218
47544 218
47545 218
47546 218
47547 218
47548 218
47549 218
47550 218
47551 218
47552 218
47553 218
47554 218
47555 218
47556 218
47557 218
47558 218
47559 218
47560 218
47561 218
47562 218
47563 218
47564 218
47565 218
47566 218
47567 218
47568 218
47569 218
47570 218
47571 218
47572 218
47573 218
47574 218
47575 218
47576 218
47577 218
47578 218
47579 218
47580 218
47581 218
47582 218
47583 218
47584 218
47585 218
47586 218
47587 218
47588 218
47589 218
47590 218
47591 218
47592 218
47593 218
47594 218
47595 218
47596 218
47597 218
47598 218
47599 218
47600 218
47601 218
47602 218
47603 218
47604 218
47605 218
47606 218
47607 218
47608 218
47609 218
47610 218
47611 218
47612 218
47613 218
47614 218
47615 218
47616 218
47617 218
47618 218
47619 218
47620 218
47621 218
47622 218
47623 218
47624 218
47625 218
47626 218
47627 218
47628 218
47629 218
47630 218
47631 218
47632 218
47633 218
47634 218
47635 218
47636 218
47637 218
47638 218
47639 218
47640 218
47641 218
47642 218
47643 218
47644 218
47645 218
47646 218
47647 218
47648 218
47649 218
47650 218
47651 218
47652 218
47653 218
47654 218
47655 218
47656 218
47657 218
47658 218
47659 218
47660 218
47661 218
47662 218
47663 218
47664 218
47665 218
47666 218
47667 218
47668 218
47669 218
47670 218
47671 218
47672 218
47673 218
47674 218
47675 218
47676 218
47677 218
47678 218
47679 218
47680 218
47681 218
47682 218
47683 218
47684 218
47685 218
47686 218
47687 218
47688 218
47689 218
47690 218
47691 218
47692 218
47693 218
47694 218
47695 218
47696 218
47697 218
47698 218
47699 218
47700 218
47701 218
47702 218
47703 218
47704 218
47705 218
47706 218
47707 218
47708 218
47709 218
47710 218
47711 218
47712 218
47713 218
47714 218
47715 218
47716 218
47717 218
47718 218
47719 218
47720 218
47721 218
47722 218
47723 218
47724 218
47725 218
47726 218
47727 218
47728 218
47729 218
47730 218
47731 218
47732 218
47733 218
47734 218
47735 218
47736 218
47737 218
47738 218
47739 218
47740 218
47741 218
47742 218
47743 219
47744 219
47745 219
47746 219
47747 219
47748 219
47749 219
47750 219
47751 219
47752 219
47753 219
47754 219
47755 219
47756 219
47757 219
47758 219
47759 219
47760 219
47761 219
47762 219
47763 219
47764 219
47765 219
47766 219
47767 219
47768 219
47769 219
47770 219
47771 219
47772 219
47773 219
47774 219
47775 219
47776 219
47777 219
47778 219
47779 219
47780 219
47781 219
47782 219
47783 219
47784 219
47785 219
47786 219
47787 219
47788 219
47789 219
47790 219
47791 219
47792 219
47793 219
47794 219
47795 219
47796 219
47797 219
47798 219
47799 219
47800 219
47801 219
47802 219
47803 219
47804 219
47805 219
47806 219
47807 219
47808 219
47809 219
47810 219
47811 219
47812 219
47813 219
47814 219
47815 219
47816 219
47817 219
47818 219
47819 219
47820 219
47821 219
47822 219
47823 219
47824 219
47825 219
47826 219
47827 219
47828 219
47829 219
47830 219
47831 219
47832 219
47833 219
47834 219
47835 219
47836 219
47837 219
47838 219
47839 219
47840 219
47841 219
47842 219
47843 219
47844 219
47845 219
47846 219
47847 219
47848 219
47849 219
47850 219
47851 219
47852 219
47853 219
47854 219
47855 219
47856 219
47857 219
47858 219
47859 219
47860 219
47861 219
47862 219
47863 219
47864 219
47865 219
47866 219
47867 219
47868 219
47869 219
47870 219
47871 219
47872 219
47873 219
47874 219
47875 219
47876 219
47877 219
47878 219
47879 219
47880 219
47881 219
47882 219
47883 219
47884 219
47885 219
47886 219
47887 219
47888 219
47889 219
47890 219
47891 219
47892 219
47893 219
47894 219
47895 219
47896 219
47897 219
47898 219
47899 219
47900 219
47901 219
47902 219
47903 219
47904 219
47905 219
47906 219
47907 219
47908 219
47909 219
47910 219
47911 219
47912 219
47913 219
47914 219
47915 219
47916 219
47917 219
47918 219
47919 219
47920 219
47921 219
47922 219
47923 219
47924 219
47925 219
47926 219
47927 219
47928 219
47929 219
47930 219
47931 219
47932 219
47933 219
47934 219
47935 219
47936 219
47937 219
47938 219
47939 219
47940 219
47941 219
47942 219
47943 219
47944 219
47945 219
47946 219
47947 219
47948 219
47949 219
47950 219
47951 219
47952 219
47953 219
47954 219
47955 219
47956 219
47957 219
47958 219
47959 219
47960 219
47961 219
47962 219
47963 219
47964 219
47965 219
47966 219
47967 219
47968 219
47969 219
47970 219
47971 219
47972 219
47973 219
47974 219
47975 219
47976 219
47977 219
47978 219
47979 219
47980 219
47981 219
47982 219
47983 219
47984 219
47985 219
47986 219
47987 219
47988 219
47989 219
47990 219
47991 219
47992 219
47993 219
47994 219
47995 219
47996 219
47997 219
47998 219
47999 219
48000 219
48001 219
48002 219
48003 219
48004 219
48005 219
48006 219
48007 219
48008 219
48009 219
48010 219
48011 219
48012 219
48013 219
48014 219
48015 219
48016 219
48017 219
48018 219
48019 219
48020 219
48021 219
48022 219
48023 219
48024 219
48025 219
48026 219
48027 219
48028 219
48029 219
48030 219
48031 219
48032 219
48033 219
48034 219
48035 219
48036 219
48037 219
48038 219
48039 219
48040 219
48041 219
48042 219
48043 219
48044 219
48045 219
48046 219
48047 219
48048 219
48049 219
48050 219
48051 219
48052 219
48053 219
48054 219
48055 219
48056 219
48057 219
48058 219
48059 219
48060 219
48061 219
48062 219
48063 219
48064 219
48065 219
48066 219
48067 219
48068 219
48069 219
48070 219
48071 219
48072 219
48073 219
48074 219
48075 219
48076 219
48077 219
48078 219
48079 219
48080 219
48081 219
48082 219
48083 219
48084 219
48085 219
48086 219
48087 219
48088 219
48089 219
48090 219
48091 219
48092 219
48093 219
48094 219
48095 219
48096 219
48097 219
48098 219
48099 219
48100 219
48101 219
48102 219
48103 219
48104 219
48105 219
48106 219
48107 219
48108 219
48109 219
48110 219
48111 219
48112 219
48113 219
48114 219
48115 219
48116 219
48117 219
48118 219
48119 219
48120 219
48121 219
48122 219
48123 219
48124 219
48125 219
48126 219
48127 219
48128 219
48129 219
48130 219
48131 219
48132 219
48133 219
48134 219
48135 219
48136 219
48137 219
48138 219
48139 219
48140 219
48141 219
48142 219
48143 219
48144 219
48145 219
48146 219
48147 219
48148 219
48149 219
48150 219
48151 219
48152 219
48153 219
48154 219
48155 219
48156 219
48157 219
48158 219
48159 219
48160 219
48161 219
48162 219
48163 219
48164 219
48165 219
48166 219
48167 219
48168 219
48169 219
48170 219
48171 219
48172 219
48173 219
48174 219
48175 219
48176 219
48177 219
48178 219
48179 219
48180 219
48181 220
48182 220
48183 220
48184 220
48185 220
48186 220
48187 220
48188 220
48189 220
48190 220
48191 220
48192 220
48193 220
48194 220
48195 220
48196 220
48197 220
48198 220
48199 220
48200 220
48201 220
48202 220
48203 220
48204 220
48205 220
48206 220
48207 220
48208 220
48209 220
48210 220
48211 220
48212 220
48213 220
48214 220
48215 220
48216 220
48217 220
48218 220
48219 220
48220 220
48221 220
48222 220
48223 220
48224 220
48225 220
48226 220
48227 220
48228 220
48229 220
48230 220
48231 220
48232 220
48233 220
48234 220
48235 220
48236 220
48237 220
48238 220
48239 220
48240 220
48241 220
48242 220
48243 220
48244 220
48245 220
48246 220
48247 220
48248 220
48249 220
48250 220
48251 220
48252 220
48253 220
48254 220
48255 220
48256 220
48257 220
48258 220
48259 220
48260 220
48261 220
48262 220
48263 220
48264 220
48265 220
48266 220
48267 220
48268 220
48269 220
48270 220
48271 220
48272 220
48273 220
48274 220
48275 220
48276 220
48277 220
48278 220
48279 220
48280 220
48281 220
48282 220
48283 220
48284 220
48285 220
48286 220
48287 220
48288 220
48289 220
48290 220
48291 220
48292 220
48293 220
48294 220
48295 220
48296 220
48297 220
48298 220
48299 220
48300 220
48301 220
48302 220
48303 220
48304 220
48305 220
48306 220
48307 220
48308 220
48309 220
48310 220
48311 220
48312 220
48313 220
48314 220
48315 220
48316 220
48317 220
48318 220
48319 220
48320 220
48321 220
48322 220
48323 220
48324 220
48325 220
48326 220
48327 220
48328 220
48329 220
48330 220
48331 220
48332 220
48333 220
48334 220
48335 220
48336 220
48337 220
48338 220
48339 220
48340 220
48341 220
48342 220
48343 220
48344 220
48345 220
48346 220
48347 220
48348 220
48349 220
48350 220
48351 220
48352 220
48353 220
48354 220
48355 220
48356 220
48357 220
48358 220
48359 220
48360 220
48361 220
48362 220
48363 220
48364 220
48365 220
48366 220
48367 220
48368 220
48369 220
48370 220
48371 220
48372 220
48373 220
48374 220
48375 220
48376 220
48377 220
48378 220
48379 220
48380 220
48381 220
48382 220
48383 220
48384 220
48385 220
48386 220
48387 220
48388 220
48389 220
48390 220
48391 220
48392 220
48393 220
48394 220
48395 220
48396 220
48397 220
48398 220
48399 220
48400 220
48401 220
48402 220
48403 220
48404 220
48405 220
48406 220
48407 220
48408 220
48409 220
48410 220
48411 220
48412 220
48413 220
48414 220
48415 220
48416 220
48417 220
48418 220
48419 220
48420 220
48421 220
48422 220
48423 220
48424 220
48425 220
48426 220
48427 220
48428 220
48429 220
48430 220
48431 220
48432 220
48433 220
48434 220
48435 220
48436 220
48437 220
48438 220
48439 220
48440 220
48441 220
48442 220
48443 220
48444 220
48445 220
48446 220
48447 220
48448 220
48449 220
48450 220
48451 220
48452 220
48453 220
48454 220
48455 220
48456 220
48457 220
48458 220
48459 220
48460 220
48461 220
48462 220
48463 220
48464 220
48465 220
48466 220
48467 220
48468 220
48469 220
48470 220
48471 220
48472 220
48473 220
48474 220
48475 220
48476 220
48477 220
48478 220
48479 220
48480 220
48481 220
48482 220
48483 220
48484 220
48485 220
48486 220
48487 220
48488 220
48489 220
48490 220
48491 220
48492 220
48493 220
48494 220
48495 220
48496 220
48497 220
48498 220
48499 220
48500 220
48501 220
48502 220
48503 220
48504 220
48505 220
48506 220
48507 220
48508 220
48509 220
48510 220
48511 220
48512 220
48513 220
48514 220
48515 220
48516 220
48517 220
48518 220
48519 220
48520 220
48521 220
48522 220
48523 220
48524 220
48525 220
48526 220
48527 220
48528 220
48529 220
48530 220
48531 220
48532 220
48533 220
48534 220
48535 220
48536 220
48537 220
48538 220
48539 220
48540 220
48541 220
48542 220
48543 220
48544 220
48545 220
48546 220
48547 220
48548 220
48549 220
48550 220
48551 220
48552 220
48553 220
48554 220
48555 220
48556 220
48557 220
48558 220
48559 220
48560 220
48561 220
48562 220
48563 220
48564 220
48565 220
48566 220
48567 220
48568 220
48569 220
48570 220
48571 220
48572 220
48573 220
48574 220
48575 220
48576 220
48577 220
48578 220
48579 220
48580 220
48581 220
48582 220
48583 220
48584 220
48585 220
48586 220
48587 220
48588 220
48589 220
48590 220
48591 220
48592 220
48593 220
48594 220
48595 220
48596 220
48597 220
48598 220
48599 220
48600 220
48601 220
48602 220
48603 220
48604 220
48605 220
48606 220
48607 220
48608 220
48609 220
48610 220
48611 220
48612 220
48613 220
48614 220
48615 220
48616 220
48617 220
48618 220
48619 220
48620 220
48621 221
48622 221
48623 221
48624 221
48625 221
48626 221
48627 221
48628 221
48629 221
48630 221
48631 221
48632 221
48633 221
48634 221
48635 221
48636 221
48637 221
48638 221
48639 221
48640 221
48641 221
48642 221
48643 221
48644 221
48645 221
48646 221
48647 221
48648 221
48649 221
48650 221
48651 221
48652 221
48653 221
48654 221
48655 221
48656 221
48657 221
48658 221
48659 221
48660 221
48661 221
48662 221
48663 221
48664 221
48665 221
48666 221
48667 221
48668 221
48669 221
48670 221
48671 221
48672 221
48673 221
48674 221
48675 221
48676 221
48677 221
48678 221
48679 221
48680 221
48681 221
48682 221
48683 221
48684 221
48685 221
48686 221
48687 221
48688 221
48689 221
48690 221
48691 221
48692 221
48693 221
48694 221
48695 221
48696 221
48697 221
48698 221
48699 221
48700 221
48701 221
48702 221
48703 221
48704 221
48705 221
48706 221
48707 221
48708 221
48709 221
48710 221
48711 221
48712 221
48713 221
48714 221
48715 221
48716 221
48717 221
48718 221
48719 221
48720 221
48721 221
48722 221
48723 221
48724 221
48725 221
48726 221
48727 221
48728 221
48729 221
48730 221
48731 221
48732 221
48733 221
48734 221
48735 221
48736 221
48737 221
48738 221
48739 221
48740 221
48741 221
48742 221
48743 221
48744 221
48745 221
48746 221
48747 221
48748 221
48749 221
48750 221
48751 221
48752 221
48753 221
48754 221
48755 221
48756 221
48757 221
48758 221
48759 221
48760 221
48761 221
48762 221
48763 221
48764 221
48765 221
48766 221
48767 221
48768 221
48769 221
48770 221
48771 221
48772 221
48773 221
48774 221
48775 221
48776 221
48777 221
48778 221
48779 221
48780 221
48781 221
48782 221
48783 221
48784 221
48785 221
48786 221
48787 221
48788 221
48789 221
48790 221
48791 221
48792 221
48793 221
48794 221
48795 221
48796 221
48797 221
48798 221
48799 221
48800 221
48801 221
48802 221
48803 221
48804 221
48805 221
48806 221
48807 221
48808 221
48809 221
48810 221
48811 221
48812 221
48813 221
48814 221
48815 221
48816 221
48817 221
48818 221
48819 221
48820 221
48821 221
48822 221
48823 221
48824 221
48825 221
48826 221
48827 221
48828 221
48829 221
48830 221
48831 221
48832 221
48833 221
48834 221
48835 221
48836 221
48837 221
48838 221
48839 221
48840 221
48841 221
48842 221
48843 221
48844 221
48845 221
48846 221
48847 221
48848 221
48849 221
48850 221
48851 221
48852 221
48853 221
48854 221
48855 221
48856 221
48857 221
48858 221
48859 221
48860 221
48861 221
48862 221
48863 221
48864 221
48865 221
48866 221
48867 221
48868 221
48869 221
48870 221
48871 221
48872 221
48873 221
48874 221
48875 221
48876 221
48877 221
48878 221
48879 221
48880 221
48881 221
48882 221
48883 221
48884 221
48885 221
48886 221
48887 221
48888 221
48889 221
48890 221
48891 221
48892 221
48893 221
48894 221
48895 221
48896 221
48897 221
48898 221
48899 221
48900 221
48901 221
48902 221
48903 221
48904 221
48905 221
48906 221
48907 221
48908 221
48909 221
48910 221
48911 221
48912 221
48913 221
48914 221
48915 221
48916 221
48917 221
48918 221
48919 221
48920 221
48921 221
48922 221
48923 221
48924 221
48925 221
48926 221
48927 221
48928 221
48929 221
48930 221
48931 221
48932 221
48933 221
48934 221
48935 221
48936 221
48937 221
48938 221
48939 221
48940 221
48941 221
48942 221
48943 221
48944 221
48945 221
48946 221
48947 221
48948 221
48949 221
48950 221
48951 221
48952 221
48953 221
48954 221
48955 221
48956 221
48957 221
48958 221
48959 221
48960 221
48961 221
48962 221
48963 221
48964 221
48965 221
48966 221
48967 221
48968 221
48969 221
48970 221
48971 221
48972 221
48973 221
48974 221
48975 221
48976 221
48977 221
48978 221
48979 221
48980 221
48981 221
48982 221
48983 221
48984 221
48985 221
48986 221
48987 221
48988 221
48989 221
48990 221
48991 221
48992 221
48993 221
48994 221
48995 221
48996 221
48997 221
48998 221
48999 221
49000 221
49001 221
49002 221
49003 221
49004 221
49005 221
49006 221
49007 221
49008 221
49009 221
49010 221
49011 221
49012 221
49013 221
49014 221
49015 221
49016 221
49017 221
49018 221
49019 221
49020 221
49021 221
49022 221
49023 221
49024 221
49025 221
49026 221
49027 221
49028 221
49029 221
49030 221
49031 221
49032 221
49033 221
49034 221
49035 221
49036 221
49037 221
49038 221
49039 221
49040 221
49041 221
49042 221
49043 221
49044 221
49045 221
49046 221
49047 221
49048 221
49049 221
49050 221
49051 221
49052 221
49053 221
49054 221
49055 221
49056 221
49057 221
49058 221
49059 221
49060 221
49061 221
49062 221
49063 222
49064 222
49065 222
49066 222
49067 222
49068 222
49069 222
49070 222
49071 222
49072 222
49073 222
49074 222
49075 222
49076 222
49077 222
49078 222
49079 222
49080 222
49081 222
49082 222
49083 222
49084 222
49085 222
49086 222
49087 222
49088 222
49089 222
49090 222
49091 222
49092 222
49093 222
49094 222
49095 222
49096 222
49097 222
49098 222
49099 222
49100 222
49101 222
49102 222
49103 222
49104 222
49105 222
49106 222
49107 222
49108 222
49109 222
49110 222
49111 222
49112 222
49113 222
49114 222
49115 222
49116 222
49117 222
49118 222
49119 222
49120 222
49121 222
49122 222
49123 222
49124 222
49125 222
49126 222
49127 222
49128 222
49129 222
49130 222
49131 222
49132 222
49133 222
49134 222
49135 222
49136 222
49137 222
49138 222
49139 222
49140 222
49141 222
49142 222
49143 222
49144 222
49145 222
49146 222
49147 222
49148 222
49149 222
49150 222
49151 222
49152 222
49153 222
49154 222
49155 222
49156 222
49157 222
49158 222
49159 222
49160 222
49161 222
49162 222
49163 222
49164 222
49165 222
49166 222
49167 222
49168 222
49169 222
49170 222
49171 222
49172 222
49173 222
49174 222
49175 222
49176 222
49177 222
49178 222
49179 222
49180 222
49181 222
49182 222
49183 222
49184 222
49185 222
49186 222
49187 222
49188 222
49189 222
49190 222
49191 222
49192 222
49193 222
49194 222
49195 222
49196 222
49197 222
49198 222
49199 222
49200 222
49201 222
49202 222
49203 222
49204 222
49205 222
49206 222
49207 222
49208 222
49209 222
49210 222
49211 222
49212 222
49213 222
49214 222
49215 222
49216 222
49217 222
49218 222
49219 222
49220 222
49221 222
49222 222
49223 222
49224 222
49225 222
49226 222
49227 222
49228 222
49229 222
49230 222
49231 222
49232 222
49233 222
49234 222
49235 222
49236 222
49237 222
49238 222
49239 222
49240 222
49241 222
49242 222
49243 222
49244 222
49245 222
49246 222
49247 222
49248 222
49249 222
49250 222
49251 222
49252 222
49253 222
49254 222
49255 222
49256 222
49257 222
49258 222
49259 222
49260 222
49261 222
49262 222
49263 222
49264 222
49265 222
49266 222
49267 222
49268 222
49269 222
49270 222
49271 222
49272 222
49273 222
49274 222
49275 222
49276 222
49277 222
49278 222
49279 222
49280 222
49281 222
49282 222
49283 222
49284 222
49285 222
49286 222
49287 222
49288 222
49289 222
49290 222
49291 222
49292 222
49293 222
49294 222
49295 222
49296 222
49297 222
49298 222
49299 222
49300 222
49301 222
49302 222
49303 222
49304 222
49305 222
49306 222
49307 222
49308 222
49309 222
49310 222
49311 222
49312 222
49313 222
49314 222
49315 222
49316 222
49317 222
49318 222
49319 222
49320 222
49321 222
49322 222
49323 222
49324 222
49325 222
49326 222
49327 222
49328 222
49329 222
49330 222
49331 222
49332 222
49333 222
49334 222
49335 222
49336 222
49337 222
49338 222
49339 222
49340 222
49341 222
49342 222
49343 222
49344 222
49345 222
49346 222
49347 222
49348 222
49349 222
49350 222
49351 222
49352 222
49353 222
49354 222
49355 222
49356 222
49357 222
49358 222
49359 222
49360 222
49361 222
49362 222
49363 222
49364 222
49365 222
49366 222
49367 222
49368 222
49369 222
49370 222
49371 222
49372 222
49373 222
49374 222
49375 222
49376 222
49377 222
49378 222
49379 222
49380 222
49381 222
49382 222
49383 222
49384 222
49385 222
49386 222
49387 222
49388 222
49389 222
49390 222
49391 222
49392 222
49393 222
49394 222
49395 222
49396 222
49397 222
49398 222
49399 222
49400 222
49401 222
49402 222
49403 222
49404 222
49405 222
49406 222
49407 222
49408 222
49409 222
49410 222
49411 222
49412 222
49413 222
49414 222
49415 222
49416 222
49417 222
49418 222
49419 222
49420 222
49421 222
49422 222
49423 222
49424 222
49425 222
49426 222
49427 222
49428 222
49429 222
49430 222
49431 222
49432 222
49433 222
49434 222
49435 222
49436 222
49437 222
49438 222
49439 222
49440 222
49441 222
49442 222
49443 222
49444 222
49445 222
49446 222
49447 222
49448 222
49449 222
49450 222
49451 222
49452 222
49453 222
49454 222
49455 222
49456 222
49457 222
49458 222
49459 222
49460 222
49461 222
49462 222
49463 222
49464 222
49465 222
49466 222
49467 222
49468 222
49469 222
49470 222
49471 222
49472 222
49473 222
49474 222
49475 222
49476 222
49477 222
49478 222
49479 222
49480 222
49481 222
49482 222
49483 222
49484 222
49485 222
49486 222
49487 222
49488 222
49489 222
49490 222
49491 222
49492 222
49493 222
49494 222
49495 222
49496 222
49497 222
49498 222
49499 222
49500 222
49501 222
49502 222
49503 222
49504 222
49505 222
49506 222
49507 223
49508 223
49509 223
49510 223
49511 223
49512 223
49513 223
49514 223
49515 223
49516 223
49517 223
49518 223
49519 223
49520 223
49521 223
49522 223
49523 223
49524 223
49525 223
49526 223
49527 223
49528 223
49529 223
49530 223
49531 223
49532 223
49533 223
49534 223
49535 223
49536 223
49537 223
49538 223
49539 223
49540 223
49541 223
49542 223
49543 223
49544 223
49545 223
49546 223
49547 223
49548 223
49549 223
49550 223
49551 223
49552 223
49553 223
49554 223
49555 223
49556 223
49557 223
49558 223
49559 223
49560 223
49561 223
49562 223
49563 223
49564 223
49565 223
49566 223
49567 223
49568 223
49569 223
49570 223
49571 223
49572 223
49573 223
49574 223
49575 223
49576 223
49577 223
49578 223
49579 223
49580 223
49581 223
49582 223
49583 223
49584 223
49585 223
49586 223
49587 223
49588 223
49589 223
49590 223
49591 223
49592 223
49593 223
49594 223
49595 223
49596 223
49597 223
49598 223
49599 223
49600 223
49601 223
49602 223
49603 223
49604 223
49605 223
49606 223
49607 223
49608 223
49609 223
49610 223
49611 223
49612 223
49613 223
49614 223
49615 223
49616 223
49617 223
49618 223
49619 223
49620 223
49621 223
49622 223
49623 223
49624 223
49625 223
49626 223
49627 223
49628 223
49629 223
49630 223
49631 223
49632 223
49633 223
49634 223
49635 223
49636 223
49637 223
49638 223
49639 223
49640 223
49641 223
49642 223
49643 223
49644 223
49645 223
49646 223
49647 223
49648 223
49649 223
49650 223
49651 223
49652 223
49653 223
49654 223
49655 223
49656 223
49657 223
49658 223
49659 223
49660 223
49661 223
49662 223
49663 223
49664 223
49665 223
49666 223
49667 223
49668 223
49669 223
49670 223
49671 223
49672 223
49673 223
49674 223
49675 223
49676 223
49677 223
49678 223
49679 223
49680 223
49681 223
49682 223
49683 223
49684 223
49685 223
49686 223
49687 223
49688 223
49689 223
49690 223
49691 223
49692 223
49693 223
49694 223
49695 223
49696 223
49697 223
49698 223
49699 223
49700 223
49701 223
49702 223
49703 223
49704 223
49705 223
49706 223
49707 223
49708 223
49709 223
49710 223
49711 223
49712 223
49713 223
49714 223
49715 223
49716 223
49717 223
49718 223
49719 223
49720 223
49721 223
49722 223
49723 223
49724 223
49725 223
49726 223
49727 223
49728 223
49729 223
49730 223
49731 223
49732 223
49733 223
49734 223
49735 223
49736 223
49737 223
49738 223
49739 223
49740 223
49741 223
49742 223
49743 223
49744 223
49745 223
49746 223
49747 223
49748 223
49749 223
49750 223
49751 223
49752 223
49753 223
49754 223
49755 223
49756 223
49757 223
49758 223
49759 223
49760 223
49761 223
49762 223
49763 223
49764 223
49765 223
49766 223
49767 223
49768 223
49769 223
49770 223
49771 223
49772 223
49773 223
49774 223
49775 223
49776 223
49777 223
49778 223
49779 223
49780 223
49781 223
49782 223
49783 223
49784 223
49785 223
49786 223
49787 223
49788 223
49789 223
49790 223
49791 223
49792 223
49793 223
49794 223
49795 223
49796 223
49797 223
49798 223
49799 223
49800 223
49801 223
49802 223
49803 223
49804 223
49805 223
49806 223
49807 223
49808 223
49809 223
49810 223
49811 223
49812 223
49813 223
49814 223
49815 223
49816 223
49817 223
49818 223
49819 223
49820 223
49821 223
49822 223
49823 223
49824 223
49825 223
49826 223
49827 223
49828 223
49829 223
49830 223
49831 223
49832 223
49833 223
49834 223
49835 223
49836 223
49837 223
49838 223
49839 223
49840 223
49841 223
49842 223
49843 223
49844 223
49845 223
49846 223
49847 223
49848 223
49849 223
49850 223
49851 223
49852 223
49853 223
49854 223
49855 223
49856 223
49857 223
49858 223
49859 223
49860 223
49861 223
49862 223
49863 223
49864 223
49865 223
49866 223
49867 223
49868 223
49869 223
49870 223
49871 223
49872 223
49873 223
49874 223
49875 223
49876 223
49877 223
49878 223
49879 223
49880 223
49881 223
49882 223
49883 223
49884 223
49885 223
49886 223
49887 223
49888 223
49889 223
49890 223
49891 223
49892 223
49893 223
49894 223
49895 223
49896 223
49897 223
49898 223
49899 223
49900 223
49901 223
49902 223
49903 223
49904 223
49905 223
49906 223
49907 223
49908 223
49909 223
49910 223
49911 223
49912 223
49913 223
49914 223
49915 223
49916 223
49917 223
49918 223
49919 223
49920 223
49921 223
49922 223
49923 223
49924 223
49925 223
49926 223
49927 223
49928 223
49929 223
49930 223
49931 223
49932 223
49933 223
49934 223
49935 223
49936 223
49937 223
49938 223
49939 223
49940 223
49941 223
49942 223
49943 223
49944 223
49945 223
49946 223
49947 223
49948 223
49949 223
49950 223
49951 223
49952 223
49953 224
49954 224
49955 224
49956 224
49957 224
49958 224
49959 224
49960 224
49961 224
49962 224
49963 224
49964 224
49965 224
49966 224
49967 224
49968 224
49969 224
49970 224
49971 224
49972 224
49973 224
49974 224
49975 224
49976 224
49977 224
49978 224
49979 224
49980 224
49981 224
49982 224
49983 224
49984 224
49985 224
49986 224
49987 224
49988 224
49989 224
49990 224
49991 224
49992 224
49993 224
49994 224
49995 224
49996 224
49997 224
49998 224
49999 224
50000 224
50001 224
50002 224
50003 224
50004 224
50005 224
50006 224
50007 224
50008 224
50009 224
50010 224
50011 224
50012 224
50013 224
50014 224
50015 224
50016 224
50017 224
50018 224
50019 224
50020 224
50021 224
50022 224
50023 224
50024 224
50025 224
50026 224
50027 224
50028 224
50029 224
50030 224
50031 224
50032 224
50033 224
50034 224
50035 224
50036 224
50037 224
50038 224
50039 224
50040 224
50041 224
50042 224
50043 224
50044 224
50045 224
50046 224
50047 224
50048 224
50049 224
50050 224
50051 224
50052 224
50053 224
50054 224
50055 224
50056 224
50057 224
50058 224
50059 224
50060 224
50061 224
50062 224
50063 224
50064 224
50065 224
50066 224
50067 224
50068 224
50069 224
50070 224
50071 224
50072 224
50073 224
50074 224
50075 224
50076 224
50077 224
50078 224
50079 224
50080 224
50081 224
50082 224
50083 224
50084 224
50085 224
50086 224
50087 224
50088 224
50089 224
50090 224
50091 224
50092 224
50093 224
50094 224
50095 224
50096 224
50097 224
50098 224
50099 224
50100 224
50101 224
50102 224
50103 224
50104 224
50105 224
50106 224
50107 224
50108 224
50109 224
50110 224
50111 224
50112 224
50113 224
50114 224
50115 224
50116 224
50117 224
50118 224
50119 224
50120 224
50121 224
50122 224
50123 224
50124 224
50125 224
50126 224
50127 224
50128 224
50129 224
50130 224
50131 224
50132 224
50133 224
50134 224
50135 224
50136 224
50137 224
50138 224
50139 224
50140 224
50141 224
50142 224
50143 224
50144 224
50145 224
50146 224
50147 224
50148 224
50149 224
50150 224
50151 224
50152 224
50153 224
50154 224
50155 224
50156 224
50157 224
50158 224
50159 224
50160 224
50161 224
50162 224
50163 224
50164 224
50165 224
50166 224
50167 224
50168 224
50169 224
50170 224
50171 224
50172 224
50173 224
50174 224
50175 224
50176 224
50177 224
50178 224
50179 224
50180 224
50181 224
50182 224
50183 224
50184 224
50185 224
50186 224
50187 224
50188 224
50189 224
50190 224
50191 224
50192 224
50193 224
50194 224
50195 224
50196 224
50197 224
50198 224
50199 224
50200 224
50201 224
50202 224
50203 224
50204 224
50205 224
50206 224
50207 224
50208 224
50209 224
50210 224
50211 224
50212 224
50213 224
50214 224
50215 224
50216 224
50217 224
50218 224
50219 224
50220 224
50221 224
50222 224
50223 224
50224 224
50225 224
50226 224
50227 224
50228 224
50229 224
50230 224
50231 224
50232 224
50233 224
50234 224
50235 224
50236 224
50237 224
50238 224
50239 224
50240 224
50241 224
50242 224
50243 224
50244 224
50245 224
50246 224
50247 224
50248 224
50249 224
50250 224
50251 224
50252 224
50253 224
50254 224
50255 224
50256 224
50257 224
50258 224
50259 224
50260 224
50261 224
50262 224
50263 224
50264 224
50265 224
50266 224
50267 224
50268 224
50269 224
50270 224
50271 224
50272 224
50273 224
50274 224
50275 224
50276 224
50277 224
50278 224
50279 224
50280 224
50281 224
50282 224
50283 224
50284 224
50285 224
50286 224
50287 224
50288 224
50289 224
50290 224
50291 224
50292 224
50293 224
50294 224
50295 224
50296 224
50297 224
50298 224
50299 224
50300 224
50301 224
50302 224
50303 224
50304 224
50305 224
50306 224
50307 224
50308 224
50309 224
50310 224
50311 224
50312 224
50313 224
50314 224
50315 224
50316 224
50317 224
50318 224
50319 224
50320 224
50321 224
50322 224
50323 224
50324 224
50325 224
50326 224
50327 224
50328 224
50329 224
50330 224
50331 224
50332 224
50333 224
50334 224
50335 224
50336 224
50337 224
50338 224
50339 224
50340 224
50341 224
50342 224
50343 224
50344 224
50345 224
50346 224
50347 224
50348 224
50349 224
50350 224
50351 224
50352 224
50353 224
50354 224
50355 224
50356 224
50357 224
50358 224
50359 224
50360 224
50361 224
50362 224
50363 224
50364 224
50365 224
50366 224
50367 224
50368 224
50369 224
50370 224
50371 224
50372 224
50373 224
50374 224
50375 224
50376 224
50377 224
50378 224
50379 224
50380 224
50381 224
50382 224
50383 224
50384 224
50385 224
50386 224
50387 224
50388 224
50389 224
50390 224
50391 224
50392 224
50393 224
50394 224
50395 224
50396 224
50397 224
50398 224
50399 224
50400 224
50401 225
50402 225
50403 225
50404 225
50405 225
50406 225
50407 225
50408 225
50409 225
50410 225
50411 225
50412 225
50413 225
50414 225
50415 225
50416 225
50417 225
50418 225
50419 225
50420 225
50421 225
50422 225
50423 225
50424 225
50425 225
50426 225
50427 225
50428 225
50429 225
50430 225
50431 225
50432 225
50433 225
50434 225
50435 225
50436 225
50437 225
50438 225
50439 225
50440 225
50441 225
50442 225
50443 225
50444 225
50445 225
50446 225
50447 225
50448 225
50449 225
50450 225
50451 225
50452 225
50453 225
50454 225
50455 225
50456 225
50457 225
50458 225
50459 225
50460 225
50461 225
50462 225
50463 225
50464 225
50465 225
50466 225
50467 225
50468 225
50469 225
50470 225
50471 225
50472 225
50473 225
50474 225
50475 225
50476 225
50477 225
50478 225
50479 225
50480 225
50481 225
50482 225
50483 225
50484 225
50485 225
50486 225
50487 225
50488 225
50489 225
50490 225
50491 225
50492 225
50493 225
50494 225
50495 225
50496 225
50497 225
50498 225
50499 225
50500 225
50501 225
50502 225
50503 225
50504 225
50505 225
50506 225
50507 225
50508 225
50509 225
50510 225
50511 225
50512 225
50513 225
50514 225
50515 225
50516 225
50517 225
50518 225
50519 225
50520 225
50521 225
50522 225
50523 225
50524 225
50525 225
50526 225
50527 225
50528 225
50529 225
50530 225
50531 225
50532 225
50533 225
50534 225
50535 225
50536 225
50537 225
50538 225
50539 225
50540 225
50541 225
50542 225
50543 225
50544 225
50545 225
50546 225
50547 225
50548 225
50549 225
50550 225
50551 225
50552 225
50553 225
50554 225
50555 225
50556 225
50557 225
50558 225
50559 225
50560 225
50561 225
50562 225
50563 225
50564 225
50565 225
50566 225
50567 225
50568 225
50569 225
50570 225
50571 225
50572 225
50573 225
50574 225
50575 225
50576 225
50577 225
50578 225
50579 225
50580 225
50581 225
50582 225
50583 225
50584 225
50585 225
50586 225
50587 225
50588 225
50589 225
50590 225
50591 225
50592 225
50593 225
50594 225
50595 225
50596 225
50597 225
50598 225
50599 225
50600 225
50601 225
50602 225
50603 225
50604 225
50605 225
50606 225
50607 225
50608 225
50609 225
50610 225
50611 225
50612 225
50613 225
50614 225
50615 225
50616 225
50617 225
50618 225
50619 225
50620 225
50621 225
50622 225
50623 225
50624 225
50625 225
50626 225
50627 225
50628 225
50629 225
50630 225
50631 225
50632 225
50633 225
50634 225
50635 225
50636 225
50637 225
50638 225
50639 225
50640 225
50641 225
50642 225
50643 225
50644 225
50645 225
50646 225
50647 225
50648 225
50649 225
50650 225
50651 225
50652 225
50653 225
50654 225
50655 225
50656 225
50657 225
50658 225
50659 225
50660 225
50661 225
50662 225
50663 225
50664 225
50665 225
50666 225
50667 225
50668 225
50669 225
50670 225
50671 225
50672 225
50673 225
50674 225
50675 225
50676 225
50677 225
50678 225
50679 225
50680 225
50681 225
50682 225
50683 225
50684 225
50685 225
50686 225
50687 225
50688 225
50689 225
50690 225
50691 225
50692 225
50693 225
50694 225
50695 225
50696 225
50697 225
50698 225
50699 225
50700 225
50701 225
50702 225
50703 225
50704 225
50705 225
50706 225
50707 225
50708 225
50709 225
50710 225
50711 225
50712 225
50713 225
50714 225
50715 225
50716 225
50717 225
50718 225
50719 225
50720 225
50721 225
50722 225
50723 225
50724 225
50725 225
50726 225
50727 225
50728 225
50729 225
50730 225
50731 225
50732 225
50733 225
50734 225
50735 225
50736 225
50737 225
50738 225
50739 225
50740 225
50741 225
50742 225
50743 225
50744 225
50745 225
50746 225
50747 225
50748 225
50749 225
50750 225
50751 225
50752 225
50753 225
50754 225
50755 225
50756 225
50757 225
50758 225
50759 225
50760 225
50761 225
50762 225
50763 225
50764 225
50765 225
50766 225
50767 225
50768 225
50769 225
50770 225
50771 225
50772 225
50773 225
50774 225
50775 225
50776 225
50777 225
50778 225
50779 225
50780 225
50781 225
50782 225
50783 225
50784 225
50785 225
50786 225
50787 225
50788 225
50789 225
50790 225
50791 225
50792 225
50793 225
50794 225
50795 225
50796 225
50797 225
50798 225
50799 225
50800 225
50801 225
50802 225
50803 225
50804 225
50805 225
50806 225
50807 225
50808 225
50809 225
50810 225
50811 225
50812 225
50813 225
50814 225
50815 225
50816 225
50817 225
50818 225
50819 225
50820 225
50821 225
50822 225
50823 225
50824 225
50825 225
50826 225
50827 225
50828 225
50829 225
50830 225
50831 225
50832 225
50833 225
50834 225
50835 225
50836 225
50837 225
50838 225
50839 225
50840 225
50841 225
50842 225
50843 225
50844 225
50845 225
50846 225
50847 225
50848 225
50849 225
50850 225
50851 226
50852 226
50853 226
50854 226
50855 226
50856 226
50857 226
50858 226
50859 226
50860 226
50861 226
50862 226
50863 226
50864 226
50865 226
50866 226
50867 226
50868 226
50869 226
50870 226
50871 226
50872 226
50873 226
50874 226
50875 226
50876 226
50877 226
50878 226
50879 226
50880 226
50881 226
50882 226
50883 226
50884 226
50885 226
50886 226
50887 226
50888 226
50889 226
50890 226
50891 226
50892 226
50893 226
50894 226
50895 226
50896 226
50897 226
50898 226
50899 226
50900 226
50901 226
50902 226
50903 226
50904 226
50905 226
50906 226
50907 226
50908 226
50909 226
50910 226
50911 226
50912 226
50913 226
50914 226
50915 226
50916 226
50917 226
50918 226
50919 226
50920 226
50921 226
50922 226
50923 226
50924 226
50925 226
50926 226
50927 226
50928 226
50929 226
50930 226
50931 226
50932 226
50933 226
50934 226
50935 226
50936 226
50937 226
50938 226
50939 226
50940 226
50941 226
50942 226
50943 226
50944 226
50945 226
50946 226
50947 226
50948 226
50949 226
50950 226
50951 226
50952 226
50953 226
50954 226
50955 226
50956 226
50957 226
50958 226
50959 226
50960 226
50961 226
50962 226
50963 226
50964 226
50965 226
50966 226
50967 226
50968 226
50969 226
50970 226
50971 226
50972 226
50973 226
50974 226
50975 226
50976 226
50977 226
50978 226
50979 226
50980 226
50981 226
50982 226
50983 226
50984 226
50985 226
50986 226
50987 226
50988 226
50989 226
50990 226
50991 226
50992 226
50993 226
50994 226
50995 226
50996 226
50997 226
50998 226
50999 226
51000 226
51001 226
51002 226
51003 226
51004 226
51005 226
51006 226
51007 226
51008 226
51009 226
51010 226
51011 226
51012 226
51013 226
51014 226
51015 226
51016 226
51017 226
51018 226
51019 226
51020 226
51021 226
51022 226
51023 226
51024 226
51025 226
51026 226
51027 226
51028 226
51029 226
51030 226
51031 226
51032 226
51033 226
51034 226
51035 226
51036 226
51037 226
51038 226
51039 226
51040 226
51041 226
51042 226
51043 226
51044 226
51045 226
51046 226
51047 226
51048 226
51049 226
51050 226
51051 226
51052 226
51053 226
51054 226
51055 226
51056 226
51057 226
51058 226
51059 226
51060 226
51061 226
51062 226
51063 226
51064 226
51065 226
51066 226
51067 226
51068 226
51069 226
51070 226
51071 226
51072 226
51073 226
51074 226
51075 226
51076 226
51077 226
51078 226
51079 226
51080 226
51081 226
51082 226
51083 226
51084 226
51085 226
51086 226
51087 226
51088 226
51089 226
51090 226
51091 226
51092 226
51093 226
51094 226
51095 226
51096 226
51097 226
51098 226
51099 226
51100 226
51101 226
51102 226
51103 226
51104 226
51105 226
51106 226
51107 226
51108 226
51109 226
51110 226
51111 226
51112 226
51113 226
51114 226
51115 226
51116 226
51117 226
51118 226
51119 226
51120 226
51121 226
51122 226
51123 226
51124 226
51125 226
51126 226
51127 226
51128 226
51129 226
51130 226
51131 226
51132 226
51133 226
51134 226
51135 226
51136 226
51137 226
51138 226
51139 226
51140 226
51141 226
51142 226
51143 226
51144 226
51145 226
51146 226
51147 226
51148 226
51149 226
51150 226
51151 226
51152 226
51153 226
51154 226
51155 226
51156 226
51157 226
51158 226
51159 226
51160 226
51161 226
51162 226
51163 226
51164 226
51165 226
51166 226
51167 226
51168 226
51169 226
51170 226
51171 226
51172 226
51173 226
51174 226
51175 226
51176 226
51177 226
51178 226
51179 226
51180 226
51181 226
51182 226
51183 226
51184 226
51185 226
51186 226
51187 226
51188 226
51189 226
51190 226
51191 226
51192 226
51193 226
51194 226
51195 226
51196 226
51197 226
51198 226
51199 226
51200 226
51201 226
51202 226
51203 226
51204 226
51205 226
51206 226
51207 226
51208 226
51209 226
51210 226
51211 226
51212 226
51213 226
51214 226
51215 226
51216 226
51217 226
51218 226
51219 226
51220 226
51221 226
51222 226
51223 226
51224 226
51225 226
51226 226
51227 226
51228 226
51229 226
51230 226
51231 226
51232 226
51233 226
51234 226
51235 226
51236 226
51237 226
51238 226
51239 226
51240 226
51241 226
51242 226
51243 226
51244 226
51245 226
51246 226
51247 226
51248 226
51249 226
51250 226
51251 226
51252 226
51253 226
51254 226
51255 226
51256 226
51257 226
51258 226
51259 226
51260 226
51261 226
51262 226
51263 226
51264 226
51265 226
51266 226
51267 226
51268 226
51269 226
51270 226
51271 226
51272 226
51273 226
51274 226
51275 226
51276 226
51277 226
51278 226
51279 226
51280 226
51281 226
51282 226
51283 226
51284 226
51285 226
51286 226
51287 226
51288 226
51289 226
51290 226
51291 226
51292 226
51293 226
51294 226
51295 226
51296 226
51297 226
51298 226
51299 226
51300 226
51301 226
51302 226
51303 227
51304 227
51305 227
51306 227
51307 227
51308 227
51309 227
51310 227
51311 227
51312 227
51313 227
51314 227
51315 227
51316 227
51317 227
51318 227
51319 227
51320 227
51321 227
51322 227
51323 227
51324 227
51325 227
51326 227
51327 227
51328 227
51329 227
51330 227
51331 227
51332 227
51333 227
51334 227
51335 227
51336 227
51337 227
51338 227
51339 227
51340 227
51341 227
51342 227
51343 227
51344 227
51345 227
51346 227
51347 227
51348 227
51349 227
51350 227
51351 227
51352 227
51353 227
51354 227
51355 227
51356 227
51357 227
51358 227
51359 227
51360 227
51361 227
51362 227
51363 227
51364 227
51365 227
51366 227
51367 227
51368 227
51369 227
51370 227
51371 227
51372 227
51373 227
51374 227
51375 227
51376 227
51377 227
51378 227
51379 227
51380 227
51381 227
51382 227
51383 227
51384 227
51385 227
51386 227
51387 227
51388 227
51389 227
51390 227
51391 227
51392 227
51393 227
51394 227
51395 227
51396 227
51397 227
51398 227
51399 227
51400 227
51401 227
51402 227
51403 227
51404 227
51405 227
51406 227
51407 227
51408 227
51409 227
51410 227
51411 227
51412 227
51413 227
51414 227
51415 227
51416 227
51417 227
51418 227
51419 227
51420 227
51421 227
51422 227
51423 227
51424 227
51425 227
51426 227
51427 227
51428 227
51429 227
51430 227
51431 227
51432 227
51433 227
51434 227
51435 227
51436 227
51437 227
51438 227
51439 227
51440 227
51441 227
51442 227
51443 227
51444 227
51445 227
51446 227
51447 227
51448 227
51449 227
51450 227
51451 227
51452 227
51453 227
51454 227
51455 227
51456 227
51457 227
51458 227
51459 227
51460 227
51461 227
51462 227
51463 227
51464 227
51465 227
51466 227
51467 227
51468 227
51469 227
51470 227
51471 227
51472 227
51473 227
51474 227
51475 227
51476 227
51477 227
51478 227
51479 227
51480 227
51481 227
51482 227
51483 227
51484 227
51485 227
51486 227
51487 227
51488 227
51489 227
51490 227
51491 227
51492 227
51493 227
51494 227
51495 227
51496 227
51497 227
51498 227
51499 227
51500 227
51501 227
51502 227
51503 227
51504 227
51505 227
51506 227
51507 227
51508 227
51509 227
51510 227
51511 227
51512 227
51513 227
51514 227
51515 227
51516 227
51517 227
51518 227
51519 227
51520 227
51521 227
51522 227
51523 227
51524 227
51525 227
51526 227
51527 227
51528 227
51529 227
51530 227
51531 227
51532 227
51533 227
51534 227
51535 227
51536 227
51537 227
51538 227
51539 227
51540 227
51541 227
51542 227
51543 227
51544 227
51545 227
51546 227
51547 227
51548 227
51549 227
51550 227
51551 227
51552 227
51553 227
51554 227
51555 227
51556 227
51557 227
51558 227
51559 227
51560 227
51561 227
51562 227
51563 227
51564 227
51565 227
51566 227
51567 227
51568 227
51569 227
51570 227
51571 227
51572 227
51573 227
51574 227
51575 227
51576 227
51577 227
51578 227
51579 227
51580 227
51581 227
51582 227
51583 227
51584 227
51585 227
51586 227
51587 227
51588 227
51589 227
51590 227
51591 227
51592 227
51593 227
51594 227
51595 227
51596 227
51597 227
51598 227
51599 227
51600 227
51601 227
51602 227
51603 227
51604 227
51605 227
51606 227
51607 227
51608 227
51609 227
51610 227
51611 227
51612 227
51613 227
51614 227
51615 227
51616 227
51617 227
51618 227
51619 227
51620 227
51621 227
51622 227
51623 227
51624 227
51625 227
51626 227
51627 227
51628 227
51629 227
51630 227
51631 227
51632 227
51633 227
51634 227
51635 227
51636 227
51637 227
51638 227
51639 227
51640 227
51641 227
51642 227
51643 227
51644 227
51645 227
51646 227
51647 227
51648 227
51649 227
51650 227
51651 227
51652 227
51653 227
51654 227
51655 227
51656 227
51657 227
51658 227
51659 227
51660 227
51661 227
51662 227
51663 227
51664 227
51665 227
51666 227
51667 227
51668 227
51669 227
51670 227
51671 227
51672 227
51673 227
51674 227
51675 227
51676 227
51677 227
51678 227
51679 227
51680 227
51681 227
51682 227
51683 227
51684 227
51685 227
51686 227
51687 227
51688 227
51689 227
51690 227
51691 227
51692 227
51693 227
51694 227
51695 227
51696 227
51697 227
51698 227
51699 227
51700 227
51701 227
51702 227
51703 227
51704 227
51705 227
51706 227
51707 227
51708 227
51709 227
51710 227
51711 227
51712 227
51713 227
51714 227
51715 227
51716 227
51717 227
51718 227
51719 227
51720 227
51721 227
51722 227
51723 227
51724 227
51725 227
51726 227
51727 227
51728 227
51729 227
51730 227
51731 227
51732 227
51733 227
51734 227
51735 227
51736 227
51737 227
51738 227
51739 227
51740 227
51741 227
51742 227
51743 227
51744 227
51745 227
51746 227
51747 227
51748 227
51749 227
51750 227
51751 227
51752 227
51753 227
51754 227
51755 227
51756 227
51757 228
51758 228
51759 228
51760 228
51761 228
51762 228
51763 228
51764 228
51765 228
51766 228
51767 228
51768 228
51769 228
51770 228
51771 228
51772 228
51773 228
51774 228
51775 228
51776 228
51777 228
51778 228
51779 228
51780 228
51781 228
51782 228
51783 228
51784 228
51785 228
51786 228
51787 228
51788 228
51789 228
51790 228
51791 228
51792 228
51793 228
51794 228
51795 228
51796 228
51797 228
51798 228
51799 228
51800 228
51801 228
51802 228
51803 228
51804 228
51805 228
51806 228
51807 228
51808 228
51809 228
51810 228
51811 228
51812 228
51813 228
51814 228
51815 228
51816 228
51817 228
51818 228
51819 228
51820 228
51821 228
51822 228
51823 228
51824 228
51825 228
51826 228
51827 228
51828 228
51829 228
51830 228
51831 228
51832 228
51833 228
51834 228
51835 228
51836 228
51837 228
51838 228
51839 228
51840 228
51841 228
51842 228
51843 228
51844 228
51845 228
51846 228
51847 228
51848 228
51849 228
51850 228
51851 228
51852 228
51853 228
51854 228
51855 228
51856 228
51857 228
51858 228
51859 228
51860 228
51861 228
51862 228
51863 228
51864 228
51865 228
51866 228
51867 228
51868 228
51869 228
51870 228
51871 228
51872 228
51873 228
51874 228
51875 228
51876 228
51877 228
51878 228
51879 228
51880 228
51881 228
51882 228
51883 228
51884 228
51885 228
51886 228
51887 228
51888 228
51889 228
51890 228
51891 228
51892 228
51893 228
51894 228
51895 228
51896 228
51897 228
51898 228
51899 228
51900 228
51901 228
51902 228
51903 228
51904 228
51905 228
51906 228
51907 228
51908 228
51909 228
51910 228
51911 228
51912 228
51913 228
51914 228
51915 228
51916 228
51917 228
51918 228
51919 228
51920 228
51921 228
51922 228
51923 228
51924 228
51925 228
51926 228
51927 228
51928 228
51929 228
51930 228
51931 228
51932 228
51933 228
51934 228
51935 228
51936 228
51937 228
51938 228
51939 228
51940 228
51941 228
51942 228
51943 228
51944 228
51945 228
51946 228
51947 228
51948 228
51949 228
51950 228
51951 228
51952 228
51953 228
51954 228
51955 228
51956 228
51957 228
51958 228
51959 228
51960 228
51961 228
51962 228
51963 228
51964 228
51965 228
51966 228
51967 228
51968 228
51969 228
51970 228
51971 228
51972 228
51973 228
51974 228
51975 228
51976 228
51977 228
51978 228
51979 228
51980 228
51981 228
51982 228
51983 228
51984 228
51985 228
51986 228
51987 228
51988 228
51989 228
51990 228
51991 228
51992 228
51993 228
51994 228
51995 228
51996 228
51997 228
51998 228
51999 228
52000 228
52001 228
52002 228
52003 228
52004 228
52005 228
52006 228
52007 228
52008 228
52009 228
52010 228
52011 228
52012 228
52013 228
52014 228
52015 228
52016 228
52017 228
52018 228
52019 228
52020 228
52021 228
52022 228
52023 228
52024 228
52025 228
52026 228
52027 228
52028 228
52029 228
52030 228
52031 228
52032 228
52033 228
52034 228
52035 228
52036 228
52037 228
52038 228
52039 228
52040 228
52041 228
52042 228
52043 228
52044 228
52045 228
52046 228
52047 228
52048 228
52049 228
52050 228
52051 228
52052 228
52053 228
52054 228
52055 228
52056 228
52057 228
52058 228
52059 228
52060 228
52061 228
52062 228
52063 228
52064 228
52065 228
52066 228
52067 228
52068 228
52069 228
52070 228
52071 228
52072 228
52073 228
52074 228
52075 228
52076 228
52077 228
52078 228
52079 228
52080 228
52081 228
52082 228
52083 228
52084 228
52085 228
52086 228
52087 228
52088 228
52089 228
52090 228
52091 228
52092 228
52093 228
52094 228
52095 228
52096 228
52097 228
52098 228
52099 228
52100 228
52101 228
52102 228
52103 228
52104 228
52105 228
52106 228
52107 228
52108 228
52109 228
52110 228
52111 228
52112 228
52113 228
52114 228
52115 228
52116 228
52117 228
52118 228
52119 228
52120 228
52121 228
52122 228
52123 228
52124 228
52125 228
52126 228
52127 228
52128 228
52129 228
52130 228
52131 228
52132 228
52133 228
52134 228
52135 228
52136 228
52137 228
52138 228
52139 228
52140 228
52141 228
52142 228
52143 228
52144 228
52145 228
52146 228
52147 228
52148 228
52149 228
52150 228
52151 228
52152 228
52153 228
52154 228
52155 228
52156 228
52157 228
52158 228
52159 228
52160 228
52161 228
52162 228
52163 228
52164 228
52165 228
52166 228
52167 228
52168 228
52169 228
52170 228
52171 228
52172 228
52173 228
52174 228
52175 228
52176 228
52177 228
52178 228
52179 228
52180 228
52181 228
52182 228
52183 228
52184 228
52185 228
52186 228
52187 228
52188 228
52189 228
52190 228
52191 228
52192 228
52193 228
52194 228
52195 228
52196 228
52197 228
52198 228
52199 228
52200 228
52201 228
52202 228
52203 228
52204 228
52205 228
52206 228
52207 228
52208 228
52209 228
52210 228
52211 228
52212 228
52213 229
52214 229
52215 229
52216 229
52217 229
52218 229
52219 229
52220 229
52221 229
52222 229
52223 229
52224 229
52225 229
52226 229
52227 229
52228 229
52229 229
52230 229
52231 229
52232 229
52233 229
52234 229
52235 229
52236 229
52237 229
52238 229
52239 229
52240 229
52241 229
52242 229
52243 229
52244 229
52245 229
52246 229
52247 229
52248 229
52249 229
52250 229
52251 229
52252 229
52253 229
52254 229
52255 229
52256 229
52257 229
52258 229
52259 229
52260 229
52261 229
52262 229
52263 229
52264 229
52265 229
52266 229
52267 229
52268 229
52269 229
52270 229
52271 229
52272 229
52273 229
52274 229
52275 229
52276 229
52277 229
52278 229
52279 229
52280 229
52281 229
52282 229
52283 229
52284 229
52285 229
52286 229
52287 229
52288 229
52289 229
52290 229
52291 229
52292 229
52293 229
52294 229
52295 229
52296 229
52297 229
52298 229
52299 229
52300 229
52301 229
52302 229
52303 229
52304 229
52305 229
52306 229
52307 229
52308 229
52309 229
52310 229
52311 229
52312 229
52313 229
52314 229
52315 229
52316 229
52317 229
52318 229
52319 229
52320 229
52321 229
52322 229
52323 229
52324 229
52325 229
52326 229
52327 229
52328 229
52329 229
52330 229
52331 229
52332 229
52333 229
52334 229
52335 229
52336 229
52337 229
52338 229
52339 229
52340 229
52341 229
52342 229
52343 229
52344 229
52345 229
52346 229
52347 229
52348 229
52349 229
52350 229
52351 229
52352 229
52353 229
52354 229
52355 229
52356 229
52357 229
52358 229
52359 229
52360 229
52361 229
52362 229
52363 229
52364 229
52365 229
52366 229
52367 229
52368 229
52369 229
52370 229
52371 229
52372 229
52373 229
52374 229
52375 229
52376 229
52377 229
52378 229
52379 229
52380 229
52381 229
52382 229
52383 229
52384 229
52385 229
52386 229
52387 229
52388 229
52389 229
52390 229
52391 229
52392 229
52393 229
52394 229
52395 229
52396 229
52397 229
52398 229
52399 229
52400 229
52401 229
52402 229
52403 229
52404 229
52405 229
52406 229
52407 229
52408 229
52409 229
52410 229
52411 229
52412 229
52413 229
52414 229
52415 229
52416 229
52417 229
52418 229
52419 229
52420 229
52421 229
52422 229
52423 229
52424 229
52425 229
52426 229
52427 229
52428 229
52429 229
52430 229
52431 229
52432 229
52433 229
52434 229
52435 229
52436 229
52437 229
52438 229
52439 229
52440 229
52441 229
52442 229
52443 229
52444 229
52445 229
52446 229
52447 229
52448 229
52449 229
52450 229
52451 229
52452 229
52453 229
52454 229
52455 229
52456 229
52457 229
52458 229
52459 229
52460 229
52461 229
52462 229
52463 229
52464 229
52465 229
52466 229
52467 229
52468 229
52469 229
52470 229
52471 229
52472 229
52473 229
52474 229
52475 229
52476 229
52477 229
52478 229
52479 229
52480 229
52481 229
52482 229
52483 229
52484 229
52485 229
52486 229
52487 229
52488 229
52489 229
52490 229
52491 229
52492 229
52493 229
52494 229
52495 229
52496 229
52497 229
52498 229
52499 229
52500 229
52501 229
52502 229
52503 229
52504 229
52505 229
52506 229
52507 229
52508 229
52509 229
52510 229
52511 229
52512 229
52513 229
52514 229
52515 229
52516 229
52517 229
52518 229
52519 229
52520 229
52521 229
52522 229
52523 229
52524 229
52525 229
52526 229
52527 229
52528 229
52529 229
52530 229
52531 229
52532 229
52533 229
52534 229
52535 229
52536 229
52537 229
52538 229
52539 229
52540 229
52541 229
52542 229
52543 229
52544 229
52545 229
52546 229
52547 229
52548 229
52549 229
52550 229
52551 229
52552 229
52553 229
52554 229
52555 229
52556 229
52557 229
52558 229
52559 229
52560 229
52561 229
52562 229
52563 229
52564 229
52565 229
52566 229
52567 229
52568 229
52569 229
52570 229
52571 229
52572 229
52573 229
52574 229
52575 229
52576 229
52577 229
52578 229
52579 229
52580 229
52581 229
52582 229
52583 229
52584 229
52585 229
52586 229
52587 229
52588 229
52589 229
52590 229
52591 229
52592 229
52593 229
52594 229
52595 229
52596 229
52597 229
52598 229
52599 229
52600 229
52601 229
52602 229
52603 229
52604 229
52605 229
52606 229
52607 229
52608 229
52609 229
52610 229
52611 229
52612 229
52613 229
52614 229
52615 229
52616 229
52617 229
52618 229
52619 229
52620 229
52621 229
52622 229
52623 229
52624 229
52625 229
52626 229
52627 229
52628 229
52629 229
52630 229
52631 229
52632 229
52633 229
52634 229
52635 229
52636 229
52637 229
52638 229
52639 229
52640 229
52641 229
52642 229
52643 229
52644 229
52645 229
52646 229
52647 229
52648 229
52649 229
52650 229
52651 229
52652 229
52653 229
52654 229
52655 229
52656 229
52657 229
52658 229
52659 229
52660 229
52661 229
52662 229
52663 229
52664 229
52665 229
52666 229
52667 229
52668 229
52669 229
52670 229
52671 230
52672 230
52673 230
52674 230
52675 230
52676 230
52677 230
52678 230
52679 230
52680 230
52681 230
52682 230
52683 230
52684 230
52685 230
52686 230
52687 230
52688 230
52689 230
52690 230
52691 230
52692 230
52693 230
52694 230
52695 230
52696 230
52697 230
52698 230
52699 230
52700 230
52701 230
52702 230
52703 230
52704 230
52705 230
52706 230
52707 230
52708 230
52709 230
52710 230
52711 230
52712 230
52713 230
52714 230
52715 230
52716 230
52717 230
52718 230
52719 230
52720 230
52721 230
52722 230
52723 230
52724 230
52725 230
52726 230
52727 230
52728 230
52729 230
52730 230
52731 230
52732 230
52733 230
52734 230
52735 230
52736 230
52737 230
52738 230
52739 230
52740 230
52741 230
52742 230
52743 230
52744 230
52745 230
52746 230
52747 230
52748 230
52749 230
52750 230
52751 230
52752 230
52753 230
52754 230
52755 230
52756 230
52757 230
52758 230
52759 230
52760 230
52761 230
52762 230
52763 230
52764 230
52765 230
52766 230
52767 230
52768 230
52769 230
52770 230
52771 230
52772 230
52773 230
52774 230
52775 230
52776 230
52777 230
52778 230
52779 230
52780 230
52781 230
52782 230
52783 230
52784 230
52785 230
52786 230
52787 230
52788 230
52789 230
52790 230
52791 230
52792 230
52793 230
52794 230
52795 230
52796 230
52797 230
52798 230
52799 230
52800 230
52801 230
52802 230
52803 230
52804 230
52805 230
52806 230
52807 230
52808 230
52809 230
52810 230
52811 230
52812 230
52813 230
52814 230
52815 230
52816 230
52817 230
52818 230
52819 230
52820 230
52821 230
52822 230
52823 230
52824 230
52825 230
52826 230
52827 230
52828 230
52829 230
52830 230
52831 230
52832 230
52833 230
52834 230
52835 230
52836 230
52837 230
52838 230
52839 230
52840 230
52841 230
52842 230
52843 230
52844 230
52845 230
52846 230
52847 230
52848 230
52849 230
52850 230
52851 230
52852 230
52853 230
52854 230
52855 230
52856 230
52857 230
52858 230
52859 230
52860 230
52861 230
52862 230
52863 230
52864 230
52865 230
52866 230
52867 230
52868 230
52869 230
52870 230
52871 230
52872 230
52873 230
52874 230
52875 230
52876 230
52877 230
52878 230
52879 230
52880 230
52881 230
52882 230
52883 230
52884 230
52885 230
52886 230
52887 230
52888 230
52889 230
52890 230
52891 230
52892 230
52893 230
52894 230
52895 230
52896 230
52897 230
52898 230
52899 230
52900 230
52901 230
52902 230
52903 230
52904 230
52905 230
52906 230
52907 230
52908 230
52909 230
52910 230
52911 230
52912 230
52913 230
52914 230
52915 230
52916 230
52917 230
52918 230
52919 230
52920 230
52921 230
52922 230
52923 230
52924 230
52925 230
52926 230
52927 230
52928 230
52929 230
52930 230
52931 230
52932 230
52933 230
52934 230
52935 230
52936 230
52937 230
52938 230
52939 230
52940 230
52941 230
52942 230
52943 230
52944 230
52945 230
52946 230
52947 230
52948 230
52949 230
52950 230
52951 230
52952 230
52953 230
52954 230
52955 230
52956 230
52957 230
52958 230
52959 230
52960 230
52961 230
52962 230
52963 230
52964 230
52965 230
52966 230
52967 230
52968 230
52969 230
52970 230
52971 230
52972 230
52973 230
52974 230
52975 230
52976 230
52977 230
52978 230
52979 230
52980 230
52981 230
52982 230
52983 230
52984 230
52985 230
52986 230
52987 230
52988 230
52989 230
52990 230
52991 230
52992 230
52993 230
52994 230
52995 230
52996 230
52997 230
52998 230
52999 230
53000 230
53001 230
53002 230
53003 230
53004 230
53005 230
53006 230
53007 230
53008 230
53009 230
53010 230
53011 230
53012 230
53013 230
53014 230
53015 230
53016 230
53017 230
53018 230
53019 230
53020 230
53021 230
53022 230
53023 230
53024 230
53025 230
53026 230
53027 230
53028 230
53029 230
53030 230
53031 230
53032 230
53033 230
53034 230
53035 230
53036 230
53037 230
53038 230
53039 230
53040 230
53041 230
53042 230
53043 230
53044 230
53045 230
53046 230
53047 230
53048 230
53049 230
53050 230
53051 230
53052 230
53053 230
53054 230
53055 230
53056 230
53057 230
53058 230
53059 230
53060 230
53061 230
53062 230
53063 230
53064 230
53065 230
53066 230
53067 230
53068 230
53069 230
53070 230
53071 230
53072 230
53073 230
53074 230
53075 230
53076 230
53077 230
53078 230
53079 230
53080 230
53081 230
53082 230
53083 230
53084 230
53085 230
53086 230
53087 230
53088 230
53089 230
53090 230
53091 230
53092 230
53093 230
53094 230
53095 230
53096 230
53097 230
53098 230
53099 230
53100 230
53101 230
53102 230
53103 230
53104 230
53105 230
53106 230
53107 230
53108 230
53109 230
53110 230
53111 230
53112 230
53113 230
53114 230
53115 230
53116 230
53117 230
53118 230
53119 230
53120 230
53121 230
53122 230
53123 230
53124 230
53125 230
53126 230
53127 230
53128 230
53129 230
53130 230
53131 231
53132 231
53133 231
53134 231
53135 231
53136 231
53137 231
53138 231
53139 231
53140 231
53141 231
53142 231
53143 231
53144 231
53145 231
53146 231
53147 231
53148 231
53149 231
53150 231
53151 231
53152 231
53153 231
53154 231
53155 231
53156 231
53157 231
53158 231
53159 231
53160 231
53161 231
53162 231
53163 231
53164 231
53165 231
53166 231
53167 231
53168 231
53169 231
53170 231
53171 231
53172 231
53173 231
53174 231
53175 231
53176 231
53177 231
53178 231
53179 231
53180 231
53181 231
53182 231
53183 231
53184 231
53185 231
53186 231
53187 231
53188 231
53189 231
53190 231
53191 231
53192 231
53193 231
53194 231
53195 231
53196 231
53197 231
53198 231
53199 231
53200 231
53201 231
53202 231
53203 231
53204 231
53205 231
53206 231
53207 231
53208 231
53209 231
53210 231
53211 231
53212 231
53213 231
53214 231
53215 231
53216 231
53217 231
53218 231
53219 231
53220 231
53221 231
53222 231
53223 231
53224 231
53225 231
53226 231
53227 231
53228 231
53229 231
53230 231
53231 231
53232 231
53233 231
53234 231
53235 231
53236 231
53237 231
53238 231
53239 231
53240 231
53241 231
53242 231
53243 231
53244 231
53245 231
53246 231
53247 231
53248 231
53249 231
53250 231
53251 231
53252 231
53253 231
53254 231
53255 231
53256 231
53257 231
53258 231
53259 231
53260 231
53261 231
53262 231
53263 231
53264 231
53265 231
53266 231
53267 231
53268 231
53269 231
53270 231
53271 231
53272 231
53273 231
53274 231
53275 231
53276 231
53277 231
53278 231
53279 231
53280 231
53281 231
53282 231
53283 231
53284 231
53285 231
53286 231
53287 231
53288 231
53289 231
53290 231
53291 231
53292 231
53293 231
53294 231
53295 231
53296 231
53297 231
53298 231
53299 231
53300 231
53301 231
53302 231
53303 231
53304 231
53305 231
53306 231
53307 231
53308 231
53309 231
53310 231
53311 231
53312 231
53313 231
53314 231
53315 231
53316 231
53317 231
53318 231
53319 231
53320 231
53321 231
53322 231
53323 231
53324 231
53325 231
53326 231
53327 231
53328 231
53329 231
53330 231
53331 231
53332 231
53333 231
53334 231
53335 231
53336 231
53337 231
53338 231
53339 231
53340 231
53341 231
53342 231
53343 231
53344 231
53345 231
53346 231
53347 231
53348 231
53349 231
53350 231
53351 231
53352 231
53353 231
53354 231
53355 231
53356 231
53357 231
53358 231
53359 231
53360 231
53361 231
53362 231
53363 231
53364 231
53365 231
53366 231
53367 231
53368 231
53369 231
53370 231
53371 231
53372 231
53373 231
53374 231
53375 231
53376 231
53377 231
53378 231
53379 231
53380 231
53381 231
53382 231
53383 231
53384 231
53385 231
53386 231
53387 231
53388 231
53389 231
53390 231
53391 231
53392 231
53393 231
53394 231
53395 231
53396 231
53397 231
53398 231
53399 231
53400 231
53401 231
53402 231
53403 231
53404 231
53405 231
53406 231
53407 231
53408 231
53409 231
53410 231
53411 231
53412 231
53413 231
53414 231
53415 231
53416 231
53417 231
53418 231
53419 231
53420 231
53421 231
53422 231
53423 231
53424 231
53425 231
53426 231
53427 231
53428 231
53429 231
53430 231
53431 231
53432 231
53433 231
53434 231
53435 231
53436 231
53437 231
53438 231
53439 231
53440 231
53441 231
53442 231
53443 231
53444 231
53445 231
53446 231
53447 231
53448 231
53449 231
53450 231
53451 231
53452 231
53453 231
53454 231
53455 231
53456 231
53457 231
53458 231
53459 231
53460 231
53461 231
53462 231
53463 231
53464 231
53465 231
53466 231
53467 231
53468 231
53469 231
53470 231
53471 231
53472 231
53473 231
53474 231
53475 231
53476 231
53477 231
53478 231
53479 231
53480 231
53481 231
53482 231
53483 231
53484 231
53485 231
53486 231
53487 231
53488 231
53489 231
53490 231
53491 231
53492 231
53493 231
53494 231
53495 231
53496 231
53497 231
53498 231
53499 231
53500 231
53501 231
53502 231
53503 231
53504 231
53505 231
53506 231
53507 231
53508 231
53509 231
53510 231
53511 231
53512 231
53513 231
53514 231
53515 231
53516 231
53517 231
53518 231
53519 231
53520 231
53521 231
53522 231
53523 231
53524 231
53525 231
53526 231
53527 231
53528 231
53529 231
53530 231
53531 231
53532 231
53533 231
53534 231
53535 231
53536 231
53537 231
53538 231
53539 231
53540 231
53541 231
53542 231
53543 231
53544 231
53545 231
53546 231
53547 231
53548 231
53549 231
53550 231
53551 231
53552 231
53553 231
53554 231
53555 231
53556 231
53557 231
53558 231
53559 231
53560 231
53561 231
53562 231
53563 231
53564 231
53565 231
53566 231
53567 231
53568 231
53569 231
53570 231
53571 231
53572 231
53573 231
53574 231
53575 231
53576 231
53577 231
53578 231
53579 231
53580 231
53581 231
53582 231
53583 231
53584 231
53585 231
53586 231
53587 231
53588 231
53589 231
53590 231
53591 231
53592 231
53593 232
53594 232
53595 232
53596 232
53597 232
53598 232
53599 232
53600 232
53601 232
53602 232
53603 232
53604 232
53605 232
53606 232
53607 232
53608 232
53609 232
53610 232
53611 232
53612 232
53613 232
53614 232
53615 232
53616 232
53617 232
53618 232
53619 232
53620 232
53621 232
53622 232
53623 232
53624 232
53625 232
53626 232
53627 232
53628 232
53629 232
53630 232
53631 232
53632 232
53633 232
53634 232
53635 232
53636 232
53637 232
53638 232
53639 232
53640 232
53641 232
53642 232
53643 232
53644 232
53645 232
53646 232
53647 232
53648 232
53649 232
53650 232
53651 232
53652 232
53653 232
53654 232
53655 232
53656 232
53657 232
53658 232
53659 232
53660 232
53661 232
53662 232
53663 232
53664 232
53665 232
53666 232
53667 232
53668 232
53669 232
53670 232
53671 232
53672 232
53673 232
53674 232
53675 232
53676 232
53677 232
53678 232
53679 232
53680 232
53681 232
53682 232
53683 232
53684 232
53685 232
53686 232
53687 232
53688 232
53689 232
53690 232
53691 232
53692 232
53693 232
53694 232
53695 232
53696 232
53697 232
53698 232
53699 232
53700 232
53701 232
53702 232
53703 232
53704 232
53705 232
53706 232
53707 232
53708 232
53709 232
53710 232
53711 232
53712 232
53713 232
53714 232
53715 232
53716 232
53717 232
53718 232
53719 232
53720 232
53721 232
53722 232
53723 232
53724 232
53725 232
53726 232
53727 232
53728 232
53729 232
53730 232
53731 232
53732 232
53733 232
53734 232
53735 232
53736 232
53737 232
53738 232
53739 232
53740 232
53741 232
53742 232
53743 232
53744 232
53745 232
53746 232
53747 232
53748 232
53749 232
53750 232
53751 232
53752 232
53753 232
53754 232
53755 232
53756 232
53757 232
53758 232
53759 232
53760 232
53761 232
53762 232
53763 232
53764 232
53765 232
53766 232
53767 232
53768 232
53769 232
53770 232
53771 232
53772 232
53773 232
53774 232
53775 232
53776 232
53777 232
53778 232
53779 232
53780 232
53781 232
53782 232
53783 232
53784 232
53785 232
53786 232
53787 232
53788 232
53789 232
53790 232
53791 232
53792 232
53793 232
53794 232
53795 232
53796 232
53797 232
53798 232
53799 232
53800 232
53801 232
53802 232
53803 232
53804 232
53805 232
53806 232
53807 232
53808 232
53809 232
53810 232
53811 232
53812 232
53813 232
53814 232
53815 232
53816 232
53817 232
53818 232
53819 232
53820 232
53821 232
53822 232
53823 232
53824 232
53825 232
53826 232
53827 232
53828 232
53829 232
53830 232
53831 232
53832 232
53833 232
53834 232
53835 232
53836 232
53837 232
53838 232
53839 232
53840 232
53841 232
53842 232
53843 232
53844 232
53845 232
53846 232
53847 232
53848 232
53849 232
53850 232
53851 232
53852 232
53853 232
53854 232
53855 232
53856 232
53857 232
53858 232
53859 232
53860 232
53861 232
53862 232
53863 232
53864 232
53865 232
53866 232
53867 232
53868 232
53869 232
53870 232
53871 232
53872 232
53873 232
53874 232
53875 232
53876 232
53877 232
53878 232
53879 232
53880 232
53881 232
53882 232
53883 232
53884 232
53885 232
53886 232
53887 232
53888 232
53889 232
53890 232
53891 232
53892 232
53893 232
53894 232
53895 232
53896 232
53897 232
53898 232
53899 232
53900 232
53901 232
53902 232
53903 232
53904 232
53905 232
53906 232
53907 232
53908 232
53909 232
53910 232
53911 232
53912 232
53913 232
53914 232
53915 232
53916 232
53917 232
53918 232
53919 232
53920 232
53921 232
53922 232
53923 232
53924 232
53925 232
53926 232
53927 232
53928 232
53929 232
53930 232
53931 232
53932 232
53933 232
53934 232
53935 232
53936 232
53937 232
53938 232
53939 232
53940 232
53941 232
53942 232
53943 232
53944 232
53945 232
53946 232
53947 232
53948 232
53949 232
53950 232
53951 232
53952 232
53953 232
53954 232
53955 232
53956 232
53957 232
53958 232
53959 232
53960 232
53961 232
53962 232
53963 232
53964 232
53965 232
53966 232
53967 232
53968 232
53969 232
53970 232
53971 232
53972 232
53973 232
53974 232
53975 232
53976 232
53977 232
53978 232
53979 232
53980 232
53981 232
53982 232
53983 232
53984 232
53985 232
53986 232
53987 232
53988 232
53989 232
53990 232
53991 232
53992 232
53993 232
53994 232
53995 232
53996 232
53997 232
53998 232
53999 232
54000 232
54001 232
54002 232
54003 232
54004 232
54005 232
54006 232
54007 232
54008 232
54009 232
54010 232
54011 232
54012 232
54013 232
54014 232
54015 232
54016 232
54017 232
54018 232
54019 232
54020 232
54021 232
54022 232
54023 232
54024 232
54025 232
54026 232
54027 232
54028 232
54029 232
54030 232
54031 232
54032 232
54033 232
54034 232
54035 232
54036 232
54037 232
54038 232
54039 232
54040 232
54041 232
54042 232
54043 232
54044 232
54045 232
54046 232
54047 232
54048 232
54049 232
54050 232
54051 232
54052 232
54053 232
54054 232
54055 232
54056 232
54057 233
54058 233
54059 233
54060 233
54061 233
54062 233
54063 233
54064 233
54065 233
54066 233
54067 233
54068 233
54069 233
54070 233
54071 233
54072 233
54073 233
54074 233
54075 233
54076 233
54077 233
54078 233
54079 233
54080 233
54081 233
54082 233
54083 233
54084 233
54085 233
54086 233
54087 233
54088 233
54089 233
54090 233
54091 233
54092 233
54093 233
54094 233
54095 233
54096 233
54097 233
54098 233
54099 233
54100 233
54101 233
54102 233
54103 233
54104 233
54105 233
54106 233
54107 233
54108 233
54109 233
54110 233
54111 233
54112 233
54113 233
54114 233
54115 233
54116 233
54117 233
54118 233
54119 233
54120 233
54121 233
54122 233
54123 233
54124 233
54125 233
54126 233
54127 233
54128 233
54129 233
54130 233
54131 233
54132 233
54133 233
54134 233
54135 233
54136 233
54137 233
54138 233
54139 233
54140 233
54141 233
54142 233
54143 233
54144 233
54145 233
54146 233
54147 233
54148 233
54149 233
54150 233
54151 233
54152 233
54153 233
54154 233
54155 233
54156 233
54157 233
54158 233
54159 233
54160 233
54161 233
54162 233
54163 233
54164 233
54165 233
54166 233
54167 233
54168 233
54169 233
54170 233
54171 233
54172 233
54173 233
54174 233
54175 233
54176 233
54177 233
54178 233
54179 233
54180 233
54181 233
54182 233
54183 233
54184 233
54185 233
54186 233
54187 233
54188 233
54189 233
54190 233
54191 233
54192 233
54193 233
54194 233
54195 233
54196 233
54197 233
54198 233
54199 233
54200 233
54201 233
54202 233
54203 233
54204 233
54205 233
54206 233
54207 233
54208 233
54209 233
54210 233
54211 233
54212 233
54213 233
54214 233
54215 233
54216 233
54217 233
54218 233
54219 233
54220 233
54221 233
54222 233
54223 233
54224 233
54225 233
54226 233
54227 233
54228 233
54229 233
54230 233
54231 233
54232 233
54233 233
54234 233
54235 233
54236 233
54237 233
54238 233
54239 233
54240 233
54241 233
54242 233
54243 233
54244 233
54245 233
54246 233
54247 233
54248 233
54249 233
54250 233
54251 233
54252 233
54253 233
54254 233
54255 233
54256 233
54257 233
54258 233
54259 233
54260 233
54261 233
54262 233
54263 233
54264 233
54265 233
54266 233
54267 233
54268 233
54269 233
54270 233
54271 233
54272 233
54273 233
54274 233
54275 233
54276 233
54277 233
54278 233
54279 233
54280 233
54281 233
54282 233
54283 233
54284 233
54285 233
54286 233
54287 233
54288 233
54289 233
54290 233
54291 233
54292 233
54293 233
54294 233
54295 233
54296 233
54297 233
54298 233
54299 233
54300 233
54301 233
54302 233
54303 233
54304 233
54305 233
54306 233
54307 233
54308 233
54309 233
54310 233
54311 233
54312 233
54313 233
54314 233
54315 233
54316 233
54317 233
54318 233
54319 233
54320 233
54321 233
54322 233
54323 233
54324 233
54325 233
54326 233
54327 233
54328 233
54329 233
54330 233
54331 233
54332 233
54333 233
54334 233
54335 233
54336 233
54337 233
54338 233
54339 233
54340 233
54341 233
54342 233
54343 233
54344 233
54345 233
54346 233
54347 233
54348 233
54349 233
54350 233
54351 233
54352 233
54353 233
54354 233
54355 233
54356 233
54357 233
54358 233
54359 233
54360 233
54361 233
54362 233
54363 233
54364 233
54365 233
54366 233
54367 233
54368 233
54369 233
54370 233
54371 233
54372 233
54373 233
54374 233
54375 233
54376 233
54377 233
54378 233
54379 233
54380 233
54381 233
54382 233
54383 233
54384 233
54385 233
54386 233
54387 233
54388 233
54389 233
54390 233
54391 233
54392 233
54393 233
54394 233
54395 233
54396 233
54397 233
54398 233
54399 233
54400 233
54401 233
54402 233
54403 233
54404 233
54405 233
54406 233
54407 233
54408 233
54409 233
54410 233
54411 233
54412 233
54413 233
54414 233
54415 233
54416 233
54417 233
54418 233
54419 233
54420 233
54421 233
54422 233
54423 233
54424 233
54425 233
54426 233
54427 233
54428 233
54429 233
54430 233
54431 233
54432 233
54433 233
54434 233
54435 233
54436 233
54437 233
54438 233
54439 233
54440 233
54441 233
54442 233
54443 233
54444 233
54445 233
54446 233
54447 233
54448 233
54449 233
54450 233
54451 233
54452 233
54453 233
54454 233
54455 233
54456 233
54457 233
54458 233
54459 233
54460 233
54461 233
54462 233
54463 233
54464 233
54465 233
54466 233
54467 233
54468 233
54469 233
54470 233
54471 233
54472 233
54473 233
54474 233
54475 233
54476 233
54477 233
54478 233
54479 233
54480 233
54481 233
54482 233
54483 233
54484 233
54485 233
54486 233
54487 233
54488 233
54489 233
54490 233
54491 233
54492 233
54493 233
54494 233
54495 233
54496 233
54497 233
54498 233
54499 233
54500 233
54501 233
54502 233
54503 233
54504 233
54505 233
54506 233
54507 233
54508 233
54509 233
54510 233
54511 233
54512 233
54513 233
54514 233
54515 233
54516 233
54517 233
54518 233
54519 233
54520 233
54521 233
54522 233
54523 234
54524 234
54525 234
54526 234
54527 234
54528 234
54529 234
54530 234
54531 234
54532 234
54533 234
54534 234
54535 234
54536 234
54537 234
54538 234
54539 234
54540 234
54541 234
54542 234
54543 234
54544 234
54545 234
54546 234
54547 234
54548 234
54549 234
54550 234
54551 234
54552 234
54553 234
54554 234
54555 234
54556 234
54557 234
54558 234
54559 234
54560 234
54561 234
54562 234
54563 234
54564 234
54565 234
54566 234
54567 234
54568 234
54569 234
54570 234
54571 234
54572 234
54573 234
54574 234
54575 234
54576 234
54577 234
54578 234
54579 234
54580 234
54581 234
54582 234
54583 234
54584 234
54585 234
54586 234
54587 234
54588 234
54589 234
54590 234
54591 234
54592 234
54593 234
54594 234
54595 234
54596 234
54597 234
54598 234
54599 234
54600 234
54601 234
54602 234
54603 234
54604 234
54605 234
54606 234
54607 234
54608 234
54609 234
54610 234
54611 234
54612 234
54613 234
54614 234
54615 234
54616 234
54617 234
54618 234
54619 234
54620 234
54621 234
54622 234
54623 234
54624 234
54625 234
54626 234
54627 234
54628 234
54629 234
54630 234
54631 234
54632 234
54633 234
54634 234
54635 234
54636 234
54637 234
54638 234
54639 234
54640 234
54641 234
54642 234
54643 234
54644 234
54645 234
54646 234
54647 234
54648 234
54649 234
54650 234
54651 234
54652 234
54653 234
54654 234
54655 234
54656 234
54657 234
54658 234
54659 234
54660 234
54661 234
54662 234
54663 234
54664 234
54665 234
54666 234
54667 234
54668 234
54669 234
54670 234
54671 234
54672 234
54673 234
54674 234
54675 234
54676 234
54677 234
54678 234
54679 234
54680 234
54681 234
54682 234
54683 234
54684 234
54685 234
54686 234
54687 234
54688 234
54689 234
54690 234
54691 234
54692 234
54693 234
54694 234
54695 234
54696 234
54697 234
54698 234
54699 234
54700 234
54701 234
54702 234
54703 234
54704 234
54705 234
54706 234
54707 234
54708 234
54709 234
54710 234
54711 234
54712 234
54713 234
54714 234
54715 234
54716 234
54717 234
54718 234
54719 234
54720 234
54721 234
54722 234
54723 234
54724 234
54725 234
54726 234
54727 234
54728 234
54729 234
54730 234
54731 234
54732 234
54733 234
54734 234
54735 234
54736 234
54737 234
54738 234
54739 234
54740 234
54741 234
54742 234
54743 234
54744 234
54745 234
54746 234
54747 234
54748 234
54749 234
54750 234
54751 234
54752 234
54753 234
54754 234
54755 234
54756 234
54757 234
54758 234
54759 234
54760 234
54761 234
54762 234
54763 234
54764 234
54765 234
54766 234
54767 234
54768 234
54769 234
54770 234
54771 234
54772 234
54773 234
54774 234
54775 234
54776 234
54777 234
54778 234
54779 234
54780 234
54781 234
54782 234
54783 234
54784 234
54785 234
54786 234
54787 234
54788 234
54789 234
54790 234
54791 234
54792 234
54793 234
54794 234
54795 234
54796 234
54797 234
54798 234
54799 234
54800 234
54801 234
54802 234
54803 234
54804 234
54805 234
54806 234
54807 234
54808 234
54809 234
54810 234
54811 234
54812 234
54813 234
54814 234
54815 234
54816 234
54817 234
54818 234
54819 234
54820 234
54821 234
54822 234
54823 234
54824 234
54825 234
54826 234
54827 234
54828 234
54829 234
54830 234
54831 234
54832 234
54833 234
54834 234
54835 234
54836 234
54837 234
54838 234
54839 234
54840 234
54841 234
54842 234
54843 234
54844 234
54845 234
54846 234
54847 234
54848 234
54849 234
54850 234
54851 234
54852 234
54853 234
54854 234
54855 234
54856 234
54857 234
54858 234
54859 234
54860 234
54861 234
54862 234
54863 234
54864 234
54865 234
54866 234
54867 234
54868 234
54869 234
54870 234
54871 234
54872 234
54873 234
54874 234
54875 234
54876 234
54877 234
54878 234
54879 234
54880 234
54881 234
54882 234
54883 234
54884 234
54885 234
54886 234
54887 234
54888 234
54889 234
54890 234
54891 234
54892 234
54893 234
54894 234
54895 234
54896 234
54897 234
54898 234
54899 234
54900 234
54901 234
54902 234
54903 234
54904 234
54905 234
54906 234
54907 234
54908 234
54909 234
54910 234
54911 234
54912 234
54913 234
54914 234
54915 234
54916 234
54917 234
54918 234
54919 234
54920 234
54921 234
54922 234
54923 234
54924 234
54925 234
54926 234
54927 234
54928 234
54929 234
54930 234
54931 234
54932 234
54933 234
54934 234
54935 234
54936 234
54937 234
54938 234
54939 234
54940 234
54941 234
54942 234
54943 234
54944 234
54945 234
54946 234
54947 234
54948 234
54949 234
54950 234
54951 234
54952 234
54953 234
54954 234
54955 234
54956 234
54957 234
54958 234
54959 234
54960 234
54961 234
54962 234
54963 234
54964 234
54965 234
54966 234
54967 234
54968 234
54969 234
54970 234
54971 234
54972 234
54973 234
54974 234
54975 234
54976 234
54977 234
54978 234
54979 234
54980 234
54981 234
54982 234
54983 234
54984 234
54985 234
54986 234
54987 234
54988 234
54989 234
54990 234
54991 235
54992 235
54993 235
54994 235
54995 235
54996 235
54997 235
54998 235
54999 235
55000 235
55001 235
55002 235
55003 235
55004 235
55005 235
55006 235
55007 235
55008 235
55009 235
55010 235
55011 235
55012 235
55013 235
55014 235
55015 235
55016 235
55017 235
55018 235
55019 235
55020 235
55021 235
55022 235
55023 235
55024 235
55025 235
55026 235
55027 235
55028 235
55029 235
55030 235
55031 235
55032 235
55033 235
55034 235
55035 235
55036 235
55037 235
55038 235
55039 235
55040 235
55041 235
55042 235
55043 235
55044 235
55045 235
55046 235
55047 235
55048 235
55049 235
55050 235
55051 235
55052 235
55053 235
55054 235
55055 235
55056 235
55057 235
55058 235
55059 235
55060 235
55061 235
55062 235
55063 235
55064 235
55065 235
55066 235
55067 235
55068 235
55069 235
55070 235
55071 235
55072 235
55073 235
55074 235
55075 235
55076 235
55077 235
55078 235
55079 235
55080 235
55081 235
55082 235
55083 235
55084 235
55085 235
55086 235
55087 235
55088 235
55089 235
55090 235
55091 235
55092 235
55093 235
55094 235
55095 235
55096 235
55097 235
55098 235
55099 235
55100 235
55101 235
55102 235
55103 235
55104 235
55105 235
55106 235
55107 235
55108 235
55109 235
55110 235
55111 235
55112 235
55113 235
55114 235
55115 235
55116 235
55117 235
55118 235
55119 235
55120 235
55121 235
55122 235
55123 235
55124 235
55125 235
55126 235
55127 235
55128 235
55129 235
55130 235
55131 235
55132 235
55133 235
55134 235
55135 235
55136 235
55137 235
55138 235
55139 235
55140 235
55141 235
55142 235
55143 235
55144 235
55145 235
55146 235
55147 235
55148 235
55149 235
55150 235
55151 235
55152 235
55153 235
55154 235
55155 235
55156 235
55157 235
55158 235
55159 235
55160 235
55161 235
55162 235
55163 235
55164 235
55165 235
55166 235
55167 235
55168 235
55169 235
55170 235
55171 235
55172 235
55173 235
55174 235
55175 235
55176 235
55177 235
55178 235
55179 235
55180 235
55181 235
55182 235
55183 235
55184 235
55185 235
55186 235
55187 235
55188 235
55189 235
55190 235
55191 235
55192 235
55193 235
55194 235
55195 235
55196 235
55197 235
55198 235
55199 235
55200 235
55201 235
55202 235
55203 235
55204 235
55205 235
55206 235
55207 235
55208 235
55209 235
55210 235
55211 235
55212 235
55213 235
55214 235
55215 235
55216 235
55217 235
55218 235
55219 235
55220 235
55221 235
55222 235
55223 235
55224 235
55225 235
55226 235
55227 235
55228 235
55229 235
55230 235
55231 235
55232 235
55233 235
55234 235
55235 235
55236 235
55237 235
55238 235
55239 235
55240 235
55241 235
55242 235
55243 235
55244 235
55245 235
55246 235
55247 235
55248 235
55249 235
55250 235
55251 235
55252 235
55253 235
55254 235
55255 235
55256 235
55257 235
55258 235
55259 235
55260 235
55261 235
55262 235
55263 235
55264 235
55265 235
55266 235
55267 235
55268 235
55269 235
55270 235
55271 235
55272 235
55273 235
55274 235
55275 235
55276 235
55277 235
55278 235
55279 235
55280 235
55281 235
55282 235
55283 235
55284 235
55285 235
55286 235
55287 235
55288 235
55289 235
55290 235
55291 235
55292 235
55293 235
55294 235
55295 235
55296 235
55297 235
55298 235
55299 235
55300 235
55301 235
55302 235
55303 235
55304 235
55305 235
55306 235
55307 235
55308 235
55309 235
55310 235
55311 235
55312 235
55313 235
55314 235
55315 235
55316 235
55317 235
55318 235
55319 235
55320 235
55321 235
55322 235
55323 235
55324 235
55325 235
55326 235
55327 235
55328 235
55329 235
55330 235
55331 235
55332 235
55333 235
55334 235
55335 235
55336 235
55337 235
55338 235
55339 235
55340 235
55341 235
55342 235
55343 235
55344 235
55345 235
55346 235
55347 235
55348 235
55349 235
55350 235
55351 235
55352 235
55353 235
55354 235
55355 235
55356 235
55357 235
55358 235
55359 235
55360 235
55361 235
55362 235
55363 235
55364 235
55365 235
55366 235
55367 235
55368 235
55369 235
55370 235
55371 235
55372 235
55373 235
55374 235
55375 235
55376 235
55377 235
55378 235
55379 235
55380 235
55381 235
55382 235
55383 235
55384 235
55385 235
55386 235
55387 235
55388 235
55389 235
55390 235
55391 235
55392 235
55393 235
55394 235
55395 235
55396 235
55397 235
55398 235
55399 235
55400 235
55401 235
55402 235
55403 235
55404 235
55405 235
55406 235
55407 235
55408 235
55409 235
55410 235
55411 235
55412 235
55413 235
55414 235
55415 235
55416 235
55417 235
55418 235
55419 235
55420 235
55421 235
55422 235
55423 235
55424 235
55425 235
55426 235
55427 235
55428 235
55429 235
55430 235
55431 235
55432 235
55433 235
55434 235
55435 235
55436 235
55437 235
55438 235
55439 235
55440 235
55441 235
55442 235
55443 235
55444 235
55445 235
55446 235
55447 235
55448 235
55449 235
55450 235
55451 235
55452 235
55453 235
55454 235
55455 235
55456 235
55457 235
55458 235
55459 235
55460 235
55461 236
55462 236
55463 236
55464 236
55465 236
55466 236
55467 236
55468 236
55469 236
55470 236
55471 236
55472 236
55473 236
55474 236
55475 236
55476 236
55477 236
55478 236
55479 236
55480 236
55481 236
55482 236
55483 236
55484 236
55485 236
55486 236
55487 236
55488 236
55489 236
55490 236
55491 236
55492 236
55493 236
55494 236
55495 236
55496 236
55497 236
55498 236
55499 236
55500 236
55501 236
55502 236
55503 236
55504 236
55505 236
55506 236
55507 236
55508 236
55509 236
55510 236
55511 236
55512 236
55513 236
55514 236
55515 236
55516 236
55517 236
55518 236
55519 236
55520 236
55521 236
55522 236
55523 236
55524 236
55525 236
55526 236
55527 236
55528 236
55529 236
55530 236
55531 236
55532 236
55533 236
55534 236
55535 236
55536 236
55537 236
55538 236
55539 236
55540 236
55541 236
55542 236
55543 236
55544 236
55545 236
55546 236
55547 236
55548 236
55549 236
55550 236
55551 236
55552 236
55553 236
55554 236
55555 236
55556 236
55557 236
55558 236
55559 236
55560 236
55561 236
55562 236
55563 236
55564 236
55565 236
55566 236
55567 236
55568 236
55569 236
55570 236
55571 236
55572 236
55573 236
55574 236
55575 236
55576 236
55577 236
55578 236
55579 236
55580 236
55581 236
55582 236
55583 236
55584 236
55585 236
55586 236
55587 236
55588 236
55589 236
55590 236
55591 236
55592 236
55593 236
55594 236
55595 236
55596 236
55597 236
55598 236
55599 236
55600 236
55601 236
55602 236
55603 236
55604 236
55605 236
55606 236
55607 236
55608 236
55609 236
55610 236
55611 236
55612 236
55613 236
55614 236
55615 236
55616 236
55617 236
55618 236
55619 236
55620 236
55621 236
55622 236
55623 236
55624 236
55625 236
55626 236
55627 236
55628 236
55629 236
55630 236
55631 236
55632 236
55633 236
55634 236
55635 236
55636 236
55637 236
55638 236
55639 236
55640 236
55641 236
55642 236
55643 236
55644 236
55645 236
55646 236
55647 236
55648 236
55649 236
55650 236
55651 236
55652 236
55653 236
55654 236
55655 236
55656 236
55657 236
55658 236
55659 236
55660 236
55661 236
55662 236
55663 236
55664 236
55665 236
55666 236
55667 236
55668 236
55669 236
55670 236
55671 236
55672 236
55673 236
55674 236
55675 236
55676 236
55677 236
55678 236
55679 236
55680 236
55681 236
55682 236
55683 236
55684 236
55685 236
55686 236
55687 236
55688 236
55689 236
55690 236
55691 236
55692 236
55693 236
55694 236
55695 236
55696 236
55697 236
55698 236
55699 236
55700 236
55701 236
55702 236
55703 236
55704 236
55705 236
55706 236
55707 236
55708 236
55709 236
55710 236
55711 236
55712 236
55713 236
55714 236
55715 236
55716 236
55717 236
55718 236
55719 236
55720 236
55721 236
55722 236
55723 236
55724 236
55725 236
55726 236
55727 236
55728 236
55729 236
55730 236
55731 236
55732 236
55733 236
55734 236
55735 236
55736 236
55737 236
55738 236
55739 236
55740 236
55741 236
55742 236
55743 236
55744 236
55745 236
55746 236
55747 236
55748 236
55749 236
55750 236
55751 236
55752 236
55753 236
55754 236
55755 236
55756 236
55757 236
55758 236
55759 236
55760 236
55761 236
55762 236
55763 236
55764 236
55765 236
55766 236
55767 236
55768 236
55769 236
55770 236
55771 236
55772 236
55773 236
55774 236
55775 236
55776 236
55777 236
55778 236
55779 236
55780 236
55781 236
55782 236
55783 236
55784 236
55785 236
55786 236
55787 236
55788 236
55789 236
55790 236
55791 236
55792 236
55793 236
55794 236
55795 236
55796 236
55797 236
55798 236
55799 236
55800 236
55801 236
55802 236
55803 236
55804 236
55805 236
55806 236
55807 236
55808 236
55809 236
55810 236
55811 236
55812 236
55813 236
55814 236
55815 236
55816 236
55817 236
55818 236
55819 236
55820 236
55821 236
55822 236
55823 236
55824 236
55825 236
55826 236
55827 236
55828 236
55829 236
55830 236
55831 236
55832 236
55833 236
55834 236
55835 236
55836 236
55837 236
55838 236
55839 236
55840 236
55841 236
55842 236
55843 236
55844 236
55845 236
55846 236
55847 236
55848 236
55849 236
55850 236
55851 236
55852 236
55853 236
55854 236
55855 236
55856 236
55857 236
55858 236
55859 236
55860 236
55861 236
55862 236
55863 236
55864 236
55865 236
55866 236
55867 236
55868 236
55869 236
55870 236
55871 236
55872 236
55873 236
55874 236
55875 236
55876 236
55877 236
55878 236
55879 236
55880 236
55881 236
55882 236
55883 236
55884 236
55885 236
55886 236
55887 236
55888 236
55889 236
55890 236
55891 236
55892 236
55893 236
55894 236
55895 236
55896 236
55897 236
55898 236
55899 236
55900 236
55901 236
55902 236
55903 236
55904 236
55905 236
55906 236
55907 236
55908 236
55909 236
55910 236
55911 236
55912 236
55913 236
55914 236
55915 236
55916 236
55917 236
55918 236
55919 236
55920 236
55921 236
55922 236
55923 236
55924 236
55925 236
55926 236
55927 236
55928 236
55929 236
55930 236
55931 236
55932 236
55933 237
55934 237
55935 237
55936 237
55937 237
55938 237
55939 237
55940 237
55941 237
55942 237
55943 237
55944 237
55945 237
55946 237
55947 237
55948 237
55949 237
55950 237
55951 237
55952 237
55953 237
55954 237
55955 237
55956 237
55957 237
55958 237
55959 237
55960 237
55961 237
55962 237
55963 237
55964 237
55965 237
55966 237
55967 237
55968 237
55969 237
55970 237
55971 237
55972 237
55973 237
55974 237
55975 237
55976 237
55977 237
55978 237
55979 237
55980 237
55981 237
55982 237
55983 237
55984 237
55985 237
55986 237
55987 237
55988 237
55989 237
55990 237
55991 237
55992 237
55993 237
55994 237
55995 237
55996 237
55997 237
55998 237
55999 237
56000 237
56001 237
56002 237
56003 237
56004 237
56005 237
56006 237
56007 237
56008 237
56009 237
56010 237
56011 237
56012 237
56013 237
56014 237
56015 237
56016 237
56017 237
56018 237
56019 237
56020 237
56021 237
56022 237
56023 237
56024 237
56025 237
56026 237
56027 237
56028 237
56029 237
56030 237
56031 237
56032 237
56033 237
56034 237
56035 237
56036 237
56037 237
56038 237
56039 237
56040 237
56041 237
56042 237
56043 237
56044 237
56045 237
56046 237
56047 237
56048 237
56049 237
56050 237
56051 237
56052 237
56053 237
56054 237
56055 237
56056 237
56057 237
56058 237
56059 237
56060 237
56061 237
56062 237
56063 237
56064 237
56065 237
56066 237
56067 237
56068 237
56069 237
56070 237
56071 237
56072 237
56073 237
56074 237
56075 237
56076 237
56077 237
56078 237
56079 237
56080 237
56081 237
56082 237
56083 237
56084 237
56085 237
56086 237
56087 237
56088 237
56089 237
56090 237
56091 237
56092 237
56093 237
56094 237
56095 237
56096 237
56097 237
56098 237
56099 237
56100 237
56101 237
56102 237
56103 237
56104 237
56105 237
56106 237
56107 237
56108 237
56109 237
56110 237
56111 237
56112 237
56113 237
56114 237
56115 237
56116 237
56117 237
56118 237
56119 237
56120 237
56121 237
56122 237
56123 237
56124 237
56125 237
56126 237
56127 237
56128 237
56129 237
56130 237
56131 237
56132 237
56133 237
56134 237
56135 237
56136 237
56137 237
56138 237
56139 237
56140 237
56141 237
56142 237
56143 237
56144 237
56145 237
56146 237
56147 237
56148 237
56149 237
56150 237
56151 237
56152 237
56153 237
56154 237
56155 237
56156 237
56157 237
56158 237
56159 237
56160 237
56161 237
56162 237
56163 237
56164 237
56165 237
56166 237
56167 237
56168 237
56169 237
56170 237
56171 237
56172 237
56173 237
56174 237
56175 237
56176 237
56177 237
56178 237
56179 237
56180 237
56181 237
56182 237
56183 237
56184 237
56185 237
56186 237
56187 237
56188 237
56189 237
56190 237
56191 237
56192 237
56193 237
56194 237
56195 237
56196 237
56197 237
56198 237
56199 237
56200 237
56201 237
56202 237
56203 237
56204 237
56205 237
56206 237
56207 237
56208 237
56209 237
56210 237
56211 237
56212 237
56213 237
56214 237
56215 237
56216 237
56217 237
56218 237
56219 237
56220 237
56221 237
56222 237
56223 237
56224 237
56225 237
56226 237
56227 237
56228 237
56229 237
56230 237
56231 237
56232 237
56233 237
56234 237
56235 237
56236 237
56237 237
56238 237
56239 237
56240 237
56241 237
56242 237
56243 237
56244 237
56245 237
56246 237
56247 237
56248 237
56249 237
56250 237
56251 237
56252 237
56253 237
56254 237
56255 237
56256 237
56257 237
56258 237
56259 237
56260 237
56261 237
56262 237
56263 237
56264 237
56265 237
56266 237
56267 237
56268 237
56269 237
56270 237
56271 237
56272 237
56273 237
56274 237
56275 237
56276 237
56277 237
56278 237
56279 237
56280 237
56281 237
56282 237
56283 237
56284 237
56285 237
56286 237
56287 237
56288 237
56289 237
56290 237
56291 237
56292 237
56293 237
56294 237
56295 237
56296 237
56297 237
56298 237
56299 237
56300 237
56301 237
56302 237
56303 237
56304 237
56305 237
56306 237
56307 237
56308 237
56309 237
56310 237
56311 237
56312 237
56313 237
56314 237
56315 237
56316 237
56317 237
56318 237
56319 237
56320 237
56321 237
56322 237
56323 237
56324 237
56325 237
56326 237
56327 237
56328 237
56329 237
56330 237
56331 237
56332 237
56333 237
56334 237
56335 237
56336 237
56337 237
56338 237
56339 237
56340 237
56341 237
56342 237
56343 237
56344 237
56345 237
56346 237
56347 237
56348 237
56349 237
56350 237
56351 237
56352 237
56353 237
56354 237
56355 237
56356 237
56357 237
56358 237
56359 237
56360 237
56361 237
56362 237
56363 237
56364 237
56365 237
56366 237
56367 237
56368 237
56369 237
56370 237
56371 237
56372 237
56373 237
56374 237
56375 237
56376 237
56377 237
56378 237
56379 237
56380 237
56381 237
56382 237
56383 237
56384 237
56385 237
56386 237
56387 237
56388 237
56389 237
56390 237
56391 237
56392 237
56393 237
56394 237
56395 237
56396 237
56397 237
56398 237
56399 237
56400 237
56401 237
56402 237
56403 237
56404 237
56405 237
56406 237
56407 238
56408 238
56409 238
56410 238
56411 238
56412 238
56413 238
56414 238
56415 238
56416 238
56417 238
56418 238
56419 238
56420 238
56421 238
56422 238
56423 238
56424 238
56425 238
56426 238
56427 238
56428 238
56429 238
56430 238
56431 238
56432 238
56433 238
56434 238
56435 238
56436 238
56437 238
56438 238
56439 238
56440 238
56441 238
56442 238
56443 238
56444 238
56445 238
56446 238
56447 238
56448 238
56449 238
56450 238
56451 238
56452 238
56453 238
56454 238
56455 238
56456 238
56457 238
56458 238
56459 238
56460 238
56461 238
56462 238
56463 238
56464 238
56465 238
56466 238
56467 238
56468 238
56469 238
56470 238
56471 238
56472 238
56473 238
56474 238
56475 238
56476 238
56477 238
56478 238
56479 238
56480 238
56481 238
56482 238
56483 238
56484 238
56485 238
56486 238
56487 238
56488 238
56489 238
56490 238
56491 238
56492 238
56493 238
56494 238
56495 238
56496 238
56497 238
56498 238
56499 238
56500 238
56501 238
56502 238
56503 238
56504 238
56505 238
56506 238
56507 238
56508 238
56509 238
56510 238
56511 238
56512 238
56513 238
56514 238
56515 238
56516 238
56517 238
56518 238
56519 238
56520 238
56521 238
56522 238
56523 238
56524 238
56525 238
56526 238
56527 238
56528 238
56529 238
56530 238
56531 238
56532 238
56533 238
56534 238
56535 238
56536 238
56537 238
56538 238
56539 238
56540 238
56541 238
56542 238
56543 238
56544 238
56545 238
56546 238
56547 238
56548 238
56549 238
56550 238
56551 238
56552 238
56553 238
56554 238
56555 238
56556 238
56557 238
56558 238
56559 238
56560 238
56561 238
56562 238
56563 238
56564 238
56565 238
56566 238
56567 238
56568 238
56569 238
56570 238
56571 238
56572 238
56573 238
56574 238
56575 238
56576 238
56577 238
56578 238
56579 238
56580 238
56581 238
56582 238
56583 238
56584 238
56585 238
56586 238
56587 238
56588 238
56589 238
56590 238
56591 238
56592 238
56593 238
56594 238
56595 238
56596 238
56597 238
56598 238
56599 238
56600 238
56601 238
56602 238
56603 238
56604 238
56605 238
56606 238
56607 238
56608 238
56609 238
56610 238
56611 238
56612 238
56613 238
56614 238
56615 238
56616 238
56617 238
56618 238
56619 238
56620 238
56621 238
56622 238
56623 238
56624 238
56625 238
56626 238
56627 238
56628 238
56629 238
56630 238
56631 238
56632 238
56633 238
56634 238
56635 238
56636 238
56637 238
56638 238
56639 238
56640 238
56641 238
56642 238
56643 238
56644 238
56645 238
56646 238
56647 238
56648 238
56649 238
56650 238
56651 238
56652 238
56653 238
56654 238
56655 238
56656 238
56657 238
56658 238
56659 238
56660 238
56661 238
56662 238
56663 238
56664 238
56665 238
56666 238
56667 238
56668 238
56669 238
56670 238
56671 238
56672 238
56673 238
56674 238
56675 238
56676 238
56677 238
56678 238
56679 238
56680 238
56681 238
56682 238
56683 238
56684 238
56685 238
56686 238
56687 238
56688 238
56689 238
56690 238
56691 238
56692 238
56693 238
56694 238
56695 238
56696 238
56697 238
56698 238
56699 238
56700 238
56701 238
56702 238
56703 238
56704 238
56705 238
56706 238
56707 238
56708 238
56709 238
56710 238
56711 238
56712 238
56713 238
56714 238
56715 238
56716 238
56717 238
56718 238
56719 238
56720 238
56721 238
56722 238
56723 238
56724 238
56725 238
56726 238
56727 238
56728 238
56729 238
56730 238
56731 238
56732 238
56733 238
56734 238
56735 238
56736 238
56737 238
56738 238
56739 238
56740 238
56741 238
56742 238
56743 238
56744 238
56745 238
56746 238
56747 238
56748 238
56749 238
56750 238
56751 238
56752 238
56753 238
56754 238
56755 238
56756 238
56757 238
56758 238
56759 238
56760 238
56761 238
56762 238
56763 238
56764 238
56765 238
56766 238
56767 238
56768 238
56769 238
56770 238
56771 238
56772 238
56773 238
56774 238
56775 238
56776 238
56777 238
56778 238
56779 238
56780 238
56781 238
56782 238
56783 238
56784 238
56785 238
56786 238
56787 238
56788 238
56789 238
56790 238
56791 238
56792 238
56793 238
56794 238
56795 238
56796 238
56797 238
56798 238
56799 238
56800 238
56801 238
56802 238
56803 238
56804 238
56805 238
56806 238
56807 238
56808 238
56809 238
56810 238
56811 238
56812 238
56813 238
56814 238
56815 238
56816 238
56817 238
56818 238
56819 238
56820 238
56821 238
56822 238
56823 238
56824 238
56825 238
56826 238
56827 238
56828 238
56829 238
56830 238
56831 238
56832 238
56833 238
56834 238
56835 238
56836 238
56837 238
56838 238
56839 238
56840 238
56841 238
56842 238
56843 238
56844 238
56845 238
56846 238
56847 238
56848 238
56849 238
56850 238
56851 238
56852 238
56853 238
56854 238
56855 238
56856 238
56857 238
56858 238
56859 238
56860 238
56861 238
56862 238
56863 238
56864 238
56865 238
56866 238
56867 238
56868 238
56869 238
56870 238
56871 238
56872 238
56873 238
56874 238
56875 238
56876 238
56877 238
56878 238
56879 238
56880 238
56881 238
56882 238
56883 239
56884 239
56885 239
56886 239
56887 239
56888 239
56889 239
56890 239
56891 239
56892 239
56893 239
56894 239
56895 239
56896 239
56897 239
56898 239
56899 239
56900 239
56901 239
56902 239
56903 239
56904 239
56905 239
56906 239
56907 239
56908 239
56909 239
56910 239
56911 239
56912 239
56913 239
56914 239
56915 239
56916 239
56917 239
56918 239
56919 239
56920 239
56921 239
56922 239
56923 239
56924 239
56925 239
56926 239
56927 239
56928 239
56929 239
56930 239
56931 239
56932 239
56933 239
56934 239
56935 239
56936 239
56937 239
56938 239
56939 239
56940 239
56941 239
56942 239
56943 239
56944 239
56945 239
56946 239
56947 239
56948 239
56949 239
56950 239
56951 239
56952 239
56953 239
56954 239
56955 239
56956 239
56957 239
56958 239
56959 239
56960 239
56961 239
56962 239
56963 239
56964 239
56965 239
56966 239
56967 239
56968 239
56969 239
56970 239
56971 239
56972 239
56973 239
56974 239
56975 239
56976 239
56977 239
56978 239
56979 239
56980 239
56981 239
56982 239
56983 239
56984 239
56985 239
56986 239
56987 239
56988 239
56989 239
56990 239
56991 239
56992 239
56993 239
56994 239
56995 239
56996 239
56997 239
56998 239
56999 239
57000 239
57001 239
57002 239
57003 239
57004 239
57005 239
57006 239
57007 239
57008 239
57009 239
57010 239
57011 239
57012 239
57013 239
57014 239
57015 239
57016 239
57017 239
57018 239
57019 239
57020 239
57021 239
57022 239
57023 239
57024 239
57025 239
57026 239
57027 239
57028 239
57029 239
57030 239
57031 239
57032 239
57033 239
57034 239
57035 239
57036 239
57037 239
57038 239
57039 239
57040 239
57041 239
57042 239
57043 239
57044 239
57045 239
57046 239
57047 239
57048 239
57049 239
57050 239
57051 239
57052 239
57053 239
57054 239
57055 239
57056 239
57057 239
57058 239
57059 239
57060 239
57061 239
57062 239
57063 239
57064 239
57065 239
57066 239
57067 239
57068 239
57069 239
57070 239
57071 239
57072 239
57073 239
57074 239
57075 239
57076 239
57077 239
57078 239
57079 239
57080 239
57081 239
57082 239
57083 239
57084 239
57085 239
57086 239
57087 239
57088 239
57089 239
57090 239
57091 239
57092 239
57093 239
57094 239
57095 239
57096 239
57097 239
57098 239
57099 239
57100 239
57101 239
57102 239
57103 239
57104 239
57105 239
57106 239
57107 239
57108 239
57109 239
57110 239
57111 239
57112 239
57113 239
57114 239
57115 239
57116 239
57117 239
57118 239
57119 239
57120 239
57121 239
57122 239
57123 239
57124 239
57125 239
57126 239
57127 239
57128 239
57129 239
57130 239
57131 239
57132 239
57133 239
57134 239
57135 239
57136 239
57137 239
57138 239
57139 239
57140 239
57141 239
57142 239
57143 239
57144 239
57145 239
57146 239
57147 239
57148 239
57149 239
57150 239
57151 239
57152 239
57153 239
57154 239
57155 239
57156 239
57157 239
57158 239
57159 239
57160 239
57161 239
57162 239
57163 239
57164 239
57165 239
57166 239
57167 239
57168 239
57169 239
57170 239
57171 239
57172 239
57173 239
57174 239
57175 239
57176 239
57177 239
57178 239
57179 239
57180 239
57181 239
57182 239
57183 239
57184 239
57185 239
57186 239
57187 239
57188 239
57189 239
57190 239
57191 239
57192 239
57193 239
57194 239
57195 239
57196 239
57197 239
57198 239
57199 239
57200 239
57201 239
57202 239
57203 239
57204 239
57205 239
57206 239
57207 239
57208 239
57209 239
57210 239
57211 239
57212 239
57213 239
57214 239
57215 239
57216 239
57217 239
57218 239
57219 239
57220 239
57221 239
57222 239
57223 239
57224 239
57225 239
57226 239
57227 239
57228 239
57229 239
57230 239
57231 239
57232 239
57233 239
57234 239
57235 239
57236 239
57237 239
57238 239
57239 239
57240 239
57241 239
57242 239
57243 239
57244 239
57245 239
57246 239
57247 239
57248 239
57249 239
57250 239
57251 239
57252 239
57253 239
57254 239
57255 239
57256 239
57257 239
57258 239
57259 239
57260 239
57261 239
57262 239
57263 239
57264 239
57265 239
57266 239
57267 239
57268 239
57269 239
57270 239
57271 239
57272 239
57273 239
57274 239
57275 239
57276 239
57277 239
57278 239
57279 239
57280 239
57281 239
57282 239
57283 239
57284 239
57285 239
57286 239
57287 239
57288 239
57289 239
57290 239
57291 239
57292 239
57293 239
57294 239
57295 239
57296 239
57297 239
57298 239
57299 239
57300 239
57301 239
57302 239
57303 239
57304 239
57305 239
57306 239
57307 239
57308 239
57309 239
57310 239
57311 239
57312 239
57313 239
57314 239
57315 239
57316 239
57317 239
57318 239
57319 239
57320 239
57321 239
57322 239
57323 239
57324 239
57325 239
57326 239
57327 239
57328 239
57329 239
57330 239
57331 239
57332 239
57333 239
57334 239
57335 239
57336 239
57337 239
57338 239
57339 239
57340 239
57341 239
57342 239
57343 239
57344 239
57345 239
57346 239
57347 239
57348 239
57349 239
57350 239
57351 239
57352 239
57353 239
57354 239
57355 239
57356 239
57357 239
57358 239
57359 239
57360 239
57361 240
57362 240
57363 240
57364 240
57365 240
57366 240
57367 240
57368 240
57369 240
57370 240
57371 240
57372 240
57373 240
57374 240
57375 240
57376 240
57377 240
57378 240
57379 240
57380 240
57381 240
57382 240
57383 240
57384 240
57385 240
57386 240
57387 240
57388 240
57389 240
57390 240
57391 240
57392 240
57393 240
57394 240
57395 240
57396 240
57397 240
57398 240
57399 240
57400 240
57401 240
57402 240
57403 240
57404 240
57405 240
57406 240
57407 240
57408 240
57409 240
57410 240
57411 240
57412 240
57413 240
57414 240
57415 240
57416 240
57417 240
57418 240
57419 240
57420 240
57421 240
57422 240
57423 240
57424 240
57425 240
57426 240
57427 240
57428 240
57429 240
57430 240
57431 240
57432 240
57433 240
57434 240
57435 240
57436 240
57437 240
57438 240
57439 240
57440 240
57441 240
57442 240
57443 240
57444 240
57445 240
57446 240
57447 240
57448 240
57449 240
57450 240
57451 240
57452 240
57453 240
57454 240
57455 240
57456 240
57457 240
57458 240
57459 240
57460 240
57461 240
57462 240
57463 240
57464 240
57465 240
57466 240
57467 240
57468 240
57469 240
57470 240
57471 240
57472 240
57473 240
57474 240
57475 240
57476 240
57477 240
57478 240
57479 240
57480 240
57481 240
57482 240
57483 240
57484 240
57485 240
57486 240
57487 240
57488 240
57489 240
57490 240
57491 240
57492 240
57493 240
57494 240
57495 240
57496 240
57497 240
57498 240
57499 240
57500 240
57501 240
57502 240
57503 240
57504 240
57505 240
57506 240
57507 240
57508 240
57509 240
57510 240
57511 240
57512 240
57513 240
57514 240
57515 240
57516 240
57517 240
57518 240
57519 240
57520 240
57521 240
57522 240
57523 240
57524 240
57525 240
57526 240
57527 240
57528 240
57529 240
57530 240
57531 240
57532 240
57533 240
57534 240
57535 240
57536 240
57537 240
57538 240
57539 240
57540 240
57541 240
57542 240
57543 240
57544 240
57545 240
57546 240
57547 240
57548 240
57549 240
57550 240
57551 240
57552 240
57553 240
57554 240
57555 240
57556 240
57557 240
57558 240
57559 240
57560 240
57561 240
57562 240
57563 240
57564 240
57565 240
57566 240
57567 240
57568 240
57569 240
57570 240
57571 240
57572 240
57573 240
57574 240
57575 240
57576 240
57577 240
57578 240
57579 240
57580 240
57581 240
57582 240
57583 240
57584 240
57585 240
57586 240
57587 240
57588 240
57589 240
57590 240
57591 240
57592 240
57593 240
57594 240
57595 240
57596 240
57597 240
57598 240
57599 240
57600 240
57601 240
57602 240
57603 240
57604 240
57605 240
57606 240
57607 240
57608 240
57609 240
57610 240
57611 240
57612 240
57613 240
57614 240
57615 240
57616 240
57617 240
57618 240
57619 240
57620 240
57621 240
57622 240
57623 240
57624 240
57625 240
57626 240
57627 240
57628 240
57629 240
57630 240
57631 240
57632 240
57633 240
57634 240
57635 240
57636 240
57637 240
57638 240
57639 240
57640 240
57641 240
57642 240
57643 240
57644 240
57645 240
57646 240
57647 240
57648 240
57649 240
57650 240
57651 240
57652 240
57653 240
57654 240
57655 240
57656 240
57657 240
57658 240
57659 240
57660 240
57661 240
57662 240
57663 240
57664 240
57665 240
57666 240
57667 240
57668 240
57669 240
57670 240
57671 240
57672 240
57673 240
57674 240
57675 240
57676 240
57677 240
57678 240
57679 240
57680 240
57681 240
57682 240
57683 240
57684 240
57685 240
57686 240
57687 240
57688 240
57689 240
57690 240
57691 240
57692 240
57693 240
57694 240
57695 240
57696 240
57697 240
57698 240
57699 240
57700 240
57701 240
57702 240
57703 240
57704 240
57705 240
57706 240
57707 240
57708 240
57709 240
57710 240
57711 240
57712 240
57713 240
57714 240
57715 240
57716 240
57717 240
57718 240
57719 240
57720 240
57721 240
57722 240
57723 240
57724 240
57725 240
57726 240
57727 240
57728 240
57729 240
57730 240
57731 240
57732 240
57733 240
57734 240
57735 240
57736 240
57737 240
57738 240
57739 240
57740 240
57741 240
57742 240
57743 240
57744 240
57745 240
57746 240
57747 240
57748 240
57749 240
57750 240
57751 240
57752 240
57753 240
57754 240
57755 240
57756 240
57757 240
57758 240
57759 240
57760 240
57761 240
57762 240
57763 240
57764 240
57765 240
57766 240
57767 240
57768 240
57769 240
57770 240
57771 240
57772 240
57773 240
57774 240
57775 240
57776 240
57777 240
57778 240
57779 240
57780 240
57781 240
57782 240
57783 240
57784 240
57785 240
57786 240
57787 240
57788 240
57789 240
57790 240
57791 240
57792 240
57793 240
57794 240
57795 240
57796 240
57797 240
57798 240
57799 240
57800 240
57801 240
57802 240
57803 240
57804 240
57805 240
57806 240
57807 240
57808 240
57809 240
57810 240
57811 240
57812 240
57813 240
57814 240
57815 240
57816 240
57817 240
57818 240
57819 240
57820 240
57821 240
57822 240
57823 240
57824 240
57825 240
57826 240
57827 240
57828 240
57829 240
57830 240
57831 240
57832 240
57833 240
57834 240
57835 240
57836 240
57837 240
57838 240
57839 240
57840 240
57841 241
57842 241
57843 241
57844 241
57845 241
57846 241
57847 241
57848 241
57849 241
57850 241
57851 241
57852 241
57853 241
57854 241
57855 241
57856 241
57857 241
57858 241
57859 241
57860 241
57861 241
57862 241
57863 241
57864 241
57865 241
57866 241
57867 241
57868 241
57869 241
57870 241
57871 241
57872 241
57873 241
57874 241
57875 241
57876 241
57877 241
57878 241
57879 241
57880 241
57881 241
57882 241
57883 241
57884 241
57885 241
57886 241
57887 241
57888 241
57889 241
57890 241
57891 241
57892 241
57893 241
57894 241
57895 241
57896 241
57897 241
57898 241
57899 241
57900 241
57901 241
57902 241
57903 241
57904 241
57905 241
57906 241
57907 241
57908 241
57909 241
57910 241
57911 241
57912 241
57913 241
57914 241
57915 241
57916 241
57917 241
57918 241
57919 241
57920 241
57921 241
57922 241
57923 241
57924 241
57925 241
57926 241
57927 241
57928 241
57929 241
57930 241
57931 241
57932 241
57933 241
57934 241
57935 241
57936 241
57937 241
57938 241
57939 241
57940 241
57941 241
57942 241
57943 241
57944 241
57945 241
57946 241
57947 241
57948 241
57949 241
57950 241
57951 241
57952 241
57953 241
57954 241
57955 241
57956 241
57957 241
57958 241
57959 241
57960 241
57961 241
57962 241
57963 241
57964 241
57965 241
57966 241
57967 241
57968 241
57969 241
57970 241
57971 241
57972 241
57973 241
57974 241
57975 241
57976 241
57977 241
57978 241
57979 241
57980 241
57981 241
57982 241
57983 241
57984 241
57985 241
57986 241
57987 241
57988 241
57989 241
57990 241
57991 241
57992 241
57993 241
57994 241
57995 241
57996 241
57997 241
57998 241
57999 241
58000 241
58001 241
58002 241
58003 241
58004 241
58005 241
58006 241
58007 241
58008 241
58009 241
58010 241
58011 241
58012 241
58013 241
58014 241
58015 241
58016 241
58017 241
58018 241
58019 241
58020 241
58021 241
58022 241
58023 241
58024 241
58025 241
58026 241
58027 241
58028 241
58029 241
58030 241
58031 241
58032 241
58033 241
58034 241
58035 241
58036 241
58037 241
58038 241
58039 241
58040 241
58041 241
58042 241
58043 241
58044 241
58045 241
58046 241
58047 241
58048 241
58049 241
58050 241
58051 241
58052 241
58053 241
58054 241
58055 241
58056 241
58057 241
58058 241
58059 241
58060 241
58061 241
58062 241
58063 241
58064 241
58065 241
58066 241
58067 241
58068 241
58069 241
58070 241
58071 241
58072 241
58073 241
58074 241
58075 241
58076 241
58077 241
58078 241
58079 241
58080 241
58081 241
58082 241
58083 241
58084 241
58085 241
58086 241
58087 241
58088 241
58089 241
58090 241
58091 241
58092 241
58093 241
58094 241
58095 241
58096 241
58097 241
58098 241
58099 241
58100 241
58101 241
58102 241
58103 241
58104 241
58105 241
58106 241
58107 241
58108 241
58109 241
58110 241
58111 241
58112 241
58113 241
58114 241
58115 241
58116 241
58117 241
58118 241
58119 241
58120 241
58121 241
58122 241
58123 241
58124 241
58125 241
58126 241
58127 241
58128 241
58129 241
58130 241
58131 241
58132 241
58133 241
58134 241
58135 241
58136 241
58137 241
58138 241
58139 241
58140 241
58141 241
58142 241
58143 241
58144 241
58145 241
58146 241
58147 241
58148 241
58149 241
58150 241
58151 241
58152 241
58153 241
58154 241
58155 241
58156 241
58157 241
58158 241
58159 241
58160 241
58161 241
58162 241
58163 241
58164 241
58165 241
58166 241
58167 241
58168 241
58169 241
58170 241
58171 241
58172 241
58173 241
58174 241
58175 241
58176 241
58177 241
58178 241
58179 241
58180 241
58181 241
58182 241
58183 241
58184 241
58185 241
58186 241
58187 241
58188 241
58189 241
58190 241
58191 241
58192 241
58193 241
58194 241
58195 241
58196 241
58197 241
58198 241
58199 241
58200 241
58201 241
58202 241
58203 241
58204 241
58205 241
58206 241
58207 241
58208 241
58209 241
58210 241
58211 241
58212 241
58213 241
58214 241
58215 241
58216 241
58217 241
58218 241
58219 241
58220 241
58221 241
58222 241
58223 241
58224 241
58225 241
58226 241
58227 241
58228 241
58229 241
58230 241
58231 241
58232 241
58233 241
58234 241
58235 241
58236 241
58237 241
58238 241
58239 241
58240 241
58241 241
58242 241
58243 241
58244 241
58245 241
58246 241
58247 241
58248 241
58249 241
58250 241
58251 241
58252 241
58253 241
58254 241
58255 241
58256 241
58257 241
58258 241
58259 241
58260 241
58261 241
58262 241
58263 241
58264 241
58265 241
58266 241
58267 241
58268 241
58269 241
58270 241
58271 241
58272 241
58273 241
58274 241
58275 241
58276 241
58277 241
58278 241
58279 241
58280 241
58281 241
58282 241
58283 241
58284 241
58285 241
58286 241
58287 241
58288 241
58289 241
58290 241
58291 241
58292 241
58293 241
58294 241
58295 241
58296 241
58297 241
58298 241
58299 241
58300 241
58301 241
58302 241
58303 241
58304 241
58305 241
58306 241
58307 241
58308 241
58309 241
58310 241
58311 241
58312 241
58313 241
58314 241
58315 241
58316 241
58317 241
58318 241
58319 241
58320 241
58321 241
58322 241
58323 242
58324 242
58325 242
58326 242
58327 242
58328 242
58329 242
58330 242
58331 242
58332 242
58333 242
58334 242
58335 242
58336 242
58337 242
58338 242
58339 242
58340 242
58341 242
58342 242
58343 242
58344 242
58345 242
58346 242
58347 242
58348 242
58349 242
58350 242
58351 242
58352 242
58353 242
58354 242
58355 242
58356 242
58357 242
58358 242
58359 242
58360 242
58361 242
58362 242
58363 242
58364 242
58365 242
58366 242
58367 242
58368 242
58369 242
58370 242
58371 242
58372 242
58373 242
58374 242
58375 242
58376 242
58377 242
58378 242
58379 242
58380 242
58381 242
58382 242
58383 242
58384 242
58385 242
58386 242
58387 242
58388 242
58389 242
58390 242
58391 242
58392 242
58393 242
58394 242
58395 242
58396 242
58397 242
58398 242
58399 242
58400 242
58401 242
58402 242
58403 242
58404 242
58405 242
58406 242
58407 242
58408 242
58409 242
58410 242
58411 242
58412 242
58413 242
58414 242
58415 242
58416 242
58417 242
58418 242
58419 242
58420 242
58421 242
58422 242
58423 242
58424 242
58425 242
58426 242
58427 242
58428 242
58429 242
58430 242
58431 242
58432 242
58433 242
58434 242
58435 242
58436 242
58437 242
58438 242
58439 242
58440 242
58441 242
58442 242
58443 242
58444 242
58445 242
58446 242
58447 242
58448 242
58449 242
58450 242
58451 242
58452 242
58453 242
58454 242
58455 242
58456 242
58457 242
58458 242
58459 242
58460 242
58461 242
58462 242
58463 242
58464 242
58465 242
58466 242
58467 242
58468 242
58469 242
58470 242
58471 242
58472 242
58473 242
58474 242
58475 242
58476 242
58477 242
58478 242
58479 242
58480 242
58481 242
58482 242
58483 242
58484 242
58485 242
58486 242
58487 242
58488 242
58489 242
58490 242
58491 242
58492 242
58493 242
58494 242
58495 242
58496 242
58497 242
58498 242
58499 242
58500 242
58501 242
58502 242
58503 242
58504 242
58505 242
58506 242
58507 242
58508 242
58509 242
58510 242
58511 242
58512 242
58513 242
58514 242
58515 242
58516 242
58517 242
58518 242
58519 242
58520 242
58521 242
58522 242
58523 242
58524 242
58525 242
58526 242
58527 242
58528 242
58529 242
58530 242
58531 242
58532 242
58533 242
58534 242
58535 242
58536 242
58537 242
58538 242
58539 242
58540 242
58541 242
58542 242
58543 242
58544 242
58545 242
58546 242
58547 242
58548 242
58549 242
58550 242
58551 242
58552 242
58553 242
58554 242
58555 242
58556 242
58557 242
58558 242
58559 242
58560 242
58561 242
58562 242
58563 242
58564 242
58565 242
58566 242
58567 242
58568 242
58569 242
58570 242
58571 242
58572 242
58573 242
58574 242
58575 242
58576 242
58577 242
58578 242
58579 242
58580 242
58581 242
58582 242
58583 242
58584 242
58585 242
58586 242
58587 242
58588 242
58589 242
58590 242
58591 242
58592 242
58593 242
58594 242
58595 242
58596 242
58597 242
58598 242
58599 242
58600 242
58601 242
58602 242
58603 242
58604 242
58605 242
58606 242
58607 242
58608 242
58609 242
58610 242
58611 242
58612 242
58613 242
58614 242
58615 242
58616 242
58617 242
58618 242
58619 242
58620 242
58621 242
58622 242
58623 242
58624 242
58625 242
58626 242
58627 242
58628 242
58629 242
58630 242
58631 242
58632 242
58633 242
58634 242
58635 242
58636 242
58637 242
58638 242
58639 242
58640 242
58641 242
58642 242
58643 242
58644 242
58645 242
58646 242
58647 242
58648 242
58649 242
58650 242
58651 242
58652 242
58653 242
58654 242
58655 242
58656 242
58657 242
58658 242
58659 242
58660 242
58661 242
58662 242
58663 242
58664 242
58665 242
58666 242
58667 242
58668 242
58669 242
58670 242
58671 242
58672 242
58673 242
58674 242
58675 242
58676 242
58677 242
58678 242
58679 242
58680 242
58681 242
58682 242
58683 242
58684 242
58685 242
58686 242
58687 242
58688 242
58689 242
58690 242
58691 242
58692 242
58693 242
58694 242
58695 242
58696 242
58697 242
58698 242
58699 242
58700 242
58701 242
58702 242
58703 242
58704 242
58705 242
58706 242
58707 242
58708 242
58709 242
58710 242
58711 242
58712 242
58713 242
58714 242
58715 242
58716 242
58717 242
58718 242
58719 242
58720 242
58721 242
58722 242
58723 242
58724 242
58725 242
58726 242
58727 242
58728 242
58729 242
58730 242
58731 242
58732 242
58733 242
58734 242
58735 242
58736 242
58737 242
58738 242
58739 242
58740 242
58741 242
58742 242
58743 242
58744 242
58745 242
58746 242
58747 242
58748 242
58749 242
58750 242
58751 242
58752 242
58753 242
58754 242
58755 242
58756 242
58757 242
58758 242
58759 242
58760 242
58761 242
58762 242
58763 242
58764 242
58765 242
58766 242
58767 242
58768 242
58769 242
58770 242
58771 242
58772 242
58773 242
58774 242
58775 242
58776 242
58777 242
58778 242
58779 242
58780 242
58781 242
58782 242
58783 242
58784 242
58785 242
58786 242
58787 242
58788 242
58789 242
58790 242
58791 242
58792 242
58793 242
58794 242
58795 242
58796 242
58797 242
58798 242
58799 242
58800 242
58801 242
58802 242
58803 242
58804 242
58805 242
58806 242
58807 243
58808 243
58809 243
58810 243
58811 243
58812 243
58813 243
58814 243
58815 243
58816 243
58817 243
58818 243
58819 243
58820 243
58821 243
58822 243
58823 243
58824 243
58825 243
58826 243
58827 243
58828 243
58829 243
58830 243
58831 243
58832 243
58833 243
58834 243
58835 243
58836 243
58837 243
58838 243
58839 243
58840 243
58841 243
58842 243
58843 243
58844 243
58845 243
58846 243
58847 243
58848 243
58849 243
58850 243
58851 243
58852 243
58853 243
58854 243
58855 243
58856 243
58857 243
58858 243
58859 243
58860 243
58861 243
58862 243
58863 243
58864 243
58865 243
58866 243
58867 243
58868 243
58869 243
58870 243
58871 243
58872 243
58873 243
58874 243
58875 243
58876 243
58877 243
58878 243
58879 243
58880 243
58881 243
58882 243
58883 243
58884 243
58885 243
58886 243
58887 243
58888 243
58889 243
58890 243
58891 243
58892 243
58893 243
58894 243
58895 243
58896 243
58897 243
58898 243
58899 243
58900 243
58901 243
58902 243
58903 243
58904 243
58905 243
58906 243
58907 243
58908 243
58909 243
58910 243
58911 243
58912 243
58913 243
58914 243
58915 243
58916 243
58917 243
58918 243
58919 243
58920 243
58921 243
58922 243
58923 243
58924 243
58925 243
58926 243
58927 243
58928 243
58929 243
58930 243
58931 243
58932 243
58933 243
58934 243
58935 243
58936 243
58937 243
58938 243
58939 243
58940 243
58941 243
58942 243
58943 243
58944 243
58945 243
58946 243
58947 243
58948 243
58949 243
58950 243
58951 243
58952 243
58953 243
58954 243
58955 243
58956 243
58957 243
58958 243
58959 243
58960 243
58961 243
58962 243
58963 243
58964 243
58965 243
58966 243
58967 243
58968 243
58969 243
58970 243
58971 243
58972 243
58973 243
58974 243
58975 243
58976 243
58977 243
58978 243
58979 243
58980 243
58981 243
58982 243
58983 243
58984 243
58985 243
58986 243
58987 243
58988 243
58989 243
58990 243
58991 243
58992 243
58993 243
58994 243
58995 243
58996 243
58997 243
58998 243
58999 243
59000 243
59001 243
59002 243
59003 243
59004 243
59005 243
59006 243
59007 243
59008 243
59009 243
59010 243
59011 243
59012 243
59013 243
59014 243
59015 243
59016 243
59017 243
59018 243
59019 243
59020 243
59021 243
59022 243
59023 243
59024 243
59025 243
59026 243
59027 243
59028 243
59029 243
59030 243
59031 243
59032 243
59033 243
59034 243
59035 243
59036 243
59037 243
59038 243
59039 243
59040 243
59041 243
59042 243
59043 243
59044 243
59045 243
59046 243
59047 243
59048 243
59049 243
59050 243
59051 243
59052 243
59053 243
59054 243
59055 243
59056 243
59057 243
59058 243
59059 243
59060 243
59061 243
59062 243
59063 243
59064 243
59065 243
59066 243
59067 243
59068 243
59069 243
59070 243
59071 243
59072 243
59073 243
59074 243
59075 243
59076 243
59077 243
59078 243
59079 243
59080 243
59081 243
59082 243
59083 243
59084 243
59085 243
59086 243
59087 243
59088 243
59089 243
59090 243
59091 243
59092 243
59093 243
59094 243
59095 243
59096 243
59097 243
59098 243
59099 243
59100 243
59101 243
59102 243
59103 243
59104 243
59105 243
59106 243
59107 243
59108 243
59109 243
59110 243
59111 243
59112 243
59113 243
59114 243
59115 243
59116 243
59117 243
59118 243
59119 243
59120 243
59121 243
59122 243
59123 243
59124 243
59125 243
59126 243
59127 243
59128 243
59129 243
59130 243
59131 243
59132 243
59133 243
59134 243
59135 243
59136 243
59137 243
59138 243
59139 243
59140 243
59141 243
59142 243
59143 243
59144 243
59145 243
59146 243
59147 243
59148 243
59149 243
59150 243
59151 243
59152 243
59153 243
59154 243
59155 243
59156 243
59157 243
59158 243
59159 243
59160 243
59161 243
59162 243
59163 243
59164 243
59165 243
59166 243
59167 243
59168 243
59169 243
59170 243
59171 243
59172 243
59173 243
59174 243
59175 243
59176 243
59177 243
59178 243
59179 243
59180 243
59181 243
59182 243
59183 243
59184 243
59185 243
59186 243
59187 243
59188 243
59189 243
59190 243
59191 243
59192 243
59193 243
59194 243
59195 243
59196 243
59197 243
59198 243
59199 243
59200 243
59201 243
59202 243
59203 243
59204 243
59205 243
59206 243
59207 243
59208 243
59209 243
59210 243
59211 243
59212 243
59213 243
59214 243
59215 243
59216 243
59217 243
59218 243
59219 243
59220 243
59221 243
59222 243
59223 243
59224 243
59225 243
59226 243
59227 243
59228 243
59229 243
59230 243
59231 243
59232 243
59233 243
59234 243
59235 243
59236 243
59237 243
59238 243
59239 243
59240 243
59241 243
59242 243
59243 243
59244 243
59245 243
59246 243
59247 243
59248 243
59249 243
59250 243
59251 243
59252 243
59253 243
59254 243
59255 243
59256 243
59257 243
59258 243
59259 243
59260 243
59261 243
59262 243
59263 243
59264 243
59265 243
59266 243
59267 243
59268 243
59269 243
59270 243
59271 243
59272 243
59273 243
59274 243
59275 243
59276 243
59277 243
59278 243
59279 243
59280 243
59281 243
59282 243
59283 243
59284 243
59285 243
59286 243
59287 243
59288 243
59289 243
59290 243
59291 243
59292 243
59293 244
59294 244
59295 244
59296 244
59297 244
59298 244
59299 244
59300 244
59301 244
59302 244
59303 244
59304 244
59305 244
59306 244
59307 244
59308 244
59309 244
59310 244
59311 244
59312 244
59313 244
59314 244
59315 244
59316 244
59317 244
59318 244
59319 244
59320 244
59321 244
59322 244
59323 244
59324 244
59325 244
59326 244
59327 244
59328 244
59329 244
59330 244
59331 244
59332 244
59333 244
59334 244
59335 244
59336 244
59337 244
59338 244
59339 244
59340 244
59341 244
59342 244
59343 244
59344 244
59345 244
59346 244
59347 244
59348 244
59349 244
59350 244
59351 244
59352 244
59353 244
59354 244
59355 244
59356 244
59357 244
59358 244
59359 244
59360 244
59361 244
59362 244
59363 244
59364 244
59365 244
59366 244
59367 244
59368 244
59369 244
59370 244
59371 244
59372 244
59373 244
59374 244
59375 244
59376 244
59377 244
59378 244
59379 244
59380 244
59381 244
59382 244
59383 244
59384 244
59385 244
59386 244
59387 244
59388 244
59389 244
59390 244
59391 244
59392 244
59393 244
59394 244
59395 244
59396 244
59397 244
59398 244
59399 244
59400 244
59401 244
59402 244
59403 244
59404 244
59405 244
59406 244
59407 244
59408 244
59409 244
59410 244
59411 244
59412 244
59413 244
59414 244
59415 244
59416 244
59417 244
59418 244
59419 244
59420 244
59421 244
59422 244
59423 244
59424 244
59425 244
59426 244
59427 244
59428 244
59429 244
59430 244
59431 244
59432 244
59433 244
59434 244
59435 244
59436 244
59437 244
59438 244
59439 244
59440 244
59441 244
59442 244
59443 244
59444 244
59445 244
59446 244
59447 244
59448 244
59449 244
59450 244
59451 244
59452 244
59453 244
59454 244
59455 244
59456 244
59457 244
59458 244
59459 244
59460 244
59461 244
59462 244
59463 244
59464 244
59465 244
59466 244
59467 244
59468 244
59469 244
59470 244
59471 244
59472 244
59473 244
59474 244
59475 244
59476 244
59477 244
59478 244
59479 244
59480 244
59481 244
59482 244
59483 244
59484 244
59485 244
59486 244
59487 244
59488 244
59489 244
59490 244
59491 244
59492 244
59493 244
59494 244
59495 244
59496 244
59497 244
59498 244
59499 244
59500 244
59501 244
59502 244
59503 244
59504 244
59505 244
59506 244
59507 244
59508 244
59509 244
59510 244
59511 244
59512 244
59513 244
59514 244
59515 244
59516 244
59517 244
59518 244
59519 244
59520 244
59521 244
59522 244
59523 244
59524 244
59525 244
59526 244
59527 244
59528 244
59529 244
59530 244
59531 244
59532 244
59533 244
59534 244
59535 244
59536 244
59537 244
59538 244
59539 244
59540 244
59541 244
59542 244
59543 244
59544 244
59545 244
59546 244
59547 244
59548 244
59549 244
59550 244
59551 244
59552 244
59553 244
59554 244
59555 244
59556 244
59557 244
59558 244
59559 244
59560 244
59561 244
59562 244
59563 244
59564 244
59565 244
59566 244
59567 244
59568 244
59569 244
59570 244
59571 244
59572 244
59573 244
59574 244
59575 244
59576 244
59577 244
59578 244
59579 244
59580 244
59581 244
59582 244
59583 244
59584 244
59585 244
59586 244
59587 244
59588 244
59589 244
59590 244
59591 244
59592 244
59593 244
59594 244
59595 244
59596 244
59597 244
59598 244
59599 244
59600 244
59601 244
59602 244
59603 244
59604 244
59605 244
59606 244
59607 244
59608 244
59609 244
59610 244
59611 244
59612 244
59613 244
59614 244
59615 244
59616 244
59617 244
59618 244
59619 244
59620 244
59621 244
59622 244
59623 244
59624 244
59625 244
59626 244
59627 244
59628 244
59629 244
59630 244
59631 244
59632 244
59633 244
59634 244
59635 244
59636 244
59637 244
59638 244
59639 244
59640 244
59641 244
59642 244
59643 244
59644 244
59645 244
59646 244
59647 244
59648 244
59649 244
59650 244
59651 244
59652 244
59653 244
59654 244
59655 244
59656 244
59657 244
59658 244
59659 244
59660 244
59661 244
59662 244
59663 244
59664 244
59665 244
59666 244
59667 244
59668 244
59669 244
59670 244
59671 244
59672 244
59673 244
59674 244
59675 244
59676 244
59677 244
59678 244
59679 244
59680 244
59681 244
59682 244
59683 244
59684 244
59685 244
59686 244
59687 244
59688 244
59689 244
59690 244
59691 244
59692 244
59693 244
59694 244
59695 244
59696 244
59697 244
59698 244
59699 244
59700 244
59701 244
59702 244
59703 244
59704 244
59705 244
59706 244
59707 244
59708 244
59709 244
59710 244
59711 244
59712 244
59713 244
59714 244
59715 244
59716 244
59717 244
59718 244
59719 244
59720 244
59721 244
59722 244
59723 244
59724 244
59725 244
59726 244
59727 244
59728 244
59729 244
59730 244
59731 244
59732 244
59733 244
59734 244
59735 244
59736 244
59737 244
59738 244
59739 244
59740 244
59741 244
59742 244
59743 244
59744 244
59745 244
59746 244
59747 244
59748 244
59749 244
59750 244
59751 244
59752 244
59753 244
59754 244
59755 244
59756 244
59757 244
59758 244
59759 244
59760 244
59761 244
59762 244
59763 244
59764 244
59765 244
59766 244
59767 244
59768 244
59769 244
59770 244
59771 244
59772 244
59773 244
59774 244
59775 244
59776 244
59777 244
59778 244
59779 244
59780 244
59781 245
59782 245
59783 245
59784 245
59785 245
59786 245
59787 245
59788 245
59789 245
59790 245
59791 245
59792 245
59793 245
59794 245
59795 245
59796 245
59797 245
59798 245
59799 245
59800 245
59801 245
59802 245
59803 245
59804 245
59805 245
59806 245
59807 245
59808 245
59809 245
59810 245
59811 245
59812 245
59813 245
59814 245
59815 245
59816 245
59817 245
59818 245
59819 245
59820 245
59821 245
59822 245
59823 245
59824 245
59825 245
59826 245
59827 245
59828 245
59829 245
59830 245
59831 245
59832 245
59833 245
59834 245
59835 245
59836 245
59837 245
59838 245
59839 245
59840 245
59841 245
59842 245
59843 245
59844 245
59845 245
59846 245
59847 245
59848 245
59849 245
59850 245
59851 245
59852 245
59853 245
59854 245
59855 245
59856 245
59857 245
59858 245
59859 245
59860 245
59861 245
59862 245
59863 245
59864 245
59865 245
59866 245
59867 245
59868 245
59869 245
59870 245
59871 245
59872 245
59873 245
59874 245
59875 245
59876 245
59877 245
59878 245
59879 245
59880 245
59881 245
59882 245
59883 245
59884 245
59885 245
59886 245
59887 245
59888 245
59889 245
59890 245
59891 245
59892 245
59893 245
59894 245
59895 245
59896 245
59897 245
59898 245
59899 245
59900 245
59901 245
59902 245
59903 245
59904 245
59905 245
59906 245
59907 245
59908 245
59909 245
59910 245
59911 245
59912 245
59913 245
59914 245
59915 245
59916 245
59917 245
59918 245
59919 245
59920 245
59921 245
59922 245
59923 245
59924 245
59925 245
59926 245
59927 245
59928 245
59929 245
59930 245
59931 245
59932 245
59933 245
59934 245
59935 245
59936 245
59937 245
59938 245
59939 245
59940 245
59941 245
59942 245
59943 245
59944 245
59945 245
59946 245
59947 245
59948 245
59949 245
59950 245
59951 245
59952 245
59953 245
59954 245
59955 245
59956 245
59957 245
59958 245
59959 245
59960 245
59961 245
59962 245
59963 245
59964 245
59965 245
59966 245
59967 245
59968 245
59969 245
59970 245
59971 245
59972 245
59973 245
59974 245
59975 245
59976 245
59977 245
59978 245
59979 245
59980 245
59981 245
59982 245
59983 245
59984 245
59985 245
59986 245
59987 245
59988 245
59989 245
59990 245
59991 245
59992 245
59993 245
59994 245
59995 245
59996 245
59997 245
59998 245
59999 245
60000 245
60001 245
60002 245
60003 245
60004 245
60005 245
60006 245
60007 245
60008 245
60009 245
60010 245
60011 245
60012 245
60013 245
60014 245
60015 245
60016 245
60017 245
60018 245
60019 245
60020 245
60021 245
60022 245
60023 245
60024 245
60025 245
60026 245
60027 245
60028 245
60029 245
60030 245
60031 245
60032 245
60033 245
60034 245
60035 245
60036 245
60037 245
60038 245
60039 245
60040 245
60041 245
60042 245
60043 245
60044 245
60045 245
60046 245
60047 245
60048 245
60049 245
60050 245
60051 245
60052 245
60053 245
60054 245
60055 245
60056 245
60057 245
60058 245
60059 245
60060 245
60061 245
60062 245
60063 245
60064 245
60065 245
60066 245
60067 245
60068 245
60069 245
60070 245
60071 245
60072 245
60073 245
60074 245
60075 245
60076 245
60077 245
60078 245
60079 245
60080 245
60081 245
60082 245
60083 245
60084 245
60085 245
60086 245
60087 245
60088 245
60089 245
60090 245
60091 245
60092 245
60093 245
60094 245
60095 245
60096 245
60097 245
60098 245
60099 245
60100 245
60101 245
60102 245
60103 245
60104 245
60105 245
60106 245
60107 245
60108 245
60109 245
60110 245
60111 245
60112 245
60113 245
60114 245
60115 245
60116 245
60117 245
60118 245
60119 245
60120 245
60121 245
60122 245
60123 245
60124 245
60125 245
60126 245
60127 245
60128 245
60129 245
60130 245
60131 245
60132 245
60133 245
60134 245
60135 245
60136 245
60137 245
60138 245
60139 245
60140 245
60141 245
60142 245
60143 245
60144 245
60145 245
60146 245
60147 245
60148 245
60149 245
60150 245
60151 245
60152 245
60153 245
60154 245
60155 245
60156 245
60157 245
60158 245
60159 245
60160 245
60161 245
60162 245
60163 245
60164 245
60165 245
60166 245
60167 245
60168 245
60169 245
60170 245
60171 245
60172 245
60173 245
60174 245
60175 245
60176 245
60177 245
60178 245
60179 245
60180 245
60181 245
60182 245
60183 245
60184 245
60185 245
60186 245
60187 245
60188 245
60189 245
60190 245
60191 245
60192 245
60193 245
60194 245
60195 245
60196 245
60197 245
60198 245
60199 245
60200 245
60201 245
60202 245
60203 245
60204 245
60205 245
60206 245
60207 245
60208 245
60209 245
60210 245
60211 245
60212 245
60213 245
60214 245
60215 245
60216 245
60217 245
60218 245
60219 245
60220 245
60221 245
60222 245
60223 245
60224 245
60225 245
60226 245
60227 245
60228 245
60229 245
60230 245
60231 245
60232 245
60233 245
60234 245
60235 245
60236 245
60237 245
60238 245
60239 245
60240 245
60241 245
60242 245
60243 245
60244 245
60245 245
60246 245
60247 245
60248 245
60249 245
60250 245
60251 245
60252 245
60253 245
60254 245
60255 245
60256 245
60257 245
60258 245
60259 245
60260 245
60261 245
60262 245
60263 245
60264 245
60265 245
60266 245
60267 245
60268 245
60269 245
60270 245
60271 246
60272 246
60273 246
60274 246
60275 246
60276 246
60277 246
60278 246
60279 246
60280 246
60281 246
60282 246
60283 246
60284 246
60285 246
60286 246
60287 246
60288 246
60289 246
60290 246
60291 246
60292 246
60293 246
60294 246
60295 246
60296 246
60297 246
60298 246
60299 246
60300 246
60301 246
60302 246
60303 246
60304 246
60305 246
60306 246
60307 246
60308 246
60309 246
60310 246
60311 246
60312 246
60313 246
60314 246
60315 246
60316 246
60317 246
60318 246
60319 246
60320 246
60321 246
60322 246
60323 246
60324 246
60325 246
60326 246
60327 246
60328 246
60329 246
60330 246
60331 246
60332 246
60333 246
60334 246
60335 246
60336 246
60337 246
60338 246
60339 246
60340 246
60341 246
60342 246
60343 246
60344 246
60345 246
60346 246
60347 246
60348 246
60349 246
60350 246
60351 246
60352 246
60353 246
60354 246
60355 246
60356 246
60357 246
60358 246
60359 246
60360 246
60361 246
60362 246
60363 246
60364 246
60365 246
60366 246
60367 246
60368 246
60369 246
60370 246
60371 246
60372 246
60373 246
60374 246
60375 246
60376 246
60377 246
60378 246
60379 246
60380 246
60381 246
60382 246
60383 246
60384 246
60385 246
60386 246
60387 246
60388 246
60389 246
60390 246
60391 246
60392 246
60393 246
60394 246
60395 246
60396 246
60397 246
60398 246
60399 246
60400 246
60401 246
60402 246
60403 246
60404 246
60405 246
60406 246
60407 246
60408 246
60409 246
60410 246
60411 246
60412 246
60413 246
60414 246
60415 246
60416 246
60417 246
60418 246
60419 246
60420 246
60421 246
60422 246
60423 246
60424 246
60425 246
60426 246
60427 246
60428 246
60429 246
60430 246
60431 246
60432 246
60433 246
60434 246
60435 246
60436 246
60437 246
60438 246
60439 246
60440 246
60441 246
60442 246
60443 246
60444 246
60445 246
60446 246
60447 246
60448 246
60449 246
60450 246
60451 246
60452 246
60453 246
60454 246
60455 246
60456 246
60457 246
60458 246
60459 246
60460 246
60461 246
60462 246
60463 246
60464 246
60465 246
60466 246
60467 246
60468 246
60469 246
60470 246
60471 246
60472 246
60473 246
60474 246
60475 246
60476 246
60477 246
60478 246
60479 246
60480 246
60481 246
60482 246
60483 246
60484 246
60485 246
60486 246
60487 246
60488 246
60489 246
60490 246
60491 246
60492 246
60493 246
60494 246
60495 246
60496 246
60497 246
60498 246
60499 246
60500 246
60501 246
60502 246
60503 246
60504 246
60505 246
60506 246
60507 246
60508 246
60509 246
60510 246
60511 246
60512 246
60513 246
60514 246
60515 246
60516 246
60517 246
60518 246
60519 246
60520 246
60521 246
60522 246
60523 246
60524 246
60525 246
60526 246
60527 246
60528 246
60529 246
60530 246
60531 246
60532 246
60533 246
60534 246
60535 246
60536 246
60537 246
60538 246
60539 246
60540 246
60541 246
60542 246
60543 246
60544 246
60545 246
60546 246
60547 246
60548 246
60549 246
60550 246
60551 246
60552 246
60553 246
60554 246
60555 246
60556 246
60557 246
60558 246
60559 246
60560 246
60561 246
60562 246
60563 246
60564 246
60565 246
60566 246
60567 246
60568 246
60569 246
60570 246
60571 246
60572 246
60573 246
60574 246
60575 246
60576 246
60577 246
60578 246
60579 246
60580 246
60581 246
60582 246
60583 246
60584 246
60585 246
60586 246
60587 246
60588 246
60589 246
60590 246
60591 246
60592 246
60593 246
60594 246
60595 246
60596 246
60597 246
60598 246
60599 246
60600 246
60601 246
60602 246
60603 246
60604 246
60605 246
60606 246
60607 246
60608 246
60609 246
60610 246
60611 246
60612 246
60613 246
60614 246
60615 246
60616 246
60617 246
60618 246
60619 246
60620 246
60621 246
60622 246
60623 246
60624 246
60625 246
60626 246
60627 246
60628 246
60629 246
60630 246
60631 246
60632 246
60633 246
60634 246
60635 246
60636 246
60637 246
60638 246
60639 246
60640 246
60641 246
60642 246
60643 246
60644 246
60645 246
60646 246
60647 246
60648 246
60649 246
60650 246
60651 246
60652 246
60653 246
60654 246
60655 246
60656 246
60657 246
60658 246
60659 246
60660 246
60661 246
60662 246
60663 246
60664 246
60665 246
60666 246
60667 246
60668 246
60669 246
60670 246
60671 246
60672 246
60673 246
60674 246
60675 246
60676 246
60677 246
60678 246
60679 246
60680 246
60681 246
60682 246
60683 246
60684 246
60685 246
60686 246
60687 246
60688 246
60689 246
60690 246
60691 246
60692 246
60693 246
60694 246
60695 246
60696 246
60697 246
60698 246
60699 246
60700 246
60701 246
60702 246
60703 246
60704 246
60705 246
60706 246
60707 246
60708 246
60709 246
60710 246
60711 246
60712 246
60713 246
60714 246
60715 246
60716 246
60717 246
60718 246
60719 246
60720 246
60721 246
60722 246
60723 246
60724 246
60725 246
60726 246
60727 246
60728 246
60729 246
60730 246
60731 246
60732 246
60733 246
60734 246
60735 246
60736 246
60737 246
60738 246
60739 246
60740 246
60741 246
60742 246
60743 246
60744 246
60745 246
60746 246
60747 246
60748 246
60749 246
60750 246
60751 246
60752 246
60753 246
60754 246
60755 246
60756 246
60757 246
60758 246
60759 246
60760 246
60761 246
60762 246
60763 247
60764 247
60765 247
60766 247
60767 247
60768 247
60769 247
60770 247
60771 247
60772 247
60773 247
60774 247
60775 247
60776 247
60777 247
60778 247
60779 247
60780 247
60781 247
60782 247
60783 247
60784 247
60785 247
60786 247
60787 247
60788 247
60789 247
60790 247
60791 247
60792 247
60793 247
60794 247
60795 247
60796 247
60797 247
60798 247
60799 247
60800 247
60801 247
60802 247
60803 247
60804 247
60805 247
60806 247
60807 247
60808 247
60809 247
60810 247
60811 247
60812 247
60813 247
60814 247
60815 247
60816 247
60817 247
60818 247
60819 247
60820 247
60821 247
60822 247
60823 247
60824 247
60825 247
60826 247
60827 247
60828 247
60829 247
60830 247
60831 247
60832 247
60833 247
60834 247
60835 247
60836 247
60837 247
60838 247
60839 247
60840 247
60841 247
60842 247
60843 247
60844 247
60845 247
60846 247
60847 247
60848 247
60849 247
60850 247
60851 247
60852 247
60853 247
60854 247
60855 247
60856 247
60857 247
60858 247
60859 247
60860 247
60861 247
60862 247
60863 247
60864 247
60865 247
60866 247
60867 247
60868 247
60869 247
60870 247
60871 247
60872 247
60873 247
60874 247
60875 247
60876 247
60877 247
60878 247
60879 247
60880 247
60881 247
60882 247
60883 247
60884 247
60885 247
60886 247
60887 247
60888 247
60889 247
60890 247
60891 247
60892 247
60893 247
60894 247
60895 247
60896 247
60897 247
60898 247
60899 247
60900 247
60901 247
60902 247
60903 247
60904 247
60905 247
60906 247
60907 247
60908 247
60909 247
60910 247
60911 247
60912 247
60913 247
60914 247
60915 247
60916 247
60917 247
60918 247
60919 247
60920 247
60921 247
60922 247
60923 247
60924 247
60925 247
60926 247
60927 247
60928 247
60929 247
60930 247
60931 247
60932 247
60933 247
60934 247
60935 247
60936 247
60937 247
60938 247
60939 247
60940 247
60941 247
60942 247
60943 247
60944 247
60945 247
60946 247
60947 247
60948 247
60949 247
60950 247
60951 247
60952 247
60953 247
60954 247
60955 247
60956 247
60957 247
60958 247
60959 247
60960 247
60961 247
60962 247
60963 247
60964 247
60965 247
60966 247
60967 247
60968 247
60969 247
60970 247
60971 247
60972 247
60973 247
60974 247
60975 247
60976 247
60977 247
60978 247
60979 247
60980 247
60981 247
60982 247
60983 247
60984 247
60985 247
60986 247
60987 247
60988 247
60989 247
60990 247
60991 247
60992 247
60993 247
60994 247
60995 247
60996 247
60997 247
60998 247
60999 247
61000 247
61001 247
61002 247
61003 247
61004 247
61005 247
61006 247
61007 247
61008 247
61009 247
61010 247
61011 247
61012 247
61013 247
61014 247
61015 247
61016 247
61017 247
61018 247
61019 247
61020 247
61021 247
61022 247
61023 247
61024 247
61025 247
61026 247
61027 247
61028 247
61029 247
61030 247
61031 247
61032 247
61033 247
61034 247
61035 247
61036 247
61037 247
61038 247
61039 247
61040 247
61041 247
61042 247
61043 247
61044 247
61045 247
61046 247
61047 247
61048 247
61049 247
61050 247
61051 247
61052 247
61053 247
61054 247
61055 247
61056 247
61057 247
61058 247
61059 247
61060 247
61061 247
61062 247
61063 247
61064 247
61065 247
61066 247
61067 247
61068 247
61069 247
61070 247
61071 247
61072 247
61073 247
61074 247
61075 247
61076 247
61077 247
61078 247
61079 247
61080 247
61081 247
61082 247
61083 247
61084 247
61085 247
61086 247
61087 247
61088 247
61089 247
61090 247
61091 247
61092 247
61093 247
61094 247
61095 247
61096 247
61097 247
61098 247
61099 247
61100 247
61101 247
61102 247
61103 247
61104 247
61105 247
61106 247
61107 247
61108 247
61109 247
61110 247
61111 247
61112 247
61113 247
61114 247
61115 247
61116 247
61117 247
61118 247
61119 247
61120 247
61121 247
61122 247
61123 247
61124 247
61125 247
61126 247
61127 247
61128 247
61129 247
61130 247
61131 247
61132 247
61133 247
61134 247
61135 247
61136 247
61137 247
61138 247
61139 247
61140 247
61141 247
61142 247
61143 247
61144 247
61145 247
61146 247
61147 247
61148 247
61149 247
61150 247
61151 247
61152 247
61153 247
61154 247
61155 247
61156 247
61157 247
61158 247
61159 247
61160 247
61161 247
61162 247
61163 247
61164 247
61165 247
61166 247
61167 247
61168 247
61169 247
61170 247
61171 247
61172 247
61173 247
61174 247
61175 247
61176 247
61177 247
61178 247
61179 247
61180 247
61181 247
61182 247
61183 247
61184 247
61185 247
61186 247
61187 247
61188 247
61189 247
61190 247
61191 247
61192 247
61193 247
61194 247
61195 247
61196 247
61197 247
61198 247
61199 247
61200 247
61201 247
61202 247
61203 247
61204 247
61205 247
61206 247
61207 247
61208 247
61209 247
61210 247
61211 247
61212 247
61213 247
61214 247
61215 247
61216 247
61217 247
61218 247
61219 247
61220 247
61221 247
61222 247
61223 247
61224 247
61225 247
61226 247
61227 247
61228 247
61229 247
61230 247
61231 247
61232 247
61233 247
61234 247
61235 247
61236 247
61237 247
61238 247
61239 247
61240 247
61241 247
61242 247
61243 247
61244 247
61245 247
61246 247
61247 247
61248 247
61249 247
61250 247
61251 247
61252 247
61253 247
61254 247
61255 247
61256 247
61257 248
61258 248
61259 248
61260 248
61261 248
61262 248
61263 248
61264 248
61265 248
61266 248
61267 248
61268 248
61269 248
61270 248
61271 248
61272 248
61273 248
61274 248
61275 248
61276 248
61277 248
61278 248
61279 248
61280 248
61281 248
61282 248
61283 248
61284 248
61285 248
61286 248
61287 248
61288 248
61289 248
61290 248
61291 248
61292 248
61293 248
61294 248
61295 248
61296 248
61297 248
61298 248
61299 248
61300 248
61301 248
61302 248
61303 248
61304 248
61305 248
61306 248
61307 248
61308 248
61309 248
61310 248
61311 248
61312 248
61313 248
61314 248
61315 248
61316 248
61317 248
61318 248
61319 248
61320 248
61321 248
61322 248
61323 248
61324 248
61325 248
61326 248
61327 248
61328 248
61329 248
61330 248
61331 248
61332 248
61333 248
61334 248
61335 248
61336 248
61337 248
61338 248
61339 248
61340 248
61341 248
61342 248
61343 248
61344 248
61345 248
61346 248
61347 248
61348 248
61349 248
61350 248
61351 248
61352 248
61353 248
61354 248
61355 248
61356 248
61357 248
61358 248
61359 248
61360 248
61361 248
61362 248
61363 248
61364 248
61365 248
61366 248
61367 248
61368 248
61369 248
61370 248
61371 248
61372 248
61373 248
61374 248
61375 248
61376 248
61377 248
61378 248
61379 248
61380 248
61381 248
61382 248
61383 248
61384 248
61385 248
61386 248
61387 248
61388 248
61389 248
61390 248
61391 248
61392 248
61393 248
61394 248
61395 248
61396 248
61397 248
61398 248
61399 248
61400 248
61401 248
61402 248
61403 248
61404 248
61405 248
61406 248
61407 248
61408 248
61409 248
61410 248
61411 248
61412 248
61413 248
61414 248
61415 248
61416 248
61417 248
61418 248
61419 248
61420 248
61421 248
61422 248
61423 248
61424 248
61425 248
61426 248
61427 248
61428 248
61429 248
61430 248
61431 248
61432 248
61433 248
61434 248
61435 248
61436 248
61437 248
61438 248
61439 248
61440 248
61441 248
61442 248
61443 248
61444 248
61445 248
61446 248
61447 248
61448 248
61449 248
61450 248
61451 248
61452 248
61453 248
61454 248
61455 248
61456 248
61457 248
61458 248
61459 248
61460 248
61461 248
61462 248
61463 248
61464 248
61465 248
61466 248
61467 248
61468 248
61469 248
61470 248
61471 248
61472 248
61473 248
61474 248
61475 248
61476 248
61477 248
61478 248
61479 248
61480 248
61481 248
61482 248
61483 248
61484 248
61485 248
61486 248
61487 248
61488 248
61489 248
61490 248
61491 248
61492 248
61493 248
61494 248
61495 248
61496 248
61497 248
61498 248
61499 248
61500 248
61501 248
61502 248
61503 248
61504 248
61505 248
61506 248
61507 248
61508 248
61509 248
61510 248
61511 248
61512 248
61513 248
61514 248
61515 248
61516 248
61517 248
61518 248
61519 248
61520 248
61521 248
61522 248
61523 248
61524 248
61525 248
61526 248
61527 248
61528 248
61529 248
61530 248
61531 248
61532 248
61533 248
61534 248
61535 248
61536 248
61537 248
61538 248
61539 248
61540 248
61541 248
61542 248
61543 248
61544 248
61545 248
61546 248
61547 248
61548 248
61549 248
61550 248
61551 248
61552 248
61553 248
61554 248
61555 248
61556 248
61557 248
61558 248
61559 248
61560 248
61561 248
61562 248
61563 248
61564 248
61565 248
61566 248
61567 248
61568 248
61569 248
61570 248
61571 248
61572 248
61573 248
61574 248
61575 248
61576 248
61577 248
61578 248
61579 248
61580 248
61581 248
61582 248
61583 248
61584 248
61585 248
61586 248
61587 248
61588 248
61589 248
61590 248
61591 248
61592 248
61593 248
61594 248
61595 248
61596 248
61597 248
61598 248
61599 248
61600 248
61601 248
61602 248
61603 248
61604 248
61605 248
61606 248
61607 248
61608 248
61609 248
61610 248
61611 248
61612 248
61613 248
61614 248
61615 248
61616 248
61617 248
61618 248
61619 248
61620 248
61621 248
61622 248
61623 248
61624 248
61625 248
61626 248
61627 248
61628 248
61629 248
61630 248
61631 248
61632 248
61633 248
61634 248
61635 248
61636 248
61637 248
61638 248
61639 248
61640 248
61641 248
61642 248
61643 248
61644 248
61645 248
61646 248
61647 248
61648 248
61649 248
61650 248
61651 248
61652 248
61653 248
61654 248
61655 248
61656 248
61657 248
61658 248
61659 248
61660 248
61661 248
61662 248
61663 248
61664 248
61665 248
61666 248
61667 248
61668 248
61669 248
61670 248
61671 248
61672 248
61673 248
61674 248
61675 248
61676 248
61677 248
61678 248
61679 248
61680 248
61681 248
61682 248
61683 248
61684 248
61685 248
61686 248
61687 248
61688 248
61689 248
61690 248
61691 248
61692 248
61693 248
61694 248
61695 248
61696 248
61697 248
61698 248
61699 248
61700 248
61701 248
61702 248
61703 248
61704 248
61705 248
61706 248
61707 248
61708 248
61709 248
61710 248
61711 248
61712 248
61713 248
61714 248
61715 248
61716 248
61717 248
61718 248
61719 248
61720 248
61721 248
61722 248
61723 248
61724 248
61725 248
61726 248
61727 248
61728 248
61729 248
61730 248
61731 248
61732 248
61733 248
61734 248
61735 248
61736 248
61737 248
61738 248
61739 248
61740 248
61741 248
61742 248
61743 248
61744 248
61745 248
61746 248
61747 248
61748 248
61749 248
61750 248
61751 248
61752 248
61753 249
61754 249
61755 249
61756 249
61757 249
61758 249
61759 249
61760 249
61761 249
61762 249
61763 249
61764 249
61765 249
61766 249
61767 249
61768 249
61769 249
61770 249
61771 249
61772 249
61773 249
61774 249
61775 249
61776 249
61777 249
61778 249
61779 249
61780 249
61781 249
61782 249
61783 249
61784 249
61785 249
61786 249
61787 249
61788 249
61789 249
61790 249
61791 249
61792 249
61793 249
61794 249
61795 249
61796 249
61797 249
61798 249
61799 249
61800 249
61801 249
61802 249
61803 249
61804 249
61805 249
61806 249
61807 249
61808 249
61809 249
61810 249
61811 249
61812 249
61813 249
61814 249
61815 249
61816 249
61817 249
61818 249
61819 249
61820 249
61821 249
61822 249
61823 249
61824 249
61825 249
61826 249
61827 249
61828 249
61829 249
61830 249
61831 249
61832 249
61833 249
61834 249
61835 249
61836 249
61837 249
61838 249
61839 249
61840 249
61841 249
61842 249
61843 249
61844 249
61845 249
61846 249
61847 249
61848 249
61849 249
61850 249
61851 249
61852 249
61853 249
61854 249
61855 249
61856 249
61857 249
61858 249
61859 249
61860 249
61861 249
61862 249
61863 249
61864 249
61865 249
61866 249
61867 249
61868 249
61869 249
61870 249
61871 249
61872 249
61873 249
61874 249
61875 249
61876 249
61877 249
61878 249
61879 249
61880 249
61881 249
61882 249
61883 249
61884 249
61885 249
61886 249
61887 249
61888 249
61889 249
61890 249
61891 249
61892 249
61893 249
61894 249
61895 249
61896 249
61897 249
61898 249
61899 249
61900 249
61901 249
61902 249
61903 249
61904 249
61905 249
61906 249
61907 249
61908 249
61909 249
61910 249
61911 249
61912 249
61913 249
61914 249
61915 249
61916 249
61917 249
61918 249
61919 249
61920 249
61921 249
61922 249
61923 249
61924 249
61925 249
61926 249
61927 249
61928 249
61929 249
61930 249
61931 249
61932 249
61933 249
61934 249
61935 249
61936 249
61937 249
61938 249
61939 249
61940 249
61941 249
61942 249
61943 249
61944 249
61945 249
61946 249
61947 249
61948 249
61949 249
61950 249
61951 249
61952 249
61953 249
61954 249
61955 249
61956 249
61957 249
61958 249
61959 249
61960 249
61961 249
61962 249
61963 249
61964 249
61965 249
61966 249
61967 249
61968 249
61969 249
61970 249
61971 249
61972 249
61973 249
61974 249
61975 249
61976 249
61977 249
61978 249
61979 249
61980 249
61981 249
61982 249
61983 249
61984 249
61985 249
61986 249
61987 249
61988 249
61989 249
61990 249
61991 249
61992 249
61993 249
61994 249
61995 249
61996 249
61997 249
61998 249
61999 249
62000 249
62001 249
62002 249
62003 249
62004 249
62005 249
62006 249
62007 249
62008 249
62009 249
62010 249
62011 249
62012 249
62013 249
62014 249
62015 249
62016 249
62017 249
62018 249
62019 249
62020 249
62021 249
62022 249
62023 249
62024 249
62025 249
62026 249
62027 249
62028 249
62029 249
62030 249
62031 249
62032 249
62033 249
62034 249
62035 249
62036 249
62037 249
62038 249
62039 249
62040 249
62041 249
62042 249
62043 249
62044 249
62045 249
62046 249
62047 249
62048 249
62049 249
62050 249
62051 249
62052 249
62053 249
62054 249
62055 249
62056 249
62057 249
62058 249
62059 249
62060 249
62061 249
62062 249
62063 249
62064 249
62065 249
62066 249
62067 249
62068 249
62069 249
62070 249
62071 249
62072 249
62073 249
62074 249
62075 249
62076 249
62077 249
62078 249
62079 249
62080 249
62081 249
62082 249
62083 249
62084 249
62085 249
62086 249
62087 249
62088 249
62089 249
62090 249
62091 249
62092 249
62093 249
62094 249
62095 249
62096 249
62097 249
62098 249
62099 249
62100 249
62101 249
62102 249
62103 249
62104 249
62105 249
62106 249
62107 249
62108 249
62109 249
62110 249
62111 249
62112 249
62113 249
62114 249
62115 249
62116 249
62117 249
62118 249
62119 249
62120 249
62121 249
62122 249
62123 249
62124 249
62125 249
62126 249
62127 249
62128 249
62129 249
62130 249
62131 249
62132 249
62133 249
62134 249
62135 249
62136 249
62137 249
62138 249
62139 249
62140 249
62141 249
62142 249
62143 249
62144 249
62145 249
62146 249
62147 249
62148 249
62149 249
62150 249
62151 249
62152 249
62153 249
62154 249
62155 249
62156 249
62157 249
62158 249
62159 249
62160 249
62161 249
62162 249
62163 249
62164 249
62165 249
62166 249
62167 249
62168 249
62169 249
62170 249
62171 249
62172 249
62173 249
62174 249
62175 249
62176 249
62177 249
62178 249
62179 249
62180 249
62181 249
62182 249
62183 249
62184 249
62185 249
62186 249
62187 249
62188 249
62189 249
62190 249
62191 249
62192 249
62193 249
62194 249
62195 249
62196 249
62197 249
62198 249
62199 249
62200 249
62201 249
62202 249
62203 249
62204 249
62205 249
62206 249
62207 249
62208 249
62209 249
62210 249
62211 249
62212 249
62213 249
62214 249
62215 249
62216 249
62217 249
62218 249
62219 249
62220 249
62221 249
62222 249
62223 249
62224 249
62225 249
62226 249
62227 249
62228 249
62229 249
62230 249
62231 249
62232 249
62233 249
62234 249
62235 249
62236 249
62237 249
62238 249
62239 249
62240 249
62241 249
62242 249
62243 249
62244 249
62245 249
62246 249
62247 249
62248 249
62249 249
62250 249
62251 250
62252 250
62253 250
62254 250
62255 250
62256 250
62257 250
62258 250
62259 250
62260 250
62261 250
62262 250
62263 250
62264 250
62265 250
62266 250
62267 250
62268 250
62269 250
62270 250
62271 250
62272 250
62273 250
62274 250
62275 250
62276 250
62277 250
62278 250
62279 250
62280 250
62281 250
62282 250
62283 250
62284 250
62285 250
62286 250
62287 250
62288 250
62289 250
62290 250
62291 250
62292 250
62293 250
62294 250
62295 250
62296 250
62297 250
62298 250
62299 250
62300 250
62301 250
62302 250
62303 250
62304 250
62305 250
62306 250
62307 250
62308 250
62309 250
62310 250
62311 250
62312 250
62313 250
62314 250
62315 250
62316 250
62317 250
62318 250
62319 250
62320 250
62321 250
62322 250
62323 250
62324 250
62325 250
62326 250
62327 250
62328 250
62329 250
62330 250
62331 250
62332 250
62333 250
62334 250
62335 250
62336 250
62337 250
62338 250
62339 250
62340 250
62341 250
62342 250
62343 250
62344 250
62345 250
62346 250
62347 250
62348 250
62349 250
62350 250
62351 250
62352 250
62353 250
62354 250
62355 250
62356 250
62357 250
62358 250
62359 250
62360 250
62361 250
62362 250
62363 250
62364 250
62365 250
62366 250
62367 250
62368 250
62369 250
62370 250
62371 250
62372 250
62373 250
62374 250
62375 250
62376 250
62377 250
62378 250
62379 250
62380 250
62381 250
62382 250
62383 250
62384 250
62385 250
62386 250
62387 250
62388 250
62389 250
62390 250
62391 250
62392 250
62393 250
62394 250
62395 250
62396 250
62397 250
62398 250
62399 250
62400 250
62401 250
62402 250
62403 250
62404 250
62405 250
62406 250
62407 250
62408 250
62409 250
62410 250
62411 250
62412 250
62413 250
62414 250
62415 250
62416 250
62417 250
62418 250
62419 250
62420 250
62421 250
62422 250
62423 250
62424 250
62425 250
62426 250
62427 250
62428 250
62429 250
62430 250
62431 250
62432 250
62433 250
62434 250
62435 250
62436 250
62437 250
62438 250
62439 250
62440 250
62441 250
62442 250
62443 250
62444 250
62445 250
62446 250
62447 250
62448 250
62449 250
62450 250
62451 250
62452 250
62453 250
62454 250
62455 250
62456 250
62457 250
62458 250
62459 250
62460 250
62461 250
62462 250
62463 250
62464 250
62465 250
62466 250
62467 250
62468 250
62469 250
62470 250
62471 250
62472 250
62473 250
62474 250
62475 250
62476 250
62477 250
62478 250
62479 250
62480 250
62481 250
62482 250
62483 250
62484 250
62485 250
62486 250
62487 250
62488 250
62489 250
62490 250
62491 250
62492 250
62493 250
62494 250
62495 250
62496 250
62497 250
62498 250
62499 250
62500 250
62501 250
62502 250
62503 250
62504 250
62505 250
62506 250
62507 250
62508 250
62509 250
62510 250
62511 250
62512 250
62513 250
62514 250
62515 250
62516 250
62517 250
62518 250
62519 250
62520 250
62521 250
62522 250
62523 250
62524 250
62525 250
62526 250
62527 250
62528 250
62529 250
62530 250
62531 250
62532 250
62533 250
62534 250
62535 250
62536 250
62537 250
62538 250
62539 250
62540 250
62541 250
62542 250
62543 250
62544 250
62545 250
62546 250
62547 250
62548 250
62549 250
62550 250
62551 250
62552 250
62553 250
62554 250
62555 250
62556 250
62557 250
62558 250
62559 250
62560 250
62561 250
62562 250
62563 250
62564 250
62565 250
62566 250
62567 250
62568 250
62569 250
62570 250
62571 250
62572 250
62573 250
62574 250
62575 250
62576 250
62577 250
62578 250
62579 250
62580 250
62581 250
62582 250
62583 250
62584 250
62585 250
62586 250
62587 250
62588 250
62589 250
62590 250
62591 250
62592 250
62593 250
62594 250
62595 250
62596 250
62597 250
62598 250
62599 250
62600 250
62601 250
62602 250
62603 250
62604 250
62605 250
62606 250
62607 250
62608 250
62609 250
62610 250
62611 250
62612 250
62613 250
62614 250
62615 250
62616 250
62617 250
62618 250
62619 250
62620 250
62621 250
62622 250
62623 250
62624 250
62625 250
62626 250
62627 250
62628 250
62629 250
62630 250
62631 250
62632 250
62633 250
62634 250
62635 250
62636 250
62637 250
62638 250
62639 250
62640 250
62641 250
62642 250
62643 250
62644 250
62645 250
62646 250
62647 250
62648 250
62649 250
62650 250
62651 250
62652 250
62653 250
62654 250
62655 250
62656 250
62657 250
62658 250
62659 250
62660 250
62661 250
62662 250
62663 250
62664 250
62665 250
62666 250
62667 250
62668 250
62669 250
62670 250
62671 250
62672 250
62673 250
62674 250
62675 250
62676 250
62677 250
62678 250
62679 250
62680 250
62681 250
62682 250
62683 250
62684 250
62685 250
62686 250
62687 250
62688 250
62689 250
62690 250
62691 250
62692 250
62693 250
62694 250
62695 250
62696 250
62697 250
62698 250
62699 250
62700 250
62701 250
62702 250
62703 250
62704 250
62705 250
62706 250
62707 250
62708 250
62709 250
62710 250
62711 250
62712 250
62713 250
62714 250
62715 250
62716 250
62717 250
62718 250
62719 250
62720 250
62721 250
62722 250
62723 250
62724 250
62725 250
62726 250
62727 250
62728 250
62729 250
62730 250
62731 250
62732 250
62733 250
62734 250
62735 250
62736 250
62737 250
62738 250
62739 250
62740 250
62741 250
62742 250
62743 250
62744 250
62745 250
62746 250
62747 250
62748 250
62749 250
62750 250
62751 251
62752 251
62753 251
62754 251
62755 251
62756 251
62757 251
62758 251
62759 251
62760 251
62761 251
62762 251
62763 251
62764 251
62765 251
62766 251
62767 251
62768 251
62769 251
62770 251
62771 251
62772 251
62773 251
62774 251
62775 251
62776 251
62777 251
62778 251
62779 251
62780 251
62781 251
62782 251
62783 251
62784 251
62785 251
62786 251
62787 251
62788 251
62789 251
62790 251
62791 251
62792 251
62793 251
62794 251
62795 251
62796 251
62797 251
62798 251
62799 251
62800 251
62801 251
62802 251
62803 251
62804 251
62805 251
62806 251
62807 251
62808 251
62809 251
62810 251
62811 251
62812 251
62813 251
62814 251
62815 251
62816 251
62817 251
62818 251
62819 251
62820 251
62821 251
62822 251
62823 251
62824 251
62825 251
62826 251
62827 251
62828 251
62829 251
62830 251
62831 251
62832 251
62833 251
62834 251
62835 251
62836 251
62837 251
62838 251
62839 251
62840 251
62841 251
62842 251
62843 251
62844 251
62845 251
62846 251
62847 251
62848 251
62849 251
62850 251
62851 251
62852 251
62853 251
62854 251
62855 251
62856 251
62857 251
62858 251
62859 251
62860 251
62861 251
62862 251
62863 251
62864 251
62865 251
62866 251
62867 251
62868 251
62869 251
62870 251
62871 251
62872 251
62873 251
62874 251
62875 251
62876 251
62877 251
62878 251
62879 251
62880 251
62881 251
62882 251
62883 251
62884 251
62885 251
62886 251
62887 251
62888 251
62889 251
62890 251
62891 251
62892 251
62893 251
62894 251
62895 251
62896 251
62897 251
62898 251
62899 251
62900 251
62901 251
62902 251
62903 251
62904 251
62905 251
62906 251
62907 251
62908 251
62909 251
62910 251
62911 251
62912 251
62913 251
62914 251
62915 251
62916 251
62917 251
62918 251
62919 251
62920 251
62921 251
62922 251
62923 251
62924 251
62925 251
62926 251
62927 251
62928 251
62929 251
62930 251
62931 251
62932 251
62933 251
62934 251
62935 251
62936 251
62937 251
62938 251
62939 251
62940 251
62941 251
62942 251
62943 251
62944 251
62945 251
62946 251
62947 251
62948 251
62949 251
62950 251
62951 251
62952 251
62953 251
62954 251
62955 251
62956 251
62957 251
62958 251
62959 251
62960 251
62961 251
62962 251
62963 251
62964 251
62965 251
62966 251
62967 251
62968 251
62969 251
62970 251
62971 251
62972 251
62973 251
62974 251
62975 251
62976 251
62977 251
62978 251
62979 251
62980 251
62981 251
62982 251
62983 251
62984 251
62985 251
62986 251
62987 251
62988 251
62989 251
62990 251
62991 251
62992 251
62993 251
62994 251
62995 251
62996 251
62997 251
62998 251
62999 251
63000 251
63001 251
63002 251
63003 251
63004 251
63005 251
63006 251
63007 251
63008 251
63009 251
63010 251
63011 251
63012 251
63013 251
63014 251
63015 251
63016 251
63017 251
63018 251
63019 251
63020 251
63021 251
63022 251
63023 251
63024 251
63025 251
63026 251
63027 251
63028 251
63029 251
63030 251
63031 251
63032 251
63033 251
63034 251
63035 251
63036 251
63037 251
63038 251
63039 251
63040 251
63041 251
63042 251
63043 251
63044 251
63045 251
63046 251
63047 251
63048 251
63049 251
63050 251
63051 251
63052 251
63053 251
63054 251
63055 251
63056 251
63057 251
63058 251
63059 251
63060 251
63061 251
63062 251
63063 251
63064 251
63065 251
63066 251
63067 251
63068 251
63069 251
63070 251
63071 251
63072 251
63073 251
63074 251
63075 251
63076 251
63077 251
63078 251
63079 251
63080 251
63081 251
63082 251
63083 251
63084 251
63085 251
63086 251
63087 251
63088 251
63089 251
63090 251
63091 251
63092 251
63093 251
63094 251
63095 251
63096 251
63097 251
63098 251
63099 251
63100 251
63101 251
63102 251
63103 251
63104 251
63105 251
63106 251
63107 251
63108 251
63109 251
63110 251
63111 251
63112 251
63113 251
63114 251
63115 251
63116 251
63117 251
63118 251
63119 251
63120 251
63121 251
63122 251
63123 251
63124 251
63125 251
63126 251
63127 251
63128 251
63129 251
63130 251
63131 251
63132 251
63133 251
63134 251
63135 251
63136 251
63137 251
63138 251
63139 251
63140 251
63141 251
63142 251
63143 251
63144 251
63145 251
63146 251
63147 251
63148 251
63149 251
63150 251
63151 251
63152 251
63153 251
63154 251
63155 251
63156 251
63157 251
63158 251
63159 251
63160 251
63161 251
63162 251
63163 251
63164 251
63165 251
63166 251
63167 251
63168 251
63169 251
63170 251
63171 251
63172 251
63173 251
63174 251
63175 251
63176 251
63177 251
63178 251
63179 251
63180 251
63181 251
63182 251
63183 251
63184 251
63185 251
63186 251
63187 251
63188 251
63189 251
63190 251
63191 251
63192 251
63193 251
63194 251
63195 251
63196 251
63197 251
63198 251
63199 251
63200 251
63201 251
63202 251
63203 251
63204 251
63205 251
63206 251
63207 251
63208 251
63209 251
63210 251
63211 251
63212 251
63213 251
63214 251
63215 251
63216 251
63217 251
63218 251
63219 251
63220 251
63221 251
63222 251
63223 251
63224 251
63225 251
63226 251
63227 251
63228 251
63229 251
63230 251
63231 251
63232 251
63233 251
63234 251
63235 251
63236 251
63237 251
63238 251
63239 251
63240 251
63241 251
63242 251
63243 251
63244 251
63245 251
63246 251
63247 251
63248 251
63249 251
63250 251
63251 251
63252 251
63253 252
63254 252
63255 252
63256 252
63257 252
63258 252
63259 252
63260 252
63261 252
63262 252
63263 252
63264 252
63265 252
63266 252
63267 252
63268 252
63269 252
63270 252
63271 252
63272 252
63273 252
63274 252
63275 252
63276 252
63277 252
63278 252
63279 252
63280 252
63281 252
63282 252
63283 252
63284 252
63285 252
63286 252
63287 252
63288 252
63289 252
63290 252
63291 252
63292 252
63293 252
63294 252
63295 252
63296 252
63297 252
63298 252
63299 252
63300 252
63301 252
63302 252
63303 252
63304 252
63305 252
63306 252
63307 252
63308 252
63309 252
63310 252
63311 252
63312 252
63313 252
63314 252
63315 252
63316 252
63317 252
63318 252
63319 252
63320 252
63321 252
63322 252
63323 252
63324 252
63325 252
63326 252
63327 252
63328 252
63329 252
63330 252
63331 252
63332 252
63333 252
63334 252
63335 252
63336 252
63337 252
63338 252
63339 252
63340 252
63341 252
63342 252
63343 252
63344 252
63345 252
63346 252
63347 252
63348 252
63349 252
63350 252
63351 252
63352 252
63353 252
63354 252
63355 252
63356 252
63357 252
63358 252
63359 252
63360 252
63361 252
63362 252
63363 252
63364 252
63365 252
63366 252
63367 252
63368 252
63369 252
63370 252
63371 252
63372 252
63373 252
63374 252
63375 252
63376 252
63377 252
63378 252
63379 252
63380 252
63381 252
63382 252
63383 252
63384 252
63385 252
63386 252
63387 252
63388 252
63389 252
63390 252
63391 252
63392 252
63393 252
63394 252
63395 252
63396 252
63397 252
63398 252
63399 252
63400 252
63401 252
63402 252
63403 252
63404 252
63405 252
63406 252
63407 252
63408 252
63409 252
63410 252
63411 252
63412 252
63413 252
63414 252
63415 252
63416 252
63417 252
63418 252
63419 252
63420 252
63421 252
63422 252
63423 252
63424 252
63425 252
63426 252
63427 252
63428 252
63429 252
63430 252
63431 252
63432 252
63433 252
63434 252
63435 252
63436 252
63437 252
63438 252
63439 252
63440 252
63441 252
63442 252
63443 252
63444 252
63445 252
63446 252
63447 252
63448 252
63449 252
63450 252
63451 252
63452 252
63453 252
63454 252
63455 252
63456 252
63457 252
63458 252
63459 252
63460 252
63461 252
63462 252
63463 252
63464 252
63465 252
63466 252
63467 252
63468 252
63469 252
63470 252
63471 252
63472 252
63473 252
63474 252
63475 252
63476 252
63477 252
63478 252
63479 252
63480 252
63481 252
63482 252
63483 252
63484 252
63485 252
63486 252
63487 252
63488 252
63489 252
63490 252
63491 252
63492 252
63493 252
63494 252
63495 252
63496 252
63497 252
63498 252
63499 252
63500 252
63501 252
63502 252
63503 252
63504 252
63505 252
63506 252
63507 252
63508 252
63509 252
63510 252
63511 252
63512 252
63513 252
63514 252
63515 252
63516 252
63517 252
63518 252
63519 252
63520 252
63521 252
63522 252
63523 252
63524 252
63525 252
63526 252
63527 252
63528 252
63529 252
63530 252
63531 252
63532 252
63533 252
63534 252
63535 252
63536 252
63537 252
63538 252
63539 252
63540 252
63541 252
63542 252
63543 252
63544 252
63545 252
63546 252
63547 252
63548 252
63549 252
63550 252
63551 252
63552 252
63553 252
63554 252
63555 252
63556 252
63557 252
63558 252
63559 252
63560 252
63561 252
63562 252
63563 252
63564 252
63565 252
63566 252
63567 252
63568 252
63569 252
63570 252
63571 252
63572 252
63573 252
63574 252
63575 252
63576 252
63577 252
63578 252
63579 252
63580 252
63581 252
63582 252
63583 252
63584 252
63585 252
63586 252
63587 252
63588 252
63589 252
63590 252
63591 252
63592 252
63593 252
63594 252
63595 252
63596 252
63597 252
63598 252
63599 252
63600 252
63601 252
63602 252
63603 252
63604 252
63605 252
63606 252
63607 252
63608 252
63609 252
63610 252
63611 252
63612 252
63613 252
63614 252
63615 252
63616 252
63617 252
63618 252
63619 252
63620 252
63621 252
63622 252
63623 252
63624 252
63625 252
63626 252
63627 252
63628 252
63629 252
63630 252
63631 252
63632 252
63633 252
63634 252
63635 252
63636 252
63637 252
63638 252
63639 252
63640 252
63641 252
63642 252
63643 252
63644 252
63645 252
63646 252
63647 252
63648 252
63649 252
63650 252
63651 252
63652 252
63653 252
63654 252
63655 252
63656 252
63657 252
63658 252
63659 252
63660 252
63661 252
63662 252
63663 252
63664 252
63665 252
63666 252
63667 252
63668 252
63669 252
63670 252
63671 252
63672 252
63673 252
63674 252
63675 252
63676 252
63677 252
63678 252
63679 252
63680 252
63681 252
63682 252
63683 252
63684 252
63685 252
63686 252
63687 252
63688 252
63689 252
63690 252
63691 252
63692 252
63693 252
63694 252
63695 252
63696 252
63697 252
63698 252
63699 252
63700 252
63701 252
63702 252
63703 252
63704 252
63705 252
63706 252
63707 252
63708 252
63709 252
63710 252
63711 252
63712 252
63713 252
63714 252
63715 252
63716 252
63717 252
63718 252
63719 252
63720 252
63721 252
63722 252
63723 252
63724 252
63725 252
63726 252
63727 252
63728 252
63729 252
63730 252
63731 252
63732 252
63733 252
63734 252
63735 252
63736 252
63737 252
63738 252
63739 252
63740 252
63741 252
63742 252
63743 252
63744 252
63745 252
63746 252
63747 252
63748 252
63749 252
63750 252
63751 252
63752 252
63753 252
63754 252
63755 252
63756 252
63757 253
63758 253
63759 253
63760 253
63761 253
63762 253
63763 253
63764 253
63765 253
63766 253
63767 253
63768 253
63769 253
63770 253
63771 253
63772 253
63773 253
63774 253
63775 253
63776 253
63777 253
63778 253
63779 253
63780 253
63781 253
63782 253
63783 253
63784 253
63785 253
63786 253
63787 253
63788 253
63789 253
63790 253
63791 253
63792 253
63793 253
63794 253
63795 253
63796 253
63797 253
63798 253
63799 253
63800 253
63801 253
63802 253
63803 253
63804 253
63805 253
63806 253
63807 253
63808 253
63809 253
63810 253
63811 253
63812 253
63813 253
63814 253
63815 253
63816 253
63817 253
63818 253
63819 253
63820 253
63821 253
63822 253
63823 253
63824 253
63825 253
63826 253
63827 253
63828 253
63829 253
63830 253
63831 253
63832 253
63833 253
63834 253
63835 253
63836 253
63837 253
63838 253
63839 253
63840 253
63841 253
63842 253
63843 253
63844 253
63845 253
63846 253
63847 253
63848 253
63849 253
63850 253
63851 253
63852 253
63853 253
63854 253
63855 253
63856 253
63857 253
63858 253
63859 253
63860 253
63861 253
63862 253
63863 253
63864 253
63865 253
63866 253
63867 253
63868 253
63869 253
63870 253
63871 253
63872 253
63873 253
63874 253
63875 253
63876 253
63877 253
63878 253
63879 253
63880 253
63881 253
63882 253
63883 253
63884 253
63885 253
63886 253
63887 253
63888 253
63889 253
63890 253
63891 253
63892 253
63893 253
63894 253
63895 253
63896 253
63897 253
63898 253
63899 253
63900 253
63901 253
63902 253
63903 253
63904 253
63905 253
63906 253
63907 253
63908 253
63909 253
63910 253
63911 253
63912 253
63913 253
63914 253
63915 253
63916 253
63917 253
63918 253
63919 253
63920 253
63921 253
63922 253
63923 253
63924 253
63925 253
63926 253
63927 253
63928 253
63929 253
63930 253
63931 253
63932 253
63933 253
63934 253
63935 253
63936 253
63937 253
63938 253
63939 253
63940 253
63941 253
63942 253
63943 253
63944 253
63945 253
63946 253
63947 253
63948 253
63949 253
63950 253
63951 253
63952 253
63953 253
63954 253
63955 253
63956 253
63957 253
63958 253
63959 253
63960 253
63961 253
63962 253
63963 253
63964 253
63965 253
63966 253
63967 253
63968 253
63969 253
63970 253
63971 253
63972 253
63973 253
63974 253
63975 253
63976 253
63977 253
63978 253
63979 253
63980 253
63981 253
63982 253
63983 253
63984 253
63985 253
63986 253
63987 253
63988 253
63989 253
63990 253
63991 253
63992 253
63993 253
63994 253
63995 253
63996 253
63997 253
63998 253
63999 253
64000 253
64001 253
64002 253
64003 253
64004 253
64005 253
64006 253
64007 253
64008 253
64009 253
64010 253
64011 253
64012 253
64013 253
64014 253
64015 253
64016 253
64017 253
64018 253
64019 253
64020 253
64021 253
64022 253
64023 253
64024 253
64025 253
64026 253
64027 253
64028 253
64029 253
64030 253
64031 253
64032 253
64033 253
64034 253
64035 253
64036 253
64037 253
64038 253
64039 253
64040 253
64041 253
64042 253
64043 253
64044 253
64045 253
64046 253
64047 253
64048 253
64049 253
64050 253
64051 253
64052 253
64053 253
64054 253
64055 253
64056 253
64057 253
64058 253
64059 253
64060 253
64061 253
64062 253
64063 253
64064 253
64065 253
64066 253
64067 253
64068 253
64069 253
64070 253
64071 253
64072 253
64073 253
64074 253
64075 253
64076 253
64077 253
64078 253
64079 253
64080 253
64081 253
64082 253
64083 253
64084 253
64085 253
64086 253
64087 253
64088 253
64089 253
64090 253
64091 253
64092 253
64093 253
64094 253
64095 253
64096 253
64097 253
64098 253
64099 253
64100 253
64101 253
64102 253
64103 253
64104 253
64105 253
64106 253
64107 253
64108 253
64109 253
64110 253
64111 253
64112 253
64113 253
64114 253
64115 253
64116 253
64117 253
64118 253
64119 253
64120 253
64121 253
64122 253
64123 253
64124 253
64125 253
64126 253
64127 253
64128 253
64129 253
64130 253
64131 253
64132 253
64133 253
64134 253
64135 253
64136 253
64137 253
64138 253
64139 253
64140 253
64141 253
64142 253
64143 253
64144 253
64145 253
64146 253
64147 253
64148 253
64149 253
64150 253
64151 253
64152 253
64153 253
64154 253
64155 253
64156 253
64157 253
64158 253
64159 253
64160 253
64161 253
64162 253
64163 253
64164 253
64165 253
64166 253
64167 253
64168 253
64169 253
64170 253
64171 253
64172 253
64173 253
64174 253
64175 253
64176 253
64177 253
64178 253
64179 253
64180 253
64181 253
64182 253
64183 253
64184 253
64185 253
64186 253
64187 253
64188 253
64189 253
64190 253
64191 253
64192 253
64193 253
64194 253
64195 253
64196 253
64197 253
64198 253
64199 253
64200 253
64201 253
64202 253
64203 253
64204 253
64205 253
64206 253
64207 253
64208 253
64209 253
64210 253
64211 253
64212 253
64213 253
64214 253
64215 253
64216 253
64217 253
64218 253
64219 253
64220 253
64221 253
64222 253
64223 253
64224 253
64225 253
64226 253
64227 253
64228 253
64229 253
64230 253
64231 253
64232 253
64233 253
64234 253
64235 253
64236 253
64237 253
64238 253
64239 253
64240 253
64241 253
64242 253
64243 253
64244 253
64245 253
64246 253
64247 253
64248 253
64249 253
64250 253
64251 253
64252 253
64253 253
64254 253
64255 253
64256 253
64257 253
64258 253
64259 253
64260 253
64261 253
64262 253
64263 254
64264 254
64265 254
64266 254
64267 254
64268 254
64269 254
64270 254
64271 254
64272 254
64273 254
64274 254
64275 254
64276 254
64277 254
64278 254
64279 254
64280 254
64281 254
64282 254
64283 254
64284 254
64285 254
64286 254
64287 254
64288 254
64289 254
64290 254
64291 254
64292 254
64293 254
64294 254
64295 254
64296 254
64297 254
64298 254
64299 254
64300 254
64301 254
64302 254
64303 254
64304 254
64305 254
64306 254
64307 254
64308 254
64309 254
64310 254
64311 254
64312 254
64313 254
64314 254
64315 254
64316 254
64317 254
64318 254
64319 254
64320 254
64321 254
64322 254
64323 254
64324 254
64325 254
64326 254
64327 254
64328 254
64329 254
64330 254
64331 254
64332 254
64333 254
64334 254
64335 254
64336 254
64337 254
64338 254
64339 254
64340 254
64341 254
64342 254
64343 254
64344 254
64345 254
64346 254
64347 254
64348 254
64349 254
64350 254
64351 254
64352 254
64353 254
64354 254
64355 254
64356 254
64357 254
64358 254
64359 254
64360 254
64361 254
64362 254
64363 254
64364 254
64365 254
64366 254
64367 254
64368 254
64369 254
64370 254
64371 254
64372 254
64373 254
64374 254
64375 254
64376 254
64377 254
64378 254
64379 254
64380 254
64381 254
64382 254
64383 254
64384 254
64385 254
64386 254
64387 254
64388 254
64389 254
64390 254
64391 254
64392 254
64393 254
64394 254
64395 254
64396 254
64397 254
64398 254
64399 254
64400 254
64401 254
64402 254
64403 254
64404 254
64405 254
64406 254
64407 254
64408 254
64409 254
64410 254
64411 254
64412 254
64413 254
64414 254
64415 254
64416 254
64417 254
64418 254
64419 254
64420 254
64421 254
64422 254
64423 254
64424 254
64425 254
64426 254
64427 254
64428 254
64429 254
64430 254
64431 254
64432 254
64433 254
64434 254
64435 254
64436 254
64437 254
64438 254
64439 254
64440 254
64441 254
64442 254
64443 254
64444 254
64445 254
64446 254
64447 254
64448 254
64449 254
64450 254
64451 254
64452 254
64453 254
64454 254
64455 254
64456 254
64457 254
64458 254
64459 254
64460 254
64461 254
64462 254
64463 254
64464 254
64465 254
64466 254
64467 254
64468 254
64469 254
64470 254
64471 254
64472 254
64473 254
64474 254
64475 254
64476 254
64477 254
64478 254
64479 254
64480 254
64481 254
64482 254
64483 254
64484 254
64485 254
64486 254
64487 254
64488 254
64489 254
64490 254
64491 254
64492 254
64493 254
64494 254
64495 254
64496 254
64497 254
64498 254
64499 254
64500 254
64501 254
64502 254
64503 254
64504 254
64505 254
64506 254
64507 254
64508 254
64509 254
64510 254
64511 254
64512 254
64513 254
64514 254
64515 254
64516 254
64517 254
64518 254
64519 254
64520 254
64521 254
64522 254
64523 254
64524 254
64525 254
64526 254
64527 254
64528 254
64529 254
64530 254
64531 254
64532 254
64533 254
64534 254
64535 254
64536 254
64537 254
64538 254
64539 254
64540 254
64541 254
64542 254
64543 254
64544 254
64545 254
64546 254
64547 254
64548 254
64549 254
64550 254
64551 254
64552 254
64553 254
64554 254
64555 254
64556 254
64557 254
64558 254
64559 254
64560 254
64561 254
64562 254
64563 254
64564 254
64565 254
64566 254
64567 254
64568 254
64569 254
64570 254
64571 254
64572 254
64573 254
64574 254
64575 254
64576 254
64577 254
64578 254
64579 254
64580 254
64581 254
64582 254
64583 254
64584 254
64585 254
64586 254
64587 254
64588 254
64589 254
64590 254
64591 254
64592 254
64593 254
64594 254
64595 254
64596 254
64597 254
64598 254
64599 254
64600 254
64601 254
64602 254
64603 254
64604 254
64605 254
64606 254
64607 254
64608 254
64609 254
64610 254
64611 254
64612 254
64613 254
64614 254
64615 254
64616 254
64617 254
64618 254
64619 254
64620 254
64621 254
64622 254
64623 254
64624 254
64625 254
64626 254
64627 254
64628 254
64629 254
64630 254
64631 254
64632 254
64633 254
64634 254
64635 254
64636 254
64637 254
64638 254
64639 254
64640 254
64641 254
64642 254
64643 254
64644 254
64645 254
64646 254
64647 254
64648 254
64649 254
64650 254
64651 254
64652 254
64653 254
64654 254
64655 254
64656 254
64657 254
64658 254
64659 254
64660 254
64661 254
64662 254
64663 254
64664 254
64665 254
64666 254
64667 254
64668 254
64669 254
64670 254
64671 254
64672 254
64673 254
64674 254
64675 254
64676 254
64677 254
64678 254
64679 254
64680 254
64681 254
64682 254
64683 254
64684 254
64685 254
64686 254
64687 254
64688 254
64689 254
64690 254
64691 254
64692 254
64693 254
64694 254
64695 254
64696 254
64697 254
64698 254
64699 254
64700 254
64701 254
64702 254
64703 254
64704 254
64705 254
64706 254
64707 254
64708 254
64709 254
64710 254
64711 254
64712 254
64713 254
64714 254
64715 254
64716 254
64717 254
64718 254
64719 254
64720 254
64721 254
64722 254
64723 254
64724 254
64725 254
64726 254
64727 254
64728 254
64729 254
64730 254
64731 254
64732 254
64733 254
64734 254
64735 254
64736 254
64737 254
64738 254
64739 254
64740 254
64741 254
64742 254
64743 254
64744 254
64745 254
64746 254
64747 254
64748 254
64749 254
64750 254
64751 254
64752 254
64753 254
64754 254
64755 254
64756 254
64757 254
64758 254
64759 254
64760 254
64761 254
64762 254
64763 254
64764 254
64765 254
64766 254
64767 254
64768 254
64769 254
64770 254
64771 255
64772 255
64773 255
64774 255
64775 255
64776 255
64777 255
64778 255
64779 255
64780 255
64781 255
64782 255
64783 255
64784 255
64785 255
64786 255
64787 255
64788 255
64789 255
64790 255
64791 255
64792 255
64793 255
64794 255
64795 255
64796 255
64797 255
64798 255
64799 255
64800 255
64801 255
64802 255
64803 255
64804 255
64805 255
64806 255
64807 255
64808 255
64809 255
64810 255
64811 255
64812 255
64813 255
64814 255
64815 255
64816 255
64817 255
64818 255
64819 255
64820 255
64821 255
64822 255
64823 255
64824 255
64825 255
64826 255
64827 255
64828 255
64829 255
64830 255
64831 255
64832 255
64833 255
64834 255
64835 255
64836 255
64837 255
64838 255
64839 255
64840 255
64841 255
64842 255
64843 255
64844 255
64845 255
64846 255
64847 255
64848 255
64849 255
64850 255
64851 255
64852 255
64853 255
64854 255
64855 255
64856 255
64857 255
64858 255
64859 255
64860 255
64861 255
64862 255
64863 255
64864 255
64865 255
64866 255
64867 255
64868 255
64869 255
64870 255
64871 255
64872 255
64873 255
64874 255
64875 255
64876 255
64877 255
64878 255
64879 255
64880 255
64881 255
64882 255
64883 255
64884 255
64885 255
64886 255
64887 255
64888 255
64889 255
64890 255
64891 255
64892 255
64893 255
64894 255
64895 255
64896 255
64897 255
64898 255
64899 255
64900 255
64901 255
64902 255
64903 255
64904 255
64905 255
64906 255
64907 255
64908 255
64909 255
64910 255
64911 255
64912 255
64913 255
64914 255
64915 255
64916 255
64917 255
64918 255
64919 255
64920 255
64921 255
64922 255
64923 255
64924 255
64925 255
64926 255
64927 255
64928 255
64929 255
64930 255
64931 255
64932 255
64933 255
64934 255
64935 255
64936 255
64937 255
64938 255
64939 255
64940 255
64941 255
64942 255
64943 255
64944 255
64945 255
64946 255
64947 255
64948 255
64949 255
64950 255
64951 255
64952 255
64953 255
64954 255
64955 255
64956 255
64957 255
64958 255
64959 255
64960 255
64961 255
64962 255
64963 255
64964 255
64965 255
64966 255
64967 255
64968 255
64969 255
64970 255
64971 255
64972 255
64973 255
64974 255
64975 255
64976 255
64977 255
64978 255
64979 255
64980 255
64981 255
64982 255
64983 255
64984 255
64985 255
64986 255
64987 255
64988 255
64989 255
64990 255
64991 255
64992 255
64993 255
64994 255
64995 255
64996 255
64997 255
64998 255
64999 255
65000 255
65001 255
65002 255
65003 255
65004 255
65005 255
65006 255
65007 255
65008 255
65009 255
65010 255
65011 255
65012 255
65013 255
65014 255
65015 255
65016 255
65017 255
65018 255
65019 255
65020 255
65021 255
65022 255
65023 255
65024 255
65025 255
65026 255
65027 255
65028 255
65029 255
65030 255
65031 255
65032 255
65033 255
65034 255
65035 255
65036 255
65037 255
65038 255
65039 255
65040 255
65041 255
65042 255
65043 255
65044 255
65045 255
65046 255
65047 255
65048 255
65049 255
65050 255
65051 255
65052 255
65053 255
65054 255
65055 255
65056 255
65057 255
65058 255
65059 255
65060 255
65061 255
65062 255
65063 255
65064 255
65065 255
65066 255
65067 255
65068 255
65069 255
65070 255
65071 255
65072 255
65073 255
65074 255
65075 255
65076 255
65077 255
65078 255
65079 255
65080 255
65081 255
65082 255
65083 255
65084 255
65085 255
65086 255
65087 255
65088 255
65089 255
65090 255
65091 255
65092 255
65093 255
65094 255
65095 255
65096 255
65097 255
65098 255
65099 255
65100 255
65101 255
65102 255
65103 255
65104 255
65105 255
65106 255
65107 255
65108 255
65109 255
65110 255
65111 255
65112 255
65113 255
65114 255
65115 255
65116 255
65117 255
65118 255
65119 255
65120 255
65121 255
65122 255
65123 255
65124 255
65125 255
65126 255
65127 255
65128 255
65129 255
65130 255
65131 255
65132 255
65133 255
65134 255
65135 255
65136 255
65137 255
65138 255
65139 255
65140 255
65141 255
65142 255
65143 255
65144 255
65145 255
65146 255
65147 255
65148 255
65149 255
65150 255
65151 255
65152 255
65153 255
65154 255
65155 255
65156 255
65157 255
65158 255
65159 255
65160 255
65161 255
65162 255
65163 255
65164 255
65165 255
65166 255
65167 255
65168 255
65169 255
65170 255
65171 255
65172 255
65173 255
65174 255
65175 255
65176 255
65177 255
65178 255
65179 255
65180 255
65181 255
65182 255
65183 255
65184 255
65185 255
65186 255
65187 255
65188 255
65189 255
65190 255
65191 255
65192 255
65193 255
65194 255
65195 255
65196 255
65197 255
65198 255
65199 255
65200 255
65201 255
65202 255
65203 255
65204 255
65205 255
65206 255
65207 255
65208 255
65209 255
65210 255
65211 255
65212 255
65213 255
65214 255
65215 255
65216 255
65217 255
65218 255
65219 255
65220 255
65221 255
65222 255
65223 255
65224 255
65225 255
65226 255
65227 255
65228 255
65229 255
65230 255
65231 255
65232 255
65233 255
65234 255
65235 255
65236 255
65237 255
65238 255
65239 255
65240 255
65241 255
65242 255
65243 255
65244 255
65245 255
65246 255
65247 255
65248 255
65249 255
65250 255
65251 255
65252 255
65253 255
65254 255
65255 255
65256 255
65257 255
65258 255
65259 255
65260 255
65261 255
65262 255
65263 255
65264 255
65265 255
65266 255
65267 255
65268 255
65269 255
65270 255
65271 255
65272 255
65273 255
65274 255
65275 255
65276 255
65277 255
65278 255
65279 255
65280 255
65281 256
65282 256
65283 256
65284 256
65285 256
65286 256
65287 256
65288 256
65289 256
65290 256
65291 256
65292 256
65293 256
65294 256
65295 256
65296 256
65297 256
65298 256
65299 256
65300 256
65301 256
65302 256
65303 256
65304 256
65305 256
65306 256
65307 256
65308 256
65309 256
65310 256
65311 256
65312 256
65313 256
65314 256
65315 256
65316 256
65317 256
65318 256
65319 256
65320 256
65321 256
65322 256
65323 256
65324 256
65325 256
65326 256
65327 256
65328 256
65329 256
65330 256
65331 256
65332 256
65333 256
65334 256
65335 256
65336 256
65337 256
65338 256
65339 256
65340 256
65341 256
65342 256
65343 256
65344 256
65345 256
65346 256
65347 256
65348 256
65349 256
65350 256
65351 256
65352 256
65353 256
65354 256
65355 256
65356 256
65357 256
65358 256
65359 256
65360 256
65361 256
65362 256
65363 256
65364 256
65365 256
65366 256
65367 256
65368 256
65369 256
65370 256
65371 256
65372 256
65373 256
65374 256
65375 256
65376 256
65377 256
65378 256
65379 256
65380 256
65381 256
65382 256
65383 256
65384 256
65385 256
65386 256
65387 256
65388 256
65389 256
65390 256
65391 256
65392 256
65393 256
65394 256
65395 256
65396 256
65397 256
65398 256
65399 256
65400 256
65401 256
65402 256
65403 256
65404 256
65405 256
65406 256
65407 256
65408 256
65409 256
65410 256
65411 256
65412 256
65413 256
65414 256
65415 256
65416 256
65417 256
65418 256
65419 256
65420 256
65421 256
65422 256
65423 256
65424 256
65425 256
65426 256
65427 256
65428 256
65429 256
65430 256
65431 256
65432 256
65433 256
65434 256
65435 256
65436 256
65437 256
65438 256
65439 256
65440 256
65441 256
65442 256
65443 256
65444 256
65445 256
65446 256
65447 256
65448 256
65449 256
65450 256
65451 256
65452 256
65453 256
65454 256
65455 256
65456 256
65457 256
65458 256
65459 256
65460 256
65461 256
65462 256
65463 256
65464 256
65465 256
65466 256
65467 256
65468 256
65469 256
65470 256
65471 256
65472 256
65473 256
65474 256
65475 256
65476 256
65477 256
65478 256
65479 256
65480 256
65481 256
65482 256
65483 256
65484 256
65485 256
65486 256
65487 256
65488 256
65489 256
65490 256
65491 256
65492 256
65493 256
65494 256
65495 256
65496 256
65497 256
65498 256
65499 256
65500 256
65501 256
65502 256
65503 256
65504 256
65505 256
65506 256
65507 256
65508 256
65509 256
65510 256
65511 256
65512 256
65513 256
65514 256
65515 256
65516 256
65517 256
65518 256
65519 256
65520 256
65521 256
65522 256
65523 256
65524 256
65525 256
65526 256
65527 256
65528 256
65529 256
65530 256
65531 256
65532 256
65533 256
65534 256
65535 256
